frame_row,slug,event_slug,resolution,volume,type,primary
14,will-russia-have-its-unsc-permanent-member-status-stripped-by-april-30-2022,will-russia-have-its-unsc-permanent-member-status-stripped-by-april-30-2022,NO,14358.96,other,False
37,will-russia-use-a-nuclear-weapon-before-2023,will-russia-use-a-nuclear-weapon-before-2023,NO,261872.54,nuclear,True
41,will-nato-expand-by-june-30,will-nato-expand-by,YES,29198.55,alliance_arms,False
42,will-nato-expand-by-march-31,will-nato-expand-by,NO,52726.57,alliance_arms,False
45,will-vladimir-putin-remain-president-of-russia-through-june-2023,world-leaders-will-they-remain-in-power-through-june-30,YES,97672.91,leadership,False
46,will-russia-use-a-nuclear-weapon-by-june-30,will-russia-use-a-nuclear-weapon-by-june-30,NO,63118.17,nuclear,False
48,will-ukraine-sever-the-land-bridge-between-crimea-and-russia-before-nov-1,will-ukraine-sever-the-land-bridge-between-crimea-and-russia-before-nov-1,NO,249080.32,strike_escalation,True
49,will-putin-remain-president-of-russia-through-2023,will-putin-remain-president-of-russia-through-2023,YES,546817.86,leadership,False
50,putin-to-remain-president-of-russia-through-monday,putin-to-remain-president-of-russia-through-monday,YES,201968.85,leadership,False
51,russian-coup-putin-vs-wagner,russian-coup-putin-vs-wagner,YES,378391.65,leadership,False
52,will-shoigu-still-be-russian-minister-of-defense-on-july-1,will-shoigu-still-be-russian-minister-of-defense-on-july-1,YES,31454.09,leadership,False
57,will-sweden-join-nato-by-july-12,will-sweden-join-nato-by,NO,97295.92,alliance_arms,False
58,will-sweden-join-nato-by-august-31,will-sweden-join-nato-by,NO,216795.64,alliance_arms,False
59,will-sweden-join-nato-by-october-31,will-sweden-join-nato-by,NO,62247.96,alliance_arms,False
60,will-sweden-join-nato-by-december-31,will-sweden-join-nato-by,NO,16314.83,alliance_arms,False
61,will-russia-ukraine-declare-a-ceasefire-by-eoy,will-russia-ukraine-declare-a-ceasefire-by-eoy,NO,57909.82,ceasefire_peace,False
64,will-zelensky-remain-president-of-ukraine-through-march,will-zelensky-remain-president-of-ukraine-through-march,YES,172813.33,leadership,False
65,ceasefire-between-russia-and-ukraine-by-june,ceasefire-between-russia-and-ukraine-by-june,NO,357703.46,ceasefire_peace,True
66,us-congress-approve-more-ukraine-aid-in-2023,us-congress-approve-more-ukraine-aid-in-2023,NO,107430.87,sanctions_econ,False
67,will-sweden-join-nato-by-january-31,will-sweden-join-nato-by-january-31,NO,44563.58,alliance_arms,False
68,will-ukraine-receive-f-16s-by-end-of-january,will-ukraine-receive-f-16s-by-end-of-january,NO,22396.43,alliance_arms,False
69,will-putin-remain-president-of-russia-through-march,will-putin-remain-president-of-russia-through-march,YES,99623.58,leadership,False
70,will-sweden-join-nato-by-february-29,will-sweden-join-nato-by-february-29,NO,429236.59,alliance_arms,False
71,border-ukraine-aid-deal-by-feb-9,border-ukraine-aid-deal-by-feb-9,NO,75006.53,sanctions_econ,False
72,ukraine-aid-package-in-february,ukraine-aid-package-in-february,NO,146544.38,sanctions_econ,False
73,will-sweden-join-nato-by-march-31,will-sweden-join-nato-by-march-31,YES,59825.94,alliance_arms,False
74,will-biden-declassify-russia-security-threat-by-friday,will-biden-declassify-russia-security-threat-by-friday,YES,16650.61,other,False
75,ukraine-aid-package-by-march-31,ukraine-aid-package-by-march-31,NO,55339.9,sanctions_econ,False
76,natoeu-troops-fighting-in-ukraine-before-july,natoeu-troops-fighting-in-ukraine-before-july,NO,228579.56,strike_escalation,True
77,muslim-group-responsible-for-moscow-terror-attack,muslim-group-responsible-for-moscow-terror-attack,YES,97527.71,strike_escalation,False
78,russia-attack-false-flag,russia-attack-false-flag,NO,25607.68,strike_escalation,False
79,ukraine-responsible-for-russia-attack,ukraine-responsible-for-russia-attack,NO,349784.9,strike_escalation,True
80,will-putin-remain-president-of-russia-through-2024,will-putin-remain-president-of-russia-through-2024,YES,2187634.15316501,leadership,False
81,ukraine-aid-package-in-april,ukraine-aid-package-in-april,YES,54742.14,sanctions_econ,False
82,will-ukraine-join-nato-in-2024,will-ukraine-join-nato-in-2024,NO,2220103.217027,alliance_arms,False
83,will-russia-control-chasiv-yar-on-may-9,will-russia-control-chasiv-yar-on-may-9,NO,25590.15,capture,False
84,will-zelensky-remain-president-of-ukraine-through-september,will-zelensky-remain-president-of-ukraine-through-september,YES,209495.323909,leadership,False
85,ceasefire-between-russia-and-ukraine-before-october,ceasefire-between-russia-and-ukraine-before-october,NO,315612.939817,ceasefire_peace,True
86,will-biden-let-ukraine-strike-russia-with-us-weapons,will-biden-let-ukraine-strike-russia-with-us-weapons,YES,16536.2,strike_escalation,False
87,france-sends-military-trainers-to-ukraine-before-july,france-sends-military-trainers-to-ukraine-before-july,NO,15851.29,other,False
88,crimean-bridge-hit-before-july,crimean-bridge-hit-before-july,NO,17543.81,strike_escalation,False
89,ukraine-election-scheduled-in-2024,ukraine-election-scheduled-in-2024,NO,177779.984517003,leadership,False
90,will-ukraine-take-the-kursk-nuclear-plant-by-aug-31,will-ukraine-take-the-kursk-nuclear-plant-by-aug-31,NO,222163.8,nuclear,True
91,will-ukraine-hold-russian-territory-in-kursk-through-aug-31,will-ukraine-hold-russian-territory-in-kursk-through-aug-31,YES,861569.13,capture,True
92,will-ukraine-hold-kursk-through-october-31,will-ukraine-hold-kursk-through-october-31,YES,2109991.928657,capture,True
93,will-russia-capture-chasiv-yar-before-october,will-russia-capture-chasiv-yar-before-october,NO,137194.990136,capture,True
94,will-russia-capture-toretsk-before-october,will-russia-capture-toretsk-before-october,NO,311893.964674,capture,True
95,will-russia-capture-pokrovsk-before-november,will-russia-capture-pokrovsk-before-november,NO,478989.871447,capture,True
96,urkaine-hits-moscow-by-august-31,urkaine-hits-moscow-by-august-31,YES,214357.74,strike_escalation,True
97,crimean-bridge-hit-before-september,crimean-bridge-hit-before-september,NO,95330.84,strike_escalation,False
98,will-belarus-invade-ukraine-before-october,will-belarus-invade-ukraine-before-october,NO,55180.08775,strike_escalation,False
99,belarus-x-ukraine-military-clash-by-sep-30,belarus-x-ukraine-military-clash-by-sep-30,NO,55669.486525,strike_escalation,False
100,will-ukraine-hold-kursk-through-2024,will-ukraine-hold-kursk-through-2024,YES,2602340.134779,capture,True
101,ukraine-hits-moscow-by-sept-30,ukraine-hits-moscow-by-sept-30,YES,737767.509875,strike_escalation,True
102,crimean-bridge-hit-before-october,crimean-bridge-hit-before-october,NO,80779.368373,strike_escalation,False
103,ukraine-strike-on-moscow-by-september-30,ukraine-strike-on-moscow-by-september-30,NO,145258.103131,strike_escalation,True
104,russia-x-ukraine-ceasefire-in-2024,russia-x-ukraine-ceasefire-in-2024,NO,3514408.215491,ceasefire_peace,True
105,will-zelensky-meet-with-trump-in-september,will-zelensky-meet-with-trump-in-september,YES,194377.293074,diplomacy_meeting,False
106,will-russia-capture-vuhledar-before-october,will-russia-capture-vuhledar-before-october,NO,225474.919925,capture,True
107,crimean-bridge-hit-before-november,crimean-bridge-hit-before-november,NO,35929.410237,strike_escalation,False
108,ukraine-strike-on-moscow-before-november,ukraine-strike-on-moscow-before-november,NO,66319.439019,strike_escalation,False
109,will-ruusia-capture-chasiv-yar-before-december,will-ruusia-capture-chasiv-yar-before-december,NO,1103397.302881,capture,True
110,will-russia-capture-siversk-before-december,will-russia-capture-siversk-before-december,NO,217337.397144,capture,True
111,will-russia-capture-kurakhove-before-december,will-russia-capture-kurakhove-before-december,NO,2298870.897381,capture,True
112,will-russia-recapture-sudzha-before-december,will-russia-recapture-sudzha-before-december,NO,609294.772643,capture,True
113,trump-wins-ends-ukraine-war-in-90-days,trump-wins-ends-ukraine-war-in-90-days,NO,56491984.2956951,ceasefire_peace,True
114,will-russia-capture-pokrovsk-in-2024,will-russia-capture-pokrovsk-in-2024,NO,1180651.879774,capture,True
115,trump-ends-ukraine-war-before-inauguration,trump-ends-ukraine-war-before-inauguration,NO,5108186.946428,ceasefire_peace,True
116,crimean-bridge-before-2025,crimean-bridge-before-2025,NO,93401.6025639999,strike_escalation,False
117,ukraine-hits-moscow-before-2025,ukraine-hits-moscow-before-2025,NO,231676.820093,strike_escalation,True
118,will-russia-use-a-nuclear-weapon-in-2024,will-russia-use-a-nuclear-weapon-in-2024,NO,2363771.36266293,nuclear,True
119,nato-article-5-before-march,nato-article-5-before-march,NO,738482.805531,strike_escalation,True
120,will-putin-meet-with-trump-by-first-100-days,will-putin-meet-with-trump-by-first-100-days,NO,6796181.626846,diplomacy_meeting,False
121,will-ukraine-join-nato-before-july,will-ukraine-join-nato-before-july,NO,148817.631713,alliance_arms,False
122,will-putin-remain-president-of-russia-through-june-2025,will-putin-remain-president-of-russia-through-june-2025,YES,1098391.834422,leadership,False
123,will-us-leave-nato-by-june-30,will-us-leave-nato-by-june-30,NO,622057.522977,alliance_arms,False
124,ukraine-joins-nato-in-2025,ukraine-joins-nato-in-2025,NO,245327.51675,alliance_arms,False
125,russia-x-ukraine-ceasefire-in-2025,russia-x-ukraine-ceasefire-in-2025,NO,73752993.267722,ceasefire_peace,True
126,putin-out-as-president-of-russia-in-2025,putin-out-as-president-of-russia-in-2025,NO,2658917.538404,leadership,False
127,ukraine-agrees-to-resume-russian-natural-gas-transit-in-january,ukraine-agrees-to-resume-russian-natural-gas-transit-in-january,NO,172648.806471,sanctions_econ,False
128,russia-x-ukraine-ceasefire-by-february-1,russia-x-ukraine-ceasefire-by-february-1,NO,1360389.655944,ceasefire_peace,True
129,zelenskyy-out-as-ukraine-president-before-july,zelenskyy-out-as-ukraine-president-before-july,NO,3541319.915162,leadership,False
130,will-trump-sanction-russia,will-trump-sanction-russia,NO,394677.321372,sanctions_econ,False
131,russia-x-ukraine-ceasefire-before-july,russia-x-ukraine-ceasefire-before-july,NO,17125742.5248,ceasefire_peace,True
132,will-donald-trump-visit-russia-in-2025,which-countries-will-donald-trump-visit-in-2025,NO,986854.873282,diplomacy_meeting,False
133,will-donald-trump-visit-ukraine-in-2025,which-countries-will-donald-trump-visit-in-2025,NO,79206.386456,diplomacy_meeting,False
134,will-donald-trump-visit-belarus-in-2025,which-countries-will-donald-trump-visit-in-2025,NO,80969.717111,diplomacy_meeting,False
135,ukraine-lowers-conscrption-age-before-may-9,ukraine-lowers-conscrption-age-before-may-9,NO,206610.641303,other,False
136,will-trump-meet-with-volodymyr-zelenskyy-in-his-first-100-days,who-will-trump-meet-with-in-first-100-days,YES,541368.592052,diplomacy_meeting,False
137,will-russia-capture-pokrovsk-by-march-31,will-russia-capture-pokrovsk-by,NO,227697.921172,capture,True
138,will-russia-capture-pokrovsk-by-june-30,will-russia-capture-pokrovsk-by,NO,577005.485231,capture,True
139,will-russia-capture-pokrovsk-by-december-31-531,will-russia-capture-pokrovsk-by,YES,958806.306985,capture,True
140,will-russia-capture-pokrovsk-by-august-31,will-russia-capture-pokrovsk-by,YES,1797521.530595,capture,True
141,will-russia-capture-pokrovsk-by-october-31-261,will-russia-capture-pokrovsk-by,YES,405545.868786,capture,True
142,will-russia-capture-siversk-before-may,will-russia-capture-siversk-before-may,NO,121791.363829,capture,True
143,will-russia-recapture-sudzha-by-february-28,will-russia-recapture-sudzha-by,NO,112377.455159,capture,True
144,will-russia-recapture-sudzha-by-april-30,will-russia-recapture-sudzha-by,YES,302652.40591,capture,True
145,will-russia-recapture-sudzha-by-june-30,will-russia-recapture-sudzha-by,YES,80628.548248,capture,False
146,will-russia-recapture-sudzha-by-march-31,will-russia-recapture-sudzha-by,YES,452812.374945,capture,True
147,natoeu-troops-fighting-in-ukraine-in-2025,natoeu-troops-fighting-in-ukraine-in-2025,NO,170793.703881,strike_escalation,True
149,natoeu-troops-fighting-in-ukraine-in-june-30-2026,natoeu-troops-fighting-in-ukraine-in-2025,NO,157750.9510860001,strike_escalation,True
150,ukraine-agrees-to-give-trump-rare-earth-metals-before-april,ukraine-agrees-to-give-trump-rare-earth-metals-before-april,YES,7079947.244644,ceasefire_peace,True
151,will-russia-capture-territory-in-dnipro-oblast-by-february-28,will-russia-capture-territory-in-dnipro-oblast-by,NO,99988.142804,capture,False
152,will-russia-capture-territory-in-dnipro-oblast-by-april-30,will-russia-capture-territory-in-dnipro-oblast-by,NO,439844.442776,capture,True
153,will-russia-capture-territory-in-dnipropetrovsk-oblast-by-may-31,will-russia-capture-territory-in-dnipro-oblast-by,NO,204144.81068,capture,True
154,will-russia-capture-territory-in-dnipropetrovsk-oblast-by-june-30,will-russia-capture-territory-in-dnipro-oblast-by,YES,358579.254543,capture,True
155,ukraine-agrees-not-to-join-nato-before-july,ukraine-agrees-not-to-join-nato-before-july,NO,1643257.827825,alliance_arms,False
156,ukraine-recognizes-russian-sovereignty-over-ukrainian-territory-in-2025,ukraine-recognizes-russian-sovereignty-over-ukrainian-territory-in-2025,NO,2130098.430134,ceasefire_peace,True
157,ukraine-recognizes-russian-sovereignty-over-its-territory-by-june-30-2026,ukraine-recognizes-russian-sovereignty-over-ukrainian-territory-in-2025,NO,426895.0469460005,ceasefire_peace,True
159,will-trump-meet-with-volodymyr-zelenskyy-by-next-friday,will-trump-meet-with-volodymyr-zelenskyy-by-next-friday,NO,76700.573169,diplomacy_meeting,False
160,will-trump-meet-with-putin-or-zelenskyy-first,will-trump-meet-with-putin-or-zelenskyy-first,NO,465247.688699,diplomacy_meeting,False
161,will-russia-capture-kupiansk-by-april-30,will-russia-capture-kupiansk-by,NO,65384.620266,capture,False
162,will-russia-capture-kupiansk-by-august-31-961-273,will-russia-capture-kupiansk-by,NO,830318.639654,capture,True
163,will-russia-capture-kupiansk-by-december-31-391-746-177,will-russia-capture-kupiansk-by,YES,1555128.092628,capture,True
164,will-russia-capture-kupiansk-by-october-31-984,will-russia-capture-kupiansk-by,YES,1918602.087334,capture,True
165,will-russia-capture-kupiansk-by-september-30-582-656,will-russia-capture-kupiansk-by,NO,494718.513188,capture,True
166,will-russia-capture-kupiansk-by-november-30,will-russia-capture-kupiansk-by,YES,214916.894789,capture,True
167,trump-putin-and-zelensky-seen-together-before-july,trump-putin-and-zelensky-seen-together-before-july,NO,508371.069569,diplomacy_meeting,False
168,will-trump-visit-russia-in-first-100-days,will-trump-visit-russia-in-first-100-days,NO,735454.119765,diplomacy_meeting,False
169,will-putin-visit-the-us-before-july,will-putin-visit-the-us-before-july,NO,141775.399659,diplomacy_meeting,False
170,will-ukraine-agree-to-give-up-russian-territory-in-kursk,will-ukraine-agree-to-give-up-russian-territory-in-kursk,NO,504727.491514,ceasefire_peace,True
171,will-russia-rejoin-the-g7-in-2025,will-russia-rejoin-the-g7-in-2025,NO,209961.506236,other,False
172,will-any-country-leave-nato-in-2025,will-any-country-leave-nato-in-2025,NO,277041.272422,alliance_arms,False
173,will-any-country-leave-nato-by-june-30-2026,will-any-country-leave-nato-in-2025,NO,741070.409640002,alliance_arms,False
175,ukraine-election-called-in-2025,ukraine-election-called-in-2025,NO,982716.694339,leadership,False
177,ukraine-election-called-by-august-31-2026,ukraine-election-called-in-2025,NO,210858.077646,leadership,False
178,ukraine-election-called-by-june-30-2026-392,ukraine-election-called-in-2025,NO,296494.7941559996,leadership,False
179,ukraine-election-called-by-march-31-2026,ukraine-election-called-in-2025,NO,269086.3224699994,leadership,False
180,ukraine-election-held-in-2025,ukraine-election-held-in-2025,NO,1589428.067032,leadership,False
181,ukraine-election-held-by-june-30-2026-465-757,ukraine-election-held-in-2025,NO,671863.6060719995,leadership,False
183,will-the-us-recognize-russian-sovereignty-over-crimea-in-2025,will-the-us-recognize-russian-sovereignty-over-crimea-in-2025,NO,801266.380276,ceasefire_peace,True
184,will-putin-meet-with-trump-in-february,will-putin-meet-with-trump-in-february,NO,207573.762997,diplomacy_meeting,False
185,will-doge-audit-ukraine-aid-before-may,will-doge-audit-ukraine-aid-before-may,NO,843458.400258,sanctions_econ,False
186,will-trump-meet-with-volodymyr-zelenskyy-before-july,will-trump-meet-with-volodymyr-zelenskyy-before-july,YES,183568.45293,diplomacy_meeting,False
187,will-trump-meet-with-volodymyr-zelenskyy-in-2025,who-will-trump-meet-with-in-2025,YES,129300.49074,diplomacy_meeting,False
188,will-trump-meet-with-vladimir-putin-in-2025,who-will-trump-meet-with-in-2025,YES,471641.4171,diplomacy_meeting,False
189,will-trump-meet-with-aleksandr-lukashenko-in-2025,who-will-trump-meet-with-in-2025,NO,53741.652177,diplomacy_meeting,False
190,will-russia-capture-yunakivka-before-april,will-russia-capture-yunakivka-before-april,NO,120713.280213,capture,True
191,us-recognizes-russian-sovereignty-over-ukraine,us-recognizes-russian-sovereignty-over-ukraine,NO,1238681.423725,ceasefire_peace,True
192,us-lifts-russia-sanctions-before-april,us-lifts-russia-sanctions-before-april,NO,315785.626562,sanctions_econ,False
193,will-trump-visit-russia-before-july,will-trump-visit-russia-before-july,NO,324865.427332,diplomacy_meeting,False
194,will-trump-withdraw-the-us-from-nato-in-2025,will-trump-withdraw-the-us-from-nato-in-2025,NO,228935.133447,alliance_arms,False
195,will-the-us-sanction-ukraine-before-april,will-the-us-sanction-ukraine-before-april,NO,82810.752088,sanctions_econ,False
196,will-ukraine-agree-to-payback-us-aid-before-july,will-ukraine-agree-to-payback-us-aid-before-july,YES,1529637.779795,sanctions_econ,False
197,will-trump-visit-russia-by-may-9,will-trump-visit-russia-by-may-9,NO,1143264.619709,other,False
198,will-trump-cut-ukraine-off-from-starlink,will-trump-cut-ukraine-off-from-starlink,NO,252743.445214,other,False
199,zelensky-resigns-in-2025,zelensky-resigns-in-2025,NO,639799.279247,leadership,False
200,will-trump-meet-with-zelenskyy-by-friday,will-trump-meet-with-zelenskyy-by-friday,YES,330198.81385,diplomacy_meeting,False
201,trump-agrees-to-send-us-peacekeeping-force-to-ukraine,trump-agrees-to-send-us-peacekeeping-force-to-ukraine,NO,96453.374455,ceasefire_peace,False
202,ukraine-agrees-to-trump-mineral-deal-by-friday,ukraine-agrees-to-trump-mineral-deal-by-friday,NO,360976.174776,ceasefire_peace,True
203,trump-meets-with-zelenskyy-in-march,trump-meets-with-zelenskyy-in-march,NO,341877.570084,diplomacy_meeting,False
204,trump-cuts-ukraine-aid-before-april,trump-cuts-ukraine-aid-before-april,YES,60067.961274,sanctions_econ,False
205,will-trump-administration-announces-end-of-ukraine-aid-by-next-friday,will-trump-administration-announces-end-of-ukraine-aid-by-next-friday,YES,5885980.871932,sanctions_econ,False
206,trump-severs-ties-with-ukraine-before-may,trump-severs-ties-with-ukraine-before-may,NO,140572.146211,other,False
207,trump-announces-cutting-all-aid-to-ukraine-aid-before-april,trump-announces-cutting-all-aid-to-ukraine-aid-before-april,YES,968146.857798,sanctions_econ,False
208,trump-ends-all-military-aid-to-ukraine-before-april,trump-ends-all-military-aid-to-ukraine-before-april,YES,119091.78612,sanctions_econ,False
209,zelenskyy-impeached-before-july,zelenskyy-impeached-before-july,NO,101958.263551,leadership,False
210,seaair-ceasefire-in-ukraine-before-may,seaair-ceasefire-in-ukraine-before-may,YES,1547772.010237,ceasefire_peace,True
211,ukraine-agrees-to-trump-mineral-deal-today,ukraine-agrees-to-trump-mineral-deal-today,NO,91860.148418,ceasefire_peace,False
212,will-trump-sign-mineral-deal-without-zelenskyy-apology,will-trump-sign-mineral-deal-without-zelenskyy-apology,YES,973016.213858,ceasefire_peace,True
213,will-trump-deport-ukrainians-before-may,will-trump-deport-ukrainians-before-may,NO,37620.10528,other,False
214,us-announces-resumption-of-direct-flights-to-russia-before-may,us-announces-resumption-of-direct-flights-to-russia-before-may,NO,22139.902349,other,False
215,will-trump-meet-with-putin-in-saudi-arabia-before-june,will-trump-meet-with-putin-in-saudi-arabia-before-june,NO,1219774.204101,diplomacy_meeting,False
216,will-the-us-sanction-russia-before-may,will-the-us-sanction-russia-before-may,YES,62934.400328,sanctions_econ,False
217,will-ukraine-agree-to-give-up-the-rest-of-donbas,will-ukraine-agree-to-give-up-the-rest-of-donbas,NO,593231.250464,ceasefire_peace,True
218,eunato-country-announces-peacekeeping-force-in-ukraine,eunato-country-announces-peacekeeping-force-in-ukraine,NO,133019.206562,ceasefire_peace,True
219,will-ukraine-take-responsibility-for-x-attack-by-friday,will-ukraine-take-responsibility-for-x-attack-by-friday,NO,118174.995776,strike_escalation,True
220,will-ukraine-agree-to-cede-territory-to-russia,will-ukraine-agree-to-cede-territory-to-russia,NO,1908688.199133,ceasefire_peace,True
221,trump-admin-announces-resumption-of-military-aid-to-ukraine-in-march,trump-admin-announces-resumption-of-military-aid-to-ukraine-in-march,YES,12025.035627,sanctions_econ,False
222,russia-x-ukraine-ceasefire-by-friday,russia-x-ukraine-ceasefire-by-friday,NO,2309321.324366,ceasefire_peace,True
223,will-volodymyr-zelenskyy-be-the-first-leader-out-in-2025,first-leader-out-of-power-in-2025,NO,1645702.005711,leadership,False
224,will-vladimir-putin-be-the-first-leader-out-in-2025,first-leader-out-of-power-in-2025,NO,1782662.475384,leadership,False
225,russia-x-ukraine-ceasefire-by-next-friday-mar-21,russia-x-ukraine-ceasefire-by-next-friday-mar-21,NO,5570175.617364,ceasefire_peace,True
226,russia-x-ukraine-ceasefire-in-march,russia-x-ukraine-ceasefire-in-march,NO,1488182.343965,ceasefire_peace,True
227,energy-infrastructure-ceasefire-in-ukraine-in-march,energy-infrastructure-ceasefire-in-ukraine-in-march,YES,5748304.618242,ceasefire_peace,True
228,trump-ends-all-military-aid-to-ukraine-before-april-3-18,trump-ends-all-military-aid-to-ukraine-before-april-3-18,NO,118881.38198,sanctions_econ,False
229,another-trump-x-putin-talk-in-march,another-trump-x-putin-talk-in-march,NO,88517.469191,diplomacy_meeting,False
230,trump-announces-the-us-is-giving-up-nato-command-before-may,trump-announces-the-us-is-giving-up-nato-command-before-may,NO,191764.443348,alliance_arms,False
231,will-ukraine-agree-to-trump-nuclear-plant-deal-before-july,will-ukraine-agree-to-trump-nuclear-plant-deal-before-july,NO,67092.542703,nuclear,False
232,will-ukraine-control-demidovka-on-march-31,will-ukraine-control-demidovka-on-march-31,NO,90418.048045,capture,False
233,will-ukraine-control-grafovka-on-march-31,will-ukraine-control-grafovka-on-march-31,NO,14163.04721,capture,False
234,will-russia-capture-yunakivka-before-may,will-russia-capture-yunakivka-before-may,NO,92065.243286,capture,False
235,will-trump-increase-sanctions-on-russia-before-june,will-trump-increase-sanctions-on-russia-before-june,NO,564665.050523,sanctions_econ,False
236,trump-x-ukraine-mineral-deal-signed-before-may,trump-x-ukraine-mineral-deal-signed-before-may,YES,6833523.777216,ceasefire_peace,True
237,will-trump-meet-with-zelenskyy-in-april,will-trump-meet-with-zelenskyy-in-april,YES,128570.822768,diplomacy_meeting,False
238,will-russia-capture-yunakivka-before-june,will-russia-capture-yunakivka-before-june,NO,116572.780524,capture,True
239,trump-x-putin-talk-by-next-friday,trump-x-putin-talk-by-next-friday,NO,27220.887539,diplomacy_meeting,False
240,north-korean-soldier-caught-in-ukraine-before-may,north-korean-soldier-caught-in-ukraine-before-may,NO,15019.580407,other,False
242,russia-x-ukraine-ceasefire-before-october,russia-x-ukraine-ceasefire-before-october,NO,8775890.64125,ceasefire_peace,True
243,will-trump-meet-with-zelenskyy-before-june,will-trump-meet-with-zelenskyy-before-june,YES,224573.130012,diplomacy_meeting,False
244,will-russia-capture-siversk-before-september,will-russia-capture-siversk-before-september,NO,798739.343528,capture,True
245,will-putin-meet-with-trump-before-july,will-putin-meet-with-trump-before-july,NO,252309.600558,diplomacy_meeting,False
246,will-russia-capture-mala-tokmacka-in-april,will-russia-capture-mala-tokmacka-in-april,NO,26871.751757,capture,False
247,will-putin-meet-with-zelenskyy-before-july,will-putin-meet-with-zelenskyy-before-july,NO,2387755.338042,diplomacy_meeting,False
248,will-trump-pull-out-of-russia-x-ukraine-negotiations-before-june,will-trump-pull-out-of-russia-x-ukraine-negotiations-before-june,NO,422744.38938,diplomacy_meeting,False
249,russia-x-ukraine-ceasefire-before-june,russia-x-ukraine-ceasefire-before-june,NO,7157114.275138,ceasefire_peace,True
250,trump-x-ukraine-mineral-deal-signed-before-june,trump-x-ukraine-mineral-deal-signed-before-june,YES,424555.299807,ceasefire_peace,True
251,will-putin-meet-with-zelenskyy-by-friday,will-putin-meet-with-zelenskyy-by-friday,NO,933283.97994,diplomacy_meeting,False
252,will-eu-increase-sanctions-on-russia-before-july,will-eu-increase-sanctions-on-russia-before-july,YES,62552.175205,alliance_arms,False
253,trump-exits-russia-x-ukraine-negotiations-before-july,trump-exits-russia-x-ukraine-negotiations-before-july,NO,160767.308574,diplomacy_meeting,False
254,will-the-vatican-host-russia-ukraine-peace-talks,will-the-vatican-host-russia-ukraine-peace-talks,NO,236348.720672,ceasefire_peace,True
255,will-putin-meet-with-zelenskyy-in-2025,will-putin-meet-with-zelenskyy-in-2025,NO,3149483.292259,diplomacy_meeting,False
256,russia-x-ukraine-prisoner-swap-before-july,russia-x-ukraine-prisoner-swap-before-july,YES,35289.137687,diplomacy_meeting,False
257,will-russia-capture-kostyantynivka-by-may-31,will-russia-capture-kostyantynivka-by,NO,69850.68151500002,capture,False
258,will-russia-capture-kostyantynivka-by-september-30-256-333-352,will-russia-capture-kostyantynivka-by,YES,709222.918464,capture,True
259,will-russia-capture-kostyantynivka-by-august-31,will-russia-capture-kostyantynivka-by,NO,820505.02216,capture,True
260,will-russia-capture-kostyantynivka-by-december-31-266-839-138,will-russia-capture-kostyantynivka-by,NO,1307057.244169,capture,True
261,will-russia-capture-kostyantynivka-by-october-31-788,will-russia-capture-kostyantynivka-by,NO,701057.717926,capture,True
262,will-russia-capture-kostyantynivka-by-july-31,will-russia-capture-kostyantynivka-by,NO,290496.079441,capture,True
263,will-russia-capture-kostyantynivka-by-september-30-111,will-russia-capture-kostyantynivka-by,NO,163807.773962,capture,True
264,will-russia-capture-kostyantynivka-by-august-31-1-893-748,will-russia-capture-kostyantynivka-by,YES,505499.3292200002,capture,True
266,will-russia-capture-kostyantynivka-by-august-15,will-russia-capture-kostyantynivka-by,NO,38438.54403499999,capture,False
267,will-russia-capture-kostyantynivka-by-november-30,will-russia-capture-kostyantynivka-by,NO,229509.128995,capture,True
268,will-russia-capture-kostyantynivka-by-march-31-872-578,will-russia-capture-kostyantynivka-by,NO,965800.9519230044,capture,True
269,will-russia-capture-kostyantynivka-by-december-31-2026-936-942-271-276-578-687-312-238-912,will-russia-capture-kostyantynivka-by,YES,2284319.642030001,capture,True
270,will-russia-capture-kostyantynivka-by-january-31,will-russia-capture-kostyantynivka-by,NO,496558.346575,capture,True
271,will-russia-capture-kostyantynivka-by-february-28,will-russia-capture-kostyantynivka-by,NO,486173.461815,capture,True
272,will-russia-capture-kostyantynivka-by-june-30-382-954-769,will-russia-capture-kostyantynivka-by,NO,749472.3860839956,capture,True
273,will-russia-capture-kostyantynivka-by-april-30,will-russia-capture-kostyantynivka-by,NO,223820.871665,capture,True
274,will-trump-increase-sanctions-on-russia-before-july,will-trump-increase-sanctions-on-russia-before-july,NO,286700.924247,sanctions_econ,False
275,trump-x-putin-talk-before-july,trump-x-putin-talk-before-july,YES,69253.145709,diplomacy_meeting,False
276,nato-article-5-in-2025-763,nato-article-5-in-2025-763,NO,299461.748779,strike_escalation,True
277,will-russia-capture-mykolaivka-before-july,will-russia-capture-mykolaivka-before-july,NO,41402.212965,capture,False
278,will-russia-capture-yablunivka-before-july,will-russia-capture-yablunivka-before-july,NO,255684.0179,capture,True
279,will-russia-capture-udachne-before-july,will-russia-capture-udachne-before-july,NO,59822.138576,capture,False
280,will-russia-invade-finland-in-2025,will-russia-invade-finland-in-2025,NO,199993.784886,strike_escalation,True
281,us-x-russia-military-clash-by-december-31,us-x-russia-military-clash-by,NO,417000.888679,strike_escalation,True
282,us-x-russia-military-clash-by-june-30-2026-249,us-x-russia-military-clash-by,NO,200032.4597250006,strike_escalation,True
284,us-x-russia-military-clash-by-january-31-2026-416,us-x-russia-military-clash-by,NO,106196.260744,strike_escalation,True
285,will-russia-invade-a-nato-country-in-2025,will-russia-invade-a-nato-country-in-2025,NO,1449791.54944,strike_escalation,True
287,will-russia-invade-a-nato-country-by-june-30-2026,will-russia-invade-a-nato-country-in-2025,NO,3653052.286168989,strike_escalation,True
289,will-russia-capture-yunakivka-before-july,will-russia-capture-yunakivka-before-july,NO,368993.234491,capture,True
290,russia-x-ukraine-prisoner-exchange-by-june-15,russia-x-ukraine-prisoner-exchange-by-june-15,YES,198743.18396,diplomacy_meeting,False
291,will-russia-capture-khotin-before-july,will-russia-capture-khotin-before-july,NO,93507.107348,capture,False
292,will-russia-capture-sumy-before-october,will-russia-capture-sumy-before-october,NO,381269.57535,capture,True
293,will-russia-capture-sumy-by-december-31,will-russia-capture-sumy-before-october,NO,41883.223423,capture,False
295,zelenskyy-x-putin-talk-before-july,zelenskyy-x-putin-talk-before-july,NO,142792.814763,diplomacy_meeting,False
296,will-trump-talk-to-putin-before-july,will-trump-talk-to-putin-before-july,NO,122107.875533,diplomacy_meeting,False
297,trump-x-zelenskyy-talk-before-july,trump-x-zelenskyy-talk-before-july,YES,90848.671939,diplomacy_meeting,False
298,will-putin-meet-with-zelenskyy-before-august,will-putin-meet-with-zelenskyy-before-august,NO,214318.522558,diplomacy_meeting,False
299,will-russia-capture-yablunivka-before-august,will-russia-capture-yablunivka-before-august,YES,285963.558516,capture,True
300,will-trump-attend-nato-summit,will-trump-attend-nato-summit,YES,72320.289854,alliance_arms,False
301,will-russia-capture-khotin-before-august,will-russia-capture-khotin-before-august,NO,48119.770837,capture,False
302,will-russia-capture-udachne-before-august,will-russia-capture-udachne-before-august,NO,175383.849433,capture,True
303,will-putin-meet-with-trump-before-october,will-putin-meet-with-trump-before-october,YES,502934.105016,diplomacy_meeting,False
304,will-russia-capture-yunakivka-before-august,will-russia-capture-yunakivka-before-august,NO,290339.320585,capture,True
305,will-trump-increase-sanctions-on-russia-before-august,will-trump-increase-sanctions-on-russia-before-august,NO,686835.999031,sanctions_econ,False
306,will-trump-meet-with-zelenskyy-before-august,will-trump-meet-with-zelenskyy-before-august,NO,37445.560039,diplomacy_meeting,False
307,trump-x-zelenskyy-talk-before-august,trump-x-zelenskyy-talk-before-august,YES,22649.063481,diplomacy_meeting,False
308,trump-x-putin-talk-before-august,trump-x-putin-talk-before-august,YES,51473.029502,diplomacy_meeting,False
310,putin-out-as-president-of-russia-by-july-31-2026,putin-out-before-2027,NO,274685.321835,leadership,False
311,putin-out-as-president-of-russia-by-august-31-2026,putin-out-before-2027,NO,1079267.556315,leadership,False
312,putin-out-as-president-of-russia-by-september-30-2026,putin-out-before-2027,NO,1955935.354789,leadership,False
315,zelenskyy-out-as-ukraine-president-by-october-31,zelenskyy-out-as-ukraine-president-by-october-31,NO,1184683.552541,leadership,False
316,ukraine-hits-moscow-by-july-31,ukraine-hits-moscow-by-july-31,NO,330859.0402,strike_escalation,True
317,will-trump-increase-sanctions-on-russia-by-september-15,will-trump-increase-sanctions-on-russia-by-september-15,YES,181377.104149,sanctions_econ,False
318,trump-x-putin-talk-before-august-795,trump-x-putin-talk-before-august-795,NO,51604.157038,diplomacy_meeting,False
319,will-russia-capture-slovainsk-in-2025,will-russia-capture-slovainsk-in-2025,NO,442404.594803,capture,True
320,will-russia-capture-novopavlivka-by-august-31,will-russia-capture-novopavlivka-by-august-31,NO,264459.039321,capture,True
321,will-russia-capture-rodynske-by-august-31,will-russia-capture-rodynske-by-august-31,NO,471024.387734,capture,True
322,will-russia-capture-dorozhnje-by-august-31,will-russia-capture-dorozhnje-by-august-31,NO,298672.537187,capture,True
323,will-russia-capture-lyman-by-may-31-2026,will-russia-capture-lyman-in-2025,NO,105223.2667040001,capture,True
324,will-russia-capture-lyman-in-2025-816,will-russia-capture-lyman-in-2025,NO,764798.497059,capture,True
325,will-russia-capture-lyman-by-september-30-2026,will-russia-capture-lyman-in-2025,NO,133970.148179,capture,True
326,will-russia-capture-lyman-by-november-30-884,will-russia-capture-lyman-in-2025,NO,142123.928318,capture,True
327,will-russia-capture-lyman-by-january-31-2026,will-russia-capture-lyman-in-2025,NO,72028.870016,capture,False
328,will-russia-capture-lyman-by-march-31-2026-494,will-russia-capture-lyman-in-2025,NO,696079.1087190022,capture,True
329,will-russia-capture-lyman-by-february-28-2026,will-russia-capture-lyman-in-2025,NO,86118.977367,capture,False
330,will-russia-capture-lyman-by-june-30-2026-413,will-russia-capture-lyman-in-2025,NO,354806.1242729992,capture,True
332,will-russia-capture-lyman-by-april-30-2026,will-russia-capture-lyman-in-2025,NO,198646.6841310002,capture,True
333,more-eu-sanctions-on-russia-by-august-31,more-eu-sanctions-on-russia-by-august-31,NO,33084.790306,alliance_arms,False
334,ukraine-hits-moscow-by-august-31,ukraine-hits-moscow-by-august-31,NO,80865.331022,strike_escalation,False
335,will-russia-capture-udachne-by-august-31,will-russia-capture-udachne-by-august-31,YES,86903.652944,capture,False
336,russia-x-ukraine-ceasefire-before-2027,russia-x-ukraine-ceasefire-before-2027,YES,14502613.98548298,ceasefire_peace,True
338,arch-will-russia-capture-myrnohard-by-september-30,arch-will-russia-capture-myrnohard-by-september-30,NO,238598.059036,capture,True
339,will-russia-capture-myrnohard-by-october-31,arch-will-russia-capture-myrnohard-by-september-30,NO,231505.537413,capture,True
340,will-russia-capture-myrnohard-by-december-31-368-388-756-464-823-545,arch-will-russia-capture-myrnohard-by-september-30,YES,355311.843209,capture,True
341,will-russia-capture-myrnohard-by-november-30-147-724-647-448-955,arch-will-russia-capture-myrnohard-by-september-30,YES,277741.076927,capture,True
342,will-russia-capture-myrnohard-by-november-7,arch-will-russia-capture-myrnohard-by-september-30,NO,63268.642483,capture,False
343,will-russia-capture-myrnohard-by-november-15,arch-will-russia-capture-myrnohard-by-september-30,YES,207629.652417,capture,True
345,will-austria-join-nato-by-december-31,will-austria-join-nato-by-december-31,NO,1062779.359472,alliance_arms,False
346,will-putin-meet-with-zelenskyy-by-august-31,will-putin-meet-with-zelenskyy-by-august-31,NO,2975900.084239,diplomacy_meeting,False
347,will-trump-meet-with-volodymyr-zelenskyy-in-august,who-will-trump-meet-with-in-august,YES,532037.405049,diplomacy_meeting,False
348,will-trump-meet-with-vladimir-putin-in-august,who-will-trump-meet-with-in-august,YES,1717461.94032,diplomacy_meeting,False
349,will-trump-talk-to-volodymyr-zelenskyy-in-august,who-will-trump-talk-to-in-august,YES,15012.107815,diplomacy_meeting,False
350,will-trump-talk-to-vladimir-putin-in-august,who-will-trump-talk-to-in-august,YES,84443.969591,diplomacy_meeting,False
351,russia-coup-attempt-in-2025,russia-coup-attempt-in-2025,NO,142765.677207,leadership,False
352,will-trump-increase-sanctions-on-russia-by-august-15,will-trump-increase-sanctions-on-russia-by-august-15,YES,38772.334103,sanctions_econ,False
353,will-russia-capture-ivanopillya-by-september-30,will-russia-capture-ivanopillya-by-september-30,NO,65246.820493,capture,False
354,will-russia-capture-ivanopillya-by-october-31,will-russia-capture-ivanopillya-by-september-30,NO,58255.618307,capture,False
355,will-russia-capture-ivanopillya-by-november-30,will-russia-capture-ivanopillya-by-september-30,YES,96056.66973,capture,False
356,will-russia-capture-stepanivka-by-september-30,will-russia-capture-stepanivka-by-september-30,NO,42919.953586,capture,False
357,will-russia-capture-dovha-balka-by-october-31,will-russia-capture-dovha-balka-by-october-31,NO,75120.960358,capture,False
358,will-russia-capture-dovha-balka-by-november-30,will-russia-capture-dovha-balka-by-october-31,NO,31080.18208,capture,False
359,will-india-agree-to-stop-buying-russian-oil-by-august-31,will-india-agree-to-stop-buying-russian-oil-by-august-31,NO,44988.237097,sanctions_econ,False
360,india-agrees-to-reduce-purchases-russian-oil-by-august-31,india-agrees-to-reduce-purchases-russian-oil-by-august-31,NO,64731.364772,sanctions_econ,False
361,will-trump-impose-more-sanctions-on-russia-by-august-31,will-trump-impose-more-sanctions-on-russia-by-august-31,NO,173028.911955,sanctions_econ,False
362,russia-announces-to-air-truce-by-august-31,russia-announces-to-air-truce-by-august-31,NO,564853.441585,ceasefire_peace,True
363,will-trump-meet-with-putin-by-august-15,will-trump-meet-with-putin-by-august-15,YES,3687571.235263,diplomacy_meeting,False
364,trump-putin-and-zelensky-seen-together-by-august-31,trump-putin-and-zelensky-seen-together-by-august-31,NO,724124.351837,diplomacy_meeting,False
365,trump-putin-and-zelensky-seen-together-in-2025,trump-putin-and-zelensky-seen-together-in-2025,NO,392020.559939,diplomacy_meeting,False
366,russia-x-ukraine-ceasefire-by-august-15,russia-x-ukraine-ceasefire-by-august-15,NO,1574602.153843,ceasefire_peace,True
367,russia-x-ukraine-ceasefire-by-august-31,russia-x-ukraine-ceasefire-by-august-31,NO,4485078.595963,ceasefire_peace,True
368,will-trump-meet-with-putin-or-zelenskyy-first-553,will-trump-meet-with-putin-or-zelenskyy-first-553,YES,116040.932935,diplomacy_meeting,False
369,trump-putin-and-zelensky-meet-together-by-august-31,trump-putin-and-zelensky-meet-together-by-august-31,NO,2180594.374663,diplomacy_meeting,False
370,trump-putin-and-zelensky-meet-together-by-september-30,trump-putin-and-zelensky-meet-together-by-september-30,NO,1671460.942158,diplomacy_meeting,False
371,will-trump-meet-with-putin-in-alaska-on-august-15,will-trump-meet-with-putin-in-alaska-on-august-15,YES,506386.296184,diplomacy_meeting,False
372,israel-x-hamas-or-russia-x-ukraine-ceasefire-first,israel-x-hamas-or-russia-x-ukraine-ceasefire-first,YES,86201.685614,ceasefire_peace,False
373,will-russia-capture-all-of-pokrovsk-by-august-31,will-russia-capture-all-of-pokrovsk-by-august-31,NO,149465.047209,capture,True
374,will-russia-capture-dobropillia-by-august-20,will-russia-capture-dobropillia-by-359,NO,29983.383685,capture,False
375,will-russia-capture-dobropillia-by-august-31,will-russia-capture-dobropillia-by-359,NO,69485.152646,capture,False
376,will-russia-capture-dobropillia-by-september-30,will-russia-capture-dobropillia-by-359,NO,50352.492503,capture,False
377,will-russia-capture-dobropillia-by-november-30,will-russia-capture-dobropillia-by-359,NO,49142.024066,capture,False
378,ukraine-signs-peace-deal-with-russia-in-2025,ukraine-signs-peace-deal-with-russia-in-2025,NO,2605913.994366,ceasefire_peace,True
379,will-russia-capture-myrnohard-by-august-31,will-russia-capture-myrnohard-by-august-31,NO,20558.262727,capture,False
380,will-russia-capture-rodynske-by-august-20,will-russia-capture-rodynske-by-august-20,NO,101280.198478,capture,True
381,will-russia-capture-siversk-by-september-30,will-russia-capture-siversk-by-september-30,NO,200827.505814,capture,True
382,will-russia-capture-siversk-by-december-31-132-853-373,will-russia-capture-siversk-by-september-30,YES,1302320.488924,capture,True
383,will-russia-capture-siversk-by-october-31,will-russia-capture-siversk-by-september-30,NO,171186.418871,capture,True
384,will-russia-capture-siversk-by-november-30,will-russia-capture-siversk-by-september-30,NO,395648.224284,capture,True
385,will-russia-capture-siversk-by-december-22,will-russia-capture-siversk-by-september-30,YES,437430.868782,capture,True
386,successful-ukraine-counter-attack-in-donbass,successful-ukraine-counter-attack-in-donbass,NO,202479.031989,strike_escalation,True
387,zelensky-in-alaska-by-sunday,zelensky-in-alaska-by-sunday,NO,87060.408115,other,False
388,russia-x-ukraine-prisoner-exchange-by-august-31,russia-x-ukraine-prisoner-exchange-by-august-31,YES,89887.36496,diplomacy_meeting,False
389,will-india-agree-to-stop-buying-russian-oil-by-september-30,will-india-agree-to-stop-buying-russian-oil-by-september-30,NO,50921.799073,sanctions_econ,False
390,uptspt-x-russia-nuclear-deal-by-july-31-20260626165517058,us-x-russia-nuclear-deal-by-december-31,NO,14525.301513,nuclear,False
391,us-x-russia-nuclear-deal-by-december-31,us-x-russia-nuclear-deal-by-december-31,NO,493929.124555,nuclear,True
393,uptspt-x-russia-nuclear-deal-by-september-30-20260728192655450,us-x-russia-nuclear-deal-by-december-31,NO,28903.664809,nuclear,False
394,us-x-russia-nuclear-deal-by-february-4,us-x-russia-nuclear-deal-by-december-31,NO,63515.953074,nuclear,False
395,us-x-russia-nuclear-deal-by-june-30,us-x-russia-nuclear-deal-by-december-31,NO,47587.26139100007,nuclear,False
396,will-trump-meet-with-putin-by-august-31,will-trump-meet-with-putin-again-by,NO,327144.743661,diplomacy_meeting,False
397,will-trump-meet-with-putin-by-september-30,will-trump-meet-with-putin-again-by,NO,336888.092725,diplomacy_meeting,False
398,will-trump-meet-with-putin-by-october-31,will-trump-meet-with-putin-again-by,NO,3166464.083719,diplomacy_meeting,False
399,will-trump-meet-with-putin-by-december-31-157,will-trump-meet-with-putin-again-by,NO,1731423.490722,diplomacy_meeting,False
400,will-trump-meet-with-putin-by-november-30,will-trump-meet-with-putin-again-by,NO,940360.331111,diplomacy_meeting,False
401,will-trump-meet-with-putin-by-march-31,will-trump-meet-with-putin-again-by,NO,252901.8415240001,diplomacy_meeting,False
402,trump-x-zelenskyy-meet-on-monday,trump-x-zelenskyy-meet-on-monday,YES,371715.275978,diplomacy_meeting,False
403,trump-putin-and-zelensky-meet-by-august-23,trump-putin-and-zelensky-meet-by-august-23,NO,1432015.4509,diplomacy_meeting,False
404,will-putin-meet-with-zelenskyy-by-september-30,will-putin-meet-with-zelenskyy-by-september-30,NO,2575024.196984,diplomacy_meeting,False
405,russia-x-ukraine-ceasefire-by-october-31,russia-x-ukraine-ceasefire-by-october-31,NO,3157926.173905,ceasefire_peace,True
406,russia-x-ukraine-ceasefire-by-august-23,russia-x-ukraine-ceasefire-by-august-23,NO,693622.023069,ceasefire_peace,True
407,putin-and-zelenskyy-talk-in-2025,putin-and-zelenskyy-talk-in-2025,NO,104180.96812,diplomacy_meeting,False
408,will-putin-meet-with-zelenskyy-by-august-22,will-putin-meet-with-zelenskyy-by-august-22,NO,157784.299589,diplomacy_meeting,False
409,us-agrees-to-give-ukraine-security-guarantee-in-2025,us-agrees-to-give-ukraine-security-guarantee-in-2025,NO,209075.960154,ceasefire_peace,True
410,will-russia-capture-all-of-pokrovsk-by-september-30,will-russia-capture-all-of-pokrovsk-by-september-30,NO,62287.679615,capture,False
411,will-russia-capture-all-of-pokrovsk-by-december-31-696-746-327-188,will-russia-capture-all-of-pokrovsk-by-september-30,NO,1474714.815517,capture,True
412,will-russia-capture-all-of-pokrovsk-by-november-30-216-555-463,will-russia-capture-all-of-pokrovsk-by-september-30,NO,1256972.559652,capture,True
413,will-russia-capture-all-of-pokrovsk-by-october-31,will-russia-capture-all-of-pokrovsk-by-september-30,NO,102678.533108,capture,True
414,will-russia-capture-all-of-pokrovsk-by-november-14-842,will-russia-capture-all-of-pokrovsk-by-september-30,NO,305506.502111,capture,True
415,will-russia-capture-all-of-pokrovsk-by-november-21,will-russia-capture-all-of-pokrovsk-by-september-30,NO,166947.173273,capture,True
416,will-russia-capture-all-of-pokrovsk-by-january-15,will-russia-capture-all-of-pokrovsk-by-september-30,NO,104892.586551,capture,True
417,will-russia-capture-all-of-pokrovsk-by-january-31,will-russia-capture-all-of-pokrovsk-by-september-30,NO,106573.818106,capture,True
418,will-russia-capture-all-of-pokrovsk-by-february-28,will-russia-capture-all-of-pokrovsk-by-september-30,YES,936339.4719,capture,True
419,will-russia-capture-all-of-pokrovsk-by-march-31,will-russia-capture-all-of-pokrovsk-by-september-30,YES,498031.400921,capture,True
420,will-russia-capture-rodynske-by-september-15,will-russia-capture-rodynske-by-september-15,NO,68723.720173,capture,False
421,will-russia-capture-rodynske-by-september-30,will-russia-capture-rodynske-by-september-15,NO,16648.208786,capture,False
422,will-russia-capture-rodynske-by-october-31,will-russia-capture-rodynske-by-september-15,NO,301708.672387,capture,True
423,will-russia-capture-rodynske-by-november-30,will-russia-capture-rodynske-by-september-15,NO,292233.978345,capture,True
424,will-russia-capture-rodynske-by-december-31,will-russia-capture-rodynske-by-september-15,NO,358066.370801,capture,True
425,will-russia-capture-rodynske-by-january-31,will-russia-capture-rodynske-by-september-15,NO,182227.729592,capture,True
426,will-russia-capture-rodynske-by-february-28,will-russia-capture-rodynske-by-september-15,NO,101485.656973,capture,True
429,more-eu-sanctions-on-russia-by-september-30,more-eu-sanctions-on-russia-by-september-30,NO,127501.802681,alliance_arms,False
430,more-eu-sanctions-on-russia-by-october-31,more-eu-sanctions-on-russia-by-september-30,YES,82015.673896,alliance_arms,False
431,will-trump-impose-more-sanctions-on-russia-by-september-30,will-trump-impose-more-sanctions-on-russia-by-september-30,YES,8030505.614676,sanctions_econ,False
432,ukraine-hits-moscow-by-september-30,ukraine-hits-moscow-by-september-30,NO,95070.498725,strike_escalation,False
433,ukraine-hits-moscow-by-december-31-449,ukraine-hits-moscow-by-september-30,NO,273203.510738,strike_escalation,True
434,ukraine-hits-moscow-by-november-30,ukraine-hits-moscow-by-september-30,NO,29313.659226,strike_escalation,False
435,ukraine-hits-moscow-by-january-15,ukraine-hits-moscow-by-september-30,NO,99155.807639,strike_escalation,False
436,will-russia-capture-novopavlivka-by-september-30,will-russia-capture-novopavlivka-by-september-30,YES,91635.902419,capture,False
437,will-russia-capture-novopavlivka-by-october-31,will-russia-capture-novopavlivka-by-september-30,YES,90871.173456,capture,False
438,india-agrees-to-reduce-purchases-russian-oil-by-september-30,india-agrees-to-reduce-purchases-russian-oil-by-september-30,NO,47654.021817,sanctions_econ,False
439,russia-announces-air-truce-by-september-30,russia-announces-air-truce-by-september-30,NO,61953.837235,ceasefire_peace,False
440,will-trump-talk-to-volodymyr-zelenskyy-in-september,who-will-trump-talk-to-in-september,YES,28124.455111,diplomacy_meeting,False
441,will-trump-talk-to-vladimir-putin-in-september,who-will-trump-talk-to-in-september,NO,174814.458581,diplomacy_meeting,False
442,will-trump-meet-with-volodymyr-zelenskyy-in-september,who-will-trump-meet-with-in-september,YES,64259.983137,diplomacy_meeting,False
443,will-trump-meet-with-vladimir-putin-in-september,who-will-trump-meet-with-in-september,NO,98958.012821,diplomacy_meeting,False
444,will-trump-meet-with-aleksandr-lukashenko-in-september,who-will-trump-meet-with-in-september,NO,12593.640737,diplomacy_meeting,False
445,successful-ukrainian-counterattack-in-donbass-by-september-15,successful-ukrainian-counterattack-in-donbass-by-september-15,NO,118341.170031,strike_escalation,True
446,successful-ukrainian-counterattack-in-donbass-by-september-30,successful-ukrainian-counterattack-in-donbass-by-september-15,NO,47126.722228,strike_escalation,False
447,successful-ukrainian-counterattack-in-donbass-by-october-31,successful-ukrainian-counterattack-in-donbass-by-september-15,YES,48982.603099,strike_escalation,False
448,will-russia-capture-pokrovsk-train-station-by-september-30,will-russia-capture-pokrovsk-train-station-by-september-30,NO,108743.21279,capture,True
449,will-russia-capture-pokrovsk-train-station-by-october-31,will-russia-capture-pokrovsk-train-station-by-september-30,YES,494467.587171,capture,True
450,will-russia-capture-pokrovsk-train-station-by-december-31-348,will-russia-capture-pokrovsk-train-station-by-september-30,YES,148089.971777,capture,True
451,will-russia-capture-pokrovsk-train-station-by-november-30,will-russia-capture-pokrovsk-train-station-by-september-30,YES,119405.546233,capture,True
452,trump-putin-and-zelensky-meet-together-by-december-31,trump-putin-and-zelensky-meet-together-by-december-31,NO,193208.919812,diplomacy_meeting,False
453,will-volodymyr-zelenskyy-visit-russia-in-2025,will-volodymyr-zelenskyy-visit-russia-in-2025,NO,22240.366769,diplomacy_meeting,False
454,russian-strike-on-poland-by-september-30,russian-strike-on-poland-by-september-30,NO,1663225.415995,strike_escalation,True
455,russian-strike-on-poland-by-december-31,russian-strike-on-poland-by-september-30,NO,185443.291699,strike_escalation,True
456,russian-strike-on-poland-by-june-30,russian-strike-on-poland-by-september-30,NO,130798.6846350001,strike_escalation,True
457,polish-strike-on-russia-by-september-30,polish-strike-on-russia-by-september-30,NO,89444.433076,strike_escalation,False
458,nato-downs-another-russian-drone-by-september-30,nato-downs-another-russian-drone-by-september-30,NO,173463.56828,strike_escalation,True
459,nato-downs-another-russian-drone-by-october-31,nato-downs-another-russian-drone-by-september-30,NO,52979.401069,strike_escalation,False
460,nato-downs-another-russian-drone-by-november-30,nato-downs-another-russian-drone-by-september-30,NO,31297.637547,strike_escalation,False
461,nato-downs-another-russian-drone-by-december-31,nato-downs-another-russian-drone-by-september-30,NO,45435.837676,strike_escalation,False
462,russia-x-ukraine-buffer-zone-agreement-by-december-31,russia-x-ukraine-buffer-zone-agreement-by-december-31,NO,33438.089075,ceasefire_peace,False
463,another-russian-incursion-in-polish-airspace-by-september-30,another-russian-incursion-in-polish-airspace-by-september-30,NO,119648.363279,strike_escalation,True
464,another-russian-incursion-in-polish-airspace-by-october-31,another-russian-incursion-in-polish-airspace-by-september-30,NO,42591.258014,strike_escalation,False
465,will-russia-capture-novopavlivka-by-october-31-454,will-russia-capture-novopavlivka-by-october-31-454,NO,30251.111723,capture,False
466,will-russia-capture-novopavlivka-by-december-31-948,will-russia-capture-novopavlivka-by-october-31-454,YES,104458.257686,capture,True
467,will-russia-capture-novopavlivka-by-november-30,will-russia-capture-novopavlivka-by-october-31-454,YES,172214.37676,capture,True
468,will-russia-capture-velykomykhailivka-by-october-31,will-russia-capture-velykomykhailivka-by-october-31,NO,54668.59615,capture,False
469,will-russia-capture-velykomykhailivka-by-november-30,will-russia-capture-velykomykhailivka-by-october-31,NO,81058.589116,capture,False
470,will-russia-capture-drobysheve-by-october-31,will-russia-capture-drobysheve-by-october-31,NO,53132.782561,capture,False
471,will-russia-capture-drobysheve-by-november-30,will-russia-capture-drobysheve-by-october-31,NO,26461.353019,capture,False
472,will-putin-meet-with-zelenskyy-by-june-30-2026,will-putin-meet-with-zelenskyy-by-june-30-2026,NO,380275.2290949994,diplomacy_meeting,False
473,nato-x-russia-military-clash-in-2025,nato-x-russia-military-clash-in-2025,NO,630250.241926,strike_escalation,True
475,nato-x-russia-military-clash-by-august-31-2026,nato-x-russia-military-clash-in-2025,NO,2122003.485417,strike_escalation,True
476,nato-x-russia-military-clash-by-march-31-2026,nato-x-russia-military-clash-in-2025,NO,539352.8616539999,strike_escalation,True
478,nato-x-russia-military-clash-by-june-30-2026,nato-x-russia-military-clash-in-2025,NO,1191855.211246001,strike_escalation,True
480,will-ukraine-recapture-crimean-territory-by-june-30-2026,will-ukraine-recapture-crimean-territory-by-june-30-2026,NO,1045077.134263,capture,True
482,russian-strike-on-a-nato-member-by-october-31,russian-strike-on-a-nato-member-by-october-31,NO,159006.726063,strike_escalation,True
483,russian-strike-on-a-nato-member-by-december-31,russian-strike-on-a-nato-member-by-october-31,NO,28747.979319,strike_escalation,False
484,russian-strike-on-a-nato-member-by-march-31,russian-strike-on-a-nato-member-by-october-31,NO,1554949.715927997,strike_escalation,True
485,another-nato-article-4-by-october-15,another-nato-article-4-by-october-15,NO,26642.490681,alliance_arms,False
486,will-russia-capture-stepanivka-by-october-31,will-russia-capture-stepanivka-by-october-31,NO,14776.03992,capture,False
487,will-trump-meet-with-volodymyr-zelenskyy-in-october,who-will-trump-meet-with-in-october,YES,14529.209639,diplomacy_meeting,False
488,will-trump-meet-with-vladimir-putin-in-october,who-will-trump-meet-with-in-october,NO,31297.497315,diplomacy_meeting,False
490,will-russia-capture-yampil-by-october-31,will-russia-capture-yampil-by-october-31,NO,90385.261102,capture,False
491,will-russia-capture-yampil-by-november-30,will-russia-capture-yampil-by-october-31,YES,222068.25226,capture,True
492,will-ukraine-recapture-crimean-territory-by-june-30-2026-992,will-ukraine-recapture-crimean-territory-by-june-30-2026-992,YES,55671.995301,capture,False
493,zelenskyy-out-as-ukraine-president-by-december-31,zelenskyy-out-as-ukraine-president-by-december-31,NO,797366.686485,leadership,False
494,will-trump-talk-to-volodymyr-zelenskyy-in-october,who-will-trump-talk-to-in-october,YES,22547.463497,diplomacy_meeting,False
495,will-trump-talk-to-vladimir-putin-in-october,who-will-trump-talk-to-in-october,YES,24013.448089,diplomacy_meeting,False
496,will-russia-capture-uspenivka-by-october-31,will-russia-capture-uspenivka-by-october-31,NO,77991.982896,capture,False
497,will-russia-capture-uspenivka-by-november-30,will-russia-capture-uspenivka-by-october-31,YES,88746.221629,capture,False
498,uk-sanctions-on-russia-by-october-31,uk-sanctions-on-russia-by-october-31,YES,14759.492156,sanctions_econ,False
499,ukraine-tomahawk-strike-by-december-31,ukraine-tomahawk-strike-by-december-31,NO,351308.627397,strike_escalation,True
500,will-trump-send-tomahawk-to-ukraine,will-trump-send-tomahawk-to-ukraine,NO,318024.950643,alliance_arms,False
501,will-trump-send-tomahawk-to-ukraine-by-december-31-396,will-trump-send-tomahawk-to-ukraine,NO,137702.564468,alliance_arms,False
502,will-trump-send-tomahawk-to-ukraine-by-november-30,will-trump-send-tomahawk-to-ukraine,NO,44694.091976,alliance_arms,False
503,will-trump-send-tomahawk-to-ukraine-by-march-31,will-trump-send-tomahawk-to-ukraine,NO,104084.5453489999,alliance_arms,False
504,trumpputin-meeting-in-hungary-by-dec-31,trumpputin-meeting-in-hungary-by-dec-31,NO,585713.166105,diplomacy_meeting,False
505,russia-x-ukraine-ceasefire-by-november-30-513,russia-x-ukraine-ceasefire-by-november-30-513,NO,4903949.131287,ceasefire_peace,True
506,will-volodymyr-zelenskyy-be-the-next-leader-out-in-2025,next-leader-out-of-power-in-2025,NO,96871.740857,leadership,False
507,will-vladimir-putin-be-the-next-leader-out-in-2025,next-leader-out-of-power-in-2025,NO,63709.413674,leadership,False
508,will-the-sanctioning-russia-act-of-2025-s1241-be-signed-into-law-by-december-31-2025-687,what-bills-will-be-signed-into-law-by-december-31,NO,21096.962492,sanctions_econ,False
509,will-trump-talk-to-putin-by-november-30,will-trump-talk-to-putin-by-november-30,NO,193982.327582,diplomacy_meeting,False
510,will-russia-capture-orikhiv-train-station-by-november-30,will-russia-capture-orikhiv-train-station-by-november-30,NO,107853.113863,capture,True
511,will-russia-capture-orikhiv-by-december-31,will-russia-capture-orikhiv-train-station-by-november-30,NO,14783.30427,capture,False
512,will-russia-capture-huliaipole-by-december-31,will-russia-capture-huliaipole-by-december-31,YES,957604.533687,capture,True
513,will-russia-capture-huliaipole-by-january-31-666,will-russia-capture-huliaipole-by-december-31,YES,143400.467775,capture,True
514,will-russia-capture-huliaipole-by-january-15,will-russia-capture-huliaipole-by-december-31,YES,120076.347541,capture,True
515,will-russia-enter-siversk-by-october-31,will-russia-enter-siversk-by-october-31,NO,32783.296918,capture,False
516,will-russia-enter-siversk-by-november-30,will-russia-enter-siversk-by-october-31,YES,170449.328793,capture,True
517,will-russia-enter-kostyantynivka-by-october-31,will-russia-enter-kostyantynivka-by-october-31,YES,49531.327142,capture,False
518,more-eu-sanctions-on-russia-by-december-31,more-eu-sanctions-on-russia-by-december-31,YES,44616.456283,alliance_arms,False
519,will-russia-enter-lyman-by-november-30,will-russia-enter-lyman-by-november-30,NO,151905.095201,capture,True
520,will-russia-enter-huliaipole-by-november-30,will-russia-enter-huliaipole-by-november-30,NO,227249.583729,capture,True
521,will-russia-enter-huliaipole-by-december-31,will-russia-enter-huliaipole-by-november-30,YES,113593.989592,capture,True
522,will-russia-enter-novopavlivka-by-november-30,will-russia-enter-novopavlivka-by-november-30,YES,126338.686763,capture,True
523,will-russia-recapture-territory-in-kucheriv-yar-by-november-30,will-russia-recapture-territory-in-kucheriv-yar-by-november-30,NO,224387.923873,capture,True
524,will-russia-recapture-territory-in-kucheriv-yar-by-december-31,will-russia-recapture-territory-in-kucheriv-yar-by-november-30,NO,19511.851741,capture,False
525,will-russia-recapture-territory-in-vilne-by-november-30,will-russia-recapture-territory-in-vilne-by-november-30,NO,172347.504066,capture,True
527,will-trump-meet-with-volodymyr-zelenskyy-by-november-30,who-will-trump-meet-with-in-november,NO,296084.225371,diplomacy_meeting,False
528,will-trump-meet-with-vladimir-putin-in-november,who-will-trump-meet-with-in-november,NO,70010.164386,diplomacy_meeting,False
529,will-trump-meet-with-aleksandr-lukashenko-in-november,who-will-trump-meet-with-in-november,NO,127642.158761,diplomacy_meeting,False
530,will-trump-talk-to-volodymyr-zelenskyy-in-november-535,who-will-trump-talk-to-in-november,NO,265473.255447,diplomacy_meeting,False
531,will-trump-talk-to-vladimir-putin-in-november-773,who-will-trump-talk-to-in-november,NO,152169.303154,diplomacy_meeting,False
532,will-russia-capture-kupiansk-vuzlovyi-by-november-30,will-russia-capture-kupiansk-vuzlovyi-by-november-30,NO,29061.45153,capture,False
533,will-russia-capture-kupiansk-vuzlovyi-by-december-31,will-russia-capture-kupiansk-vuzlovyi-by-november-30,NO,71853.538652,capture,False
535,will-russia-capture-all-of-kupiansk-by-november-30,will-russia-capture-all-of-kupiansk-by,NO,266979.203996,capture,True
536,will-russia-capture-all-of-kupiansk-by-december-31,will-russia-capture-all-of-kupiansk-by,NO,551269.217371,capture,True
537,will-russia-capture-all-of-kupiansk-by-january-31,will-russia-capture-all-of-kupiansk-by,NO,140630.08365,capture,True
538,will-russia-capture-all-of-kupiansk-by-march-31,will-russia-capture-all-of-kupiansk-by,NO,246932.9512199992,capture,True
539,will-russia-capture-all-of-kupiansk-by-june-30,will-russia-capture-all-of-kupiansk-by,NO,749839.1762589996,capture,True
541,will-russia-capture-all-of-vovchansk-by-september-30,will-russia-capture-all-of-vovchansk-by,NO,67105.581738,capture,False
543,will-russia-capture-all-of-vovchansk-by-november-30,will-russia-capture-all-of-vovchansk-by,NO,135978.148234,capture,True
544,will-russia-capture-all-of-vovchansk-by-december-31,will-russia-capture-all-of-vovchansk-by,NO,476255.960849,capture,True
545,will-russia-capture-all-of-vovchansk-by-march-31,will-russia-capture-all-of-vovchansk-by,NO,221054.675394,capture,True
546,will-russia-capture-all-of-vovchansk-by-april-30,will-russia-capture-all-of-vovchansk-by,NO,15715.186975,capture,False
547,ukraine-signs-peace-deal-with-russia-by-march-31,ukraine-signs-peace-deal-with-russia-by-march-31,NO,389202.7594330007,ceasefire_peace,True
548,nato-article-5-by-march-31,nato-article-5-by-march-31,NO,42674.95212199998,strike_escalation,False
558,will-russia-capture-slovainsk-by-2027,will-russia-capture-slovainsk-by-2027,NO,323407.7199969992,capture,True
559,will-us-withdraw-from-nato-by-june-30,will-us-withdraw-from-nato-before-2027,NO,765851.6899140002,capture,True
560,will-us-withdraw-from-nato-by-august-31,will-us-withdraw-from-nato-before-2027,NO,22750.642925,capture,False
562,will-us-withdraw-from-nato-by-april-30-583-663,will-us-withdraw-from-nato-before-2027,NO,4237143.474537986,capture,True
564,will-trump-meet-with-volodymyr-zelenskyy-in-2026,who-will-trump-meet-with-in-2026,YES,39764.134875,diplomacy_meeting,False
567,will-russia-test-a-nuclear-weapon-by-november-30-2025,russia-nuclear-test-by,NO,63538.931163,nuclear,False
568,will-russia-test-a-nuclear-weapon-by-december-31-2025,russia-nuclear-test-by,NO,46946.965228,nuclear,False
569,will-russia-test-a-nuclear-weapon-by-march-31-2026,russia-nuclear-test-by,NO,1214087.407249005,nuclear,True
570,will-russia-test-a-nuclear-weapon-by-june-30-2026,russia-nuclear-test-by,NO,4627753.458387992,nuclear,True
571,will-russia-test-a-nuclear-weapon-by-september-30-2026,russia-nuclear-test-by,NO,176039.445944,nuclear,True
573,will-russia-capture-all-of-myrnohrad-by-november-30,will-russia-capture-all-of-myrnohrad-by,NO,265242.325319,capture,True
574,will-russia-capture-all-of-myrnohrad-by-december-31,will-russia-capture-all-of-myrnohrad-by,NO,1024434.509904,capture,True
575,will-russia-capture-all-of-myrnohrad-by-january-31-425,will-russia-capture-all-of-myrnohrad-by,NO,880685.123582,capture,True
576,will-russia-capture-all-of-myrnohrad-by-january-15,will-russia-capture-all-of-myrnohrad-by,NO,739599.342368,capture,True
577,will-russia-capture-all-of-myrnohrad-by-february-28,will-russia-capture-all-of-myrnohrad-by,YES,698277.673132,capture,True
578,will-russia-capture-all-of-myrnohrad-by-march-31,will-russia-capture-all-of-myrnohrad-by,YES,133073.947895,capture,True
579,will-russia-capture-rivnopillia-by-december-31,will-russia-capture-rivnopillia-by-december-31,YES,113558.201594,capture,True
582,will-ukraine-agree-to-cede-territory-to-russia-by-august-31-2026,will-ukraine-agree-to-cede-territory-to-russia-before-2027,NO,67532.35795899999,ceasefire_peace,False
584,will-volodymyr-zelenskyy-be-the-next-leader-out-before-2027,next-leader-out-of-power-before-2027,NO,49440.573219,leadership,False
585,will-vladimir-putin-be-the-next-leader-out-before-2027,next-leader-out-of-power-before-2027,NO,38323.330577,leadership,False
586,will-trump-release-a-new-russia-x-ukraine-peace-plan-by-november-21,will-trump-release-a-new-russia-x-ukraine-peace-plan-by,NO,70433.225748,ceasefire_peace,False
587,will-trump-release-a-new-russia-x-ukraine-peace-plan-by-november-30,will-trump-release-a-new-russia-x-ukraine-peace-plan-by,NO,100645.095639,ceasefire_peace,True
588,will-trump-release-a-new-russia-x-ukraine-peace-plan-by-december-31-288,will-trump-release-a-new-russia-x-ukraine-peace-plan-by,NO,24943.195529,ceasefire_peace,False
590,ukraine-agrees-to-us-approved-peace-plan-by-thursday,ukraine-agrees-to-us-approved-peace-plan-by-thursday,NO,3068808.147375,ceasefire_peace,True
591,will-russia-enter-pokrovskoe-by-december-31,will-russia-enter-pokrovskoe-by-december-31,NO,34264.599528,capture,False
593,will-russia-enter-orikhiv-by-july-31,will-russia-enter-orikhiv-by-december-31,NO,44387.42337500001,capture,False
594,will-russia-enter-orikhiv-by-september-30,will-russia-enter-orikhiv-by-december-31,YES,30765.254282,capture,False
595,will-russia-enter-orikhiv-by-december-31,will-russia-enter-orikhiv-by-december-31,NO,75330.033125,capture,False
596,will-russia-enter-orikhiv-by-january-31,will-russia-enter-orikhiv-by-december-31,NO,41350.282268,capture,False
597,will-russia-enter-orikhiv-by-march-31,will-russia-enter-orikhiv-by-december-31,NO,94012.21430299996,capture,False
598,will-russia-enter-orikhiv-by-june-30,will-russia-enter-orikhiv-by-december-31,NO,114156.59553,capture,True
600,ukraine-strike-on-moscow-municipality-by-december-31,ukraine-strike-on-moscow-municipality-by-december-31,NO,99070.241479,strike_escalation,False
602,ukraine-strike-in-russia-on-25-november-2025,ukraine-strike-in-russia-on,NO,11276.035574,strike_escalation,False
603,ukraine-strike-in-russia-on-26-november-2025,ukraine-strike-in-russia-on,YES,148355.826122,strike_escalation,True
604,ukraine-strike-in-russia-on-27-november-2025,ukraine-strike-in-russia-on,NO,10170.932115,strike_escalation,False
605,ukraine-strike-in-russia-on-28-november-2025,ukraine-strike-in-russia-on,YES,12896.694893,strike_escalation,False
607,ukraine-strike-in-russia-on-30-november-2025,ukraine-strike-in-russia-on,NO,10493.32691,strike_escalation,False
608,will-trump-meet-with-zelenskyy-by-december-5,will-trump-meet-with-zelenskyy-by,NO,339435.538506,diplomacy_meeting,False
609,will-trump-meet-with-zelenskyy-by-december-31-194-484,will-trump-meet-with-zelenskyy-by,YES,2074527.835336,diplomacy_meeting,False
610,will-trump-meet-with-zelenskyy-by-december-27,will-trump-meet-with-zelenskyy-by,NO,139343.794478,diplomacy_meeting,False
611,will-trump-meet-with-zelenskyy-by-december-28,will-trump-meet-with-zelenskyy-by,YES,392915.772483,diplomacy_meeting,False
612,will-zelenskyy-talk-to-putin-by-august-31,will-zelenskyy-talk-to-putin-by-november-30-821,NO,68745.735218,diplomacy_meeting,False
614,will-zelenskyy-talk-to-putin-by-december-31,will-zelenskyy-talk-to-putin-by-november-30-821,NO,270461.544311,diplomacy_meeting,False
615,will-zelenskyy-talk-to-putin-by-january-31,will-zelenskyy-talk-to-putin-by-november-30-821,NO,91014.36489,diplomacy_meeting,False
616,will-zelenskyy-talk-to-putin-by-march-31,will-zelenskyy-talk-to-putin-by-november-30-821,NO,387502.7110780004,diplomacy_meeting,False
618,russia-x-ukraine-ceasefire-by-january-31-2026,russia-x-ukraine-ceasefire-by-january-31-2026,NO,26995077.577181,ceasefire_peace,True
623,russia-strike-on-kyiv-municipality-by-651,russia-strike-on-kyiv-municipality-by-651,YES,27529.317942,strike_escalation,False
624,russia-strike-on-kyiv-municipality-by-december-12,russia-strike-on-kyiv-municipality-by-651,YES,17487.492889,strike_escalation,False
625,will-trump-talk-to-volodymyr-zelenskyy-in-december-526,who-will-trump-talk-to-in-december,YES,330366.522091,diplomacy_meeting,False
626,will-trump-talk-to-vladimir-putin-in-december-312,who-will-trump-talk-to-in-december,YES,186245.556337,diplomacy_meeting,False
627,will-trump-announce-a-cut-to-us-military-or-intelligence-aid-to-ukraine-by-november-30,will-trump-announce-cutting-military-aid-to-ukraine-by,NO,17663.996942,sanctions_econ,False
628,will-trump-announce-a-cut-to-us-military-or-intelligence-aid-to-ukraine-by-december-31,will-trump-announce-cutting-military-aid-to-ukraine-by,NO,72013.726104,sanctions_econ,False
629,will-russia-enter-hryshyne-by-december-31,will-russia-enter-hryshyne-by-december-31,YES,275600.44026,capture,True
630,will-russia-enter-toretske-by-december-31,will-russia-enter-toretske-by-december-31,NO,51456.91472,capture,False
631,will-russia-enter-toretske-by-january-15,will-russia-enter-toretske-by-december-31,NO,40614.372455,capture,False
632,will-russia-enter-toretske-by-january-31,will-russia-enter-toretske-by-december-31,NO,93988.087603,capture,False
633,will-russia-enter-toretske-by-february-28,will-russia-enter-toretske-by-december-31,YES,69663.988379,capture,False
634,will-russia-enter-sviato-pokrovske-by-december-31,will-russia-enter-sviato-pokrovske-by-december-31,YES,57166.857292,capture,False
635,will-russia-enter-khatnie-by-december-31,will-russia-enter-khatnie-by-december-31,NO,30870.664723,capture,False
636,will-russia-enter-bilytske-by-december-31,will-russia-enter-bilytske-by-december-31,NO,43784.559799,capture,False
637,will-russia-capture-havrylivka-by-december-31,will-russia-capture-havrylivka-by-december-31,NO,22227.688654,capture,False
638,will-russia-capture-any-territory-in-lyman-by-december-15,will-russia-capture-any-territory-in-lyman-by-december-15,NO,84883.04609,capture,False
639,ukraine-officially-agrees-to-a-us-backed-ceasefire-framework-in-2025,ukraine-officially-agrees-to-a-us-backed-ceasefire-framework-in-2025,NO,710796.187517,ceasefire_peace,True
640,ukraine-officially-agrees-to-a-us-backed-ceasefire-framework-by-january-31,ukraine-officially-agrees-to-a-us-backed-ceasefire-framework-in-2025,NO,493717.46762,ceasefire_peace,True
641,ukraine-officially-agrees-to-a-us-backed-ceasefire-framework-by-march-31-214,ukraine-officially-agrees-to-a-us-backed-ceasefire-framework-in-2025,NO,229781.8225140001,ceasefire_peace,True
642,ukraine-officially-agrees-to-a-us-backed-ceasefire-framework-by-february-28,ukraine-officially-agrees-to-a-us-backed-ceasefire-framework-in-2025,NO,38636.68524,ceasefire_peace,False
643,ukraine-officially-agrees-to-a-us-backed-ceasefire-framework-by-june-30,ukraine-officially-agrees-to-a-us-backed-ceasefire-framework-in-2025,NO,158152.7430419996,ceasefire_peace,True
644,will-russia-enter-borova-by-may-31,will-russia-enter-borova-by-december-31,NO,78966.10184300001,capture,False
645,will-russia-enter-borova-by-june-30,will-russia-enter-borova-by-december-31,NO,58881.57230799999,capture,False
646,will-russia-enter-borova-by-september-30,will-russia-enter-borova-by-december-31,NO,23392.292166,capture,False
647,will-russia-enter-borova-by-december-31,will-russia-enter-borova-by-december-31,NO,54511.306734,capture,False
648,will-russia-enter-borova-by-march-31,will-russia-enter-borova-by-december-31,NO,79352.42568900007,capture,False
651,volodymyr-zelenskyy-arrested-by-december-31,volodymyr-zelenskyy-arrested-by-december-31,NO,38916.782577,leadership,False
652,volodymyr-zelenskyy-in-jail-by-december-31,volodymyr-zelenskyy-in-jail-by-december-31,NO,106306.647045,other,False
656,zelenskyy-out-as-ukraine-president-by-march-31-2026,zelenskyy-out-as-ukraine-president-by-march-31-2026,NO,541149.0087629992,leadership,False
657,russia-strike-on-kyiv-municipality-by-december-5,russia-strike-on-kyiv-municipality-by-december-5,NO,19917.548581,strike_escalation,False
659,russia-strike-on-kyiv-municipality-by-december-31,russia-strike-on-kyiv-municipality-by-december-5,YES,41739.156337,strike_escalation,False
660,russia-strike-on-kyiv-municipality-on-december-2-539,russia-strike-on-kyiv-municipality-on,NO,47246.830758,strike_escalation,False
661,russia-strike-on-kyiv-municipality-on-december-3-471,russia-strike-on-kyiv-municipality-on,NO,11520.046422,strike_escalation,False
662,russia-strike-on-kyiv-municipality-on-december-4-664,russia-strike-on-kyiv-municipality-on,NO,13341.263492,strike_escalation,False
663,russia-strike-on-kyiv-municipality-on-december-5-524,russia-strike-on-kyiv-municipality-on,NO,21943.92326,strike_escalation,False
664,russia-strike-on-kyiv-municipality-on-december-6-283,russia-strike-on-kyiv-municipality-on,NO,38747.103461,strike_escalation,False
665,russia-strike-on-kyiv-municipality-on-december-7-712,russia-strike-on-kyiv-municipality-on,NO,15521.798695,strike_escalation,False
676,will-russia-announce-a-christmas-truce,will-russia-announce-a-christmas-truce,NO,460437.457474,ceasefire_peace,True
677,will-russia-enter-druzkhivka-by-january-31,will-russia-enter-druzkhivka-by-january-31,NO,61129.616763,capture,False
678,will-russia-enter-dobropillia-by-may-31,will-russia-enter-dobropillia-by-january-31,NO,31359.21551699999,capture,False
679,will-russia-enter-dobropillia-by-june-30,will-russia-enter-dobropillia-by-january-31,NO,75114.77866600004,capture,False
680,will-russia-enter-dobropillia-by-december-31-756-874,will-russia-enter-dobropillia-by-january-31,YES,169417.700255,capture,True
681,will-russia-enter-dobropillia-by-october-31-558,will-russia-enter-dobropillia-by-january-31,YES,81778.908329,capture,False
682,will-russia-enter-dobropillia-by-september-30,will-russia-enter-dobropillia-by-january-31,YES,70407.54980499999,capture,False
683,will-russia-enter-dobropillia-by-september-15,will-russia-enter-dobropillia-by-january-31,NO,30555.98238500001,capture,False
684,will-russia-enter-dobropillia-by-january-31,will-russia-enter-dobropillia-by-january-31,NO,54413.991937,capture,False
685,will-russia-enter-dobropillia-by-march-31,will-russia-enter-dobropillia-by-january-31,NO,15172.507188,capture,False
686,will-russia-enter-dobropillia-by-april-30,will-russia-enter-dobropillia-by-january-31,NO,13289.203498,capture,False
687,will-russia-capture-drobysheve-by-december-31,will-russia-capture-drobysheve-by-december-31,NO,26608.176307,capture,False
688,ukraine-strikes-another-tanker-in-black-sea-by-december-31-143,ukraine-strikes-another-tanker-in-black-sea-by,YES,36917.856181,strike_escalation,False
689,ukraine-strikes-another-tanker-in-black-sea-by-december-19,ukraine-strikes-another-tanker-in-black-sea-by,NO,28380.651252,strike_escalation,False
690,will-putin-meet-with-zelenskyy-by-march-31-2026,will-putin-meet-with-zelenskyy-by-march-31-2026,NO,2488492.086016991,diplomacy_meeting,False
691,will-trump-meet-with-volodymyr-zelenskyy-in-january-2026,who-will-trump-meet-with-in-january,YES,703308.498006,diplomacy_meeting,False
692,will-trump-meet-with-vladimir-putin-in-january-2026,who-will-trump-meet-with-in-january,NO,119275.364201,diplomacy_meeting,False
693,will-trump-talk-to-volodymyr-zelenskyy-in-january,who-will-trump-talk-to-in-january,YES,136489.154143,diplomacy_meeting,False
694,will-trump-talk-to-vladimir-putin-in-january,who-will-trump-talk-to-in-january,NO,7456315.379733,diplomacy_meeting,False
695,eu-agrees-use-of-russian-assets-to-fund-ukraine-by-december-19,eu-agrees-use-of-russian-assets-to-fund-ukraine-by,NO,314233.314051,alliance_arms,False
696,eu-agrees-use-of-russian-assets-to-fund-ukraine-by-december-31,eu-agrees-use-of-russian-assets-to-fund-ukraine-by,NO,217821.872518,alliance_arms,False
699,ukraine-signs-peace-deal-with-russia-by-january-31,ukraine-signs-peace-deal-with-russia-by-january-31,NO,244534.060307,ceasefire_peace,True
700,ukraine-signs-peace-deal-with-russia-by-june-30,ukraine-signs-peace-deal-with-russia-by-june-30,NO,794282.2520890033,ceasefire_peace,True
701,zelenskyy-out-as-ukraine-president-by-january-31-2026,zelenskyy-out-as-ukraine-president-by-january-31-2026,NO,460576.383178999,leadership,False
702,ukraine-agrees-not-to-join-nato-by-june-30,ukraine-agrees-not-to-join-nato-by-june-30,NO,2172471.756499997,alliance_arms,False
703,ukraine-agrees-not-to-join-nato-by-march-31,ukraine-agrees-not-to-join-nato-by-march-31,NO,104038.391625,alliance_arms,False
704,putin-out-as-president-of-russia-by-june-30,putin-out-as-president-of-russia-by-june-30,NO,4380341.783226003,leadership,False
705,ukraine-strikes-another-tanker-in-black-sea-by-december-31-2025,ukraine-strikes-another-tanker-in-black-sea-by-354,NO,61769.672062,strike_escalation,False
706,ukraine-strikes-another-tanker-in-black-sea-by-january-15-2026,ukraine-strikes-another-tanker-in-black-sea-by-354,YES,57681.92516,strike_escalation,False
707,ukraine-strikes-another-tanker-in-black-sea-by-january-31-2026,ukraine-strikes-another-tanker-in-black-sea-by-354,YES,12693.162218,strike_escalation,False
708,will-russia-enter-sloviansk-by-june-30,which-cities-will-russia-enter-by-june-30,NO,194958.1847450004,capture,True
709,will-russia-enter-sumy-by-june-30-893-434,which-cities-will-russia-enter-by-june-30,NO,121193.669019,capture,True
710,will-russia-enter-druzkhivka-by-june-30-933-897,which-cities-will-russia-enter-by-june-30,NO,313914.3820430005,capture,True
711,will-russia-enter-dopropillia-by-june-30-122-495,which-cities-will-russia-enter-by-june-30,NO,266965.6048670019,capture,True
712,will-russia-enter-kramatorsk-by-june-30-821-192,which-cities-will-russia-enter-by-june-30,NO,166757.9733019999,capture,True
713,will-russia-enter-kharkiv-by-june-30-967,which-cities-will-russia-enter-by-june-30,NO,590413.2564340001,capture,True
714,will-russia-enter-kherson-by-june-30-645,which-cities-will-russia-enter-by-june-30,NO,164233.6276449999,capture,True
715,will-russia-enter-zaporizhia-by-june-30-845,which-cities-will-russia-enter-by-june-30,NO,122806.5149209999,capture,True
716,ukraine-calls-a-referendum-on-peace-deal-with-russia-by-january-31,ukraine-calls-a-referendum-on-peace-deal-with-russia-by-january-31,NO,145341.340829,ceasefire_peace,True
717,ukraine-peace-referendum-scheduled-by-march-31,ukraine-calls-a-referendum-on-peace-deal-with-russia-by-january-31,NO,21738.10973599999,ceasefire_peace,False
718,ukraine-peace-referendum-scheduled-by-june-30,ukraine-calls-a-referendum-on-peace-deal-with-russia-by-january-31,NO,301596.822139,ceasefire_peace,True
719,ukraine-peace-referendum-scheduled-by-september-30,ukraine-calls-a-referendum-on-peace-deal-with-russia-by-january-31,NO,27267.067366,ceasefire_peace,False
721,russia-strike-on-kyiv-municipality-by-december-31-684,russia-strike-on-kyiv-municipality-by-december-31-684,NO,137591.518898,strike_escalation,True
722,us-agrees-to-give-ukraine-security-guarantee-by-june-30,us-agrees-to-give-ukraine-security-guarantee-by-june-30,NO,711534.9662510003,ceasefire_peace,True
723,eunato-country-announces-peacekeeping-force-in-ukraine-before-2027,eunato-country-announces-peacekeeping-force-in-ukraine-before-2027,NO,397133.8066169996,ceasefire_peace,True
726,european-country-agrees-to-give-ukraine-security-guarantee-by-june-30,european-country-agrees-to-give-ukraine-security-guarantee-by-june-30,NO,177483.2519050002,ceasefire_peace,True
727,will-russia-enter-vozdvyzhivka-by-may-31,will-russia-enter-vozdvyzhivka-by-january-31,YES,65705.69787899996,capture,False
728,will-russia-enter-vozdvyzhivka-by-january-31,will-russia-enter-vozdvyzhivka-by-january-31,NO,30585.249149,capture,False
729,will-russia-enter-vozdvyzhivka-by-february-28,will-russia-enter-vozdvyzhivka-by-january-31,NO,27325.599335,capture,False
730,will-russia-enter-vozdvyzhivka-by-march-31,will-russia-enter-vozdvyzhivka-by-january-31,NO,44678.20833100013,capture,False
731,will-russia-enter-vozdvyzhivka-by-april-30,will-russia-enter-vozdvyzhivka-by-january-31,NO,41726.51190499994,capture,False
732,will-russia-enter-zaliznychne-by-january-31,will-russia-enter-zaliznychne-by-january-31,NO,151492.126562,capture,True
733,will-russia-enter-zaliznychne-by-february-28,will-russia-enter-zaliznychne-by-january-31,YES,113725.513612,capture,True
735,ukraine-coup-attempt-by-june-30,ukraine-coup-attempt-by-june-30,NO,17835.94781599999,leadership,False
738,will-russia-capture-all-of-stepnohirsk-by-september-30-2026,will-russia-capture-all-of-stepnohirsk-by,NO,1329448.529558,capture,True
740,will-russia-capture-all-of-stepnohirsk-by-march-31-2026-627,will-russia-capture-all-of-stepnohirsk-by,NO,247104.890594,capture,True
741,will-russia-capture-all-of-stepnohirsk-by-january-31-2026-147,will-russia-capture-all-of-stepnohirsk-by,NO,369685.361298,capture,True
742,will-russia-capture-all-of-stepnohirsk-by-february-28-2026,will-russia-capture-all-of-stepnohirsk-by,NO,259558.344024,capture,True
743,will-russia-capture-all-of-stepnohirsk-by-april-30-2026,will-russia-capture-all-of-stepnohirsk-by,NO,38907.62588500003,capture,False
744,will-russia-capture-all-of-prymorske-by-may-31-2026,will-russia-capture-all-of-prymorske-by,NO,99046.6686560001,capture,False
745,will-russia-capture-all-of-prymorske-by-september-30-2026,will-russia-capture-all-of-prymorske-by,NO,126270.284619,capture,True
747,will-russia-capture-all-of-prymorske-by-january-15-2026,will-russia-capture-all-of-prymorske-by,NO,51402.14755,capture,False
748,will-russia-capture-all-of-prymorske-by-january-31-2026,will-russia-capture-all-of-prymorske-by,NO,123960.861477,capture,True
749,will-russia-capture-all-of-prymorske-by-march-31-2026-597,will-russia-capture-all-of-prymorske-by,NO,358203.0989180001,capture,True
750,will-russia-capture-all-of-prymorske-by-february-28-2026,will-russia-capture-all-of-prymorske-by,NO,171080.514096,capture,True
751,will-russia-capture-all-of-prymorske-by-april-30-2026,will-russia-capture-all-of-prymorske-by,NO,170199.0699570001,capture,True
752,russia-strike-on-kyiv-municipality-by-january-17-2026,russia-strike-on-kyiv-municipality-by-168,YES,46554.849392,strike_escalation,False
753,russia-strike-on-kyiv-municipality-by-january-10-2026,russia-strike-on-kyiv-municipality-by-168,YES,125168.820396,strike_escalation,True
754,will-russia-enter-sofiivka-by-january-31,will-russia-enter-sofiivka-by-january-31,NO,121274.571693,capture,True
755,will-russia-enter-sofiivka-by-february-28,will-russia-enter-sofiivka-by-january-31,YES,136364.696107,capture,True
756,will-volodymyr-zelenskyy-be-the-next-leader-out-before-2027-222,next-leader-out-of-power-before-2027-684,NO,472796.015251,leadership,False
757,will-vladimir-putin-be-the-next-leader-out-before-2027-498,next-leader-out-of-power-before-2027-684,NO,358208.602774,leadership,False
759,will-russia-capture-all-of-donetsk-oblast-by-march-31-2026,will-russia-capture-all-of-donetsk-oblast-by,NO,309715.4514700002,capture,True
760,will-russia-capture-all-of-donetsk-oblast-by-june-30-2026,will-russia-capture-all-of-donetsk-oblast-by,NO,431529.2166439997,capture,True
762,ukraine-hits-moscow-by-january-31,ukraine-hits-moscow-by-january-31,NO,81220.290696,strike_escalation,False
763,russia-strike-on-kyiv-municipality-by-january-17-2026-438-472,russia-strike-on-kyiv-municipality-by-675,YES,10510.834062,strike_escalation,False
764,russia-strike-on-kyiv-municipality-by-january-10-2026-538-895,russia-strike-on-kyiv-municipality-by-675,YES,156941.354152,strike_escalation,True
766,russia-strike-on-kyiv-municipality-by-january-11,russia-strike-on-kyiv-municipality-by-423,NO,55364.434403,strike_escalation,False
767,russia-strike-on-kyiv-municipality-by-january-17,russia-strike-on-kyiv-municipality-by-423,YES,33593.489649,strike_escalation,False
768,russia-strike-on-kyiv-municipality-by-january-19,russia-strike-on-kyiv-municipality-by-423,YES,35351.903506,strike_escalation,False
769,russia-strike-on-kyiv-municipality-by-january-31,russia-strike-on-kyiv-municipality-by-423,YES,24649.906903,strike_escalation,False
770,ukraine-strikes-another-tanker-in-black-sea-by-january-17-2026,ukraine-strikes-another-tanker-in-black-sea-by-835,NO,22194.284133,strike_escalation,False
771,ukraine-strikes-another-tanker-in-black-sea-by-january-24-2026,ukraine-strikes-another-tanker-in-black-sea-by-835,NO,19145.402698,strike_escalation,False
772,ukraine-strikes-another-tanker-in-black-sea-by-january-31-2026-859,ukraine-strikes-another-tanker-in-black-sea-by-835,NO,12035.64374,strike_escalation,False
775,ukraine-strikes-another-tanker-in-black-sea-by-march-31-2026,ukraine-strikes-another-tanker-in-black-sea-by-835,YES,3027166.666819,strike_escalation,True
777,russia-x-ukraine-ceasefire-by-june-30-2026,russia-x-ukraine-ceasefire-by-june-30-2026,YES,60668118.31172506,ceasefire_peace,True
779,will-russia-enter-malokaterynivka-by-december-31-2026,will-russia-enter-malokaterynivka-by-february-28,YES,265110.821164,capture,True
780,will-russia-enter-malokaterynivka-by-february-28,will-russia-enter-malokaterynivka-by-february-28,NO,18520.547347,capture,False
783,will-russia-capture-bilytske-by-may-31-2026,will-russia-capture-bilytske-by,NO,12091.61817599998,capture,False
785,will-russia-capture-bilytske-by-june-30-2026,will-russia-capture-bilytske-by,NO,45215.925594,capture,False
786,will-russia-capture-bilytske-by-september-30-2026-564,will-russia-capture-bilytske-by,NO,120597.846222,capture,True
787,will-russia-capture-bilytske-by-august-31-2026,will-russia-capture-bilytske-by,NO,48070.96112899999,capture,False
789,will-russia-capture-bilytske-by-february-28-2026,will-russia-capture-bilytske-by,NO,37863.05435,capture,False
790,will-russia-capture-bilytske-by-march-31-2026,will-russia-capture-bilytske-by,NO,73471.99250400001,capture,False
791,will-russia-capture-bilytske-by-april-30-2026,will-russia-capture-bilytske-by,NO,78031.72665100016,capture,False
792,will-russia-capture-zarichne-by-february-28-2026,will-russia-capture-zarichne-by,YES,221838.529968,capture,True
793,will-russia-capture-zarichne-by-march-31-2026,will-russia-capture-zarichne-by,YES,54825.139715,capture,False
794,russia-strike-on-kyiv-municipality-by-january-24-2026,russia-strike-on-kyiv-municipality-by-579,YES,60473.602038,strike_escalation,False
795,russia-strike-on-kyiv-municipality-by-january-31-2026,russia-strike-on-kyiv-municipality-by-579,YES,11943.167459,strike_escalation,False
796,will-trump-meet-with-volodymyr-zelenskyy-in-february-2026,who-will-trump-meet-with-in-february,NO,23369.872,diplomacy_meeting,False
797,will-trump-meet-with-vladimir-putin-in-february-2026,who-will-trump-meet-with-in-february,NO,28444.102984,diplomacy_meeting,False
798,will-trump-talk-to-volodymyr-zelenskyy-in-february,who-will-trump-talk-to-in-februrary,YES,117526.77091,diplomacy_meeting,False
799,will-trump-talk-to-vladimir-putin-in-february,who-will-trump-talk-to-in-februrary,NO,74910.805164,diplomacy_meeting,False
802,will-russia-capture-hryshyne-by-february-28-2026,will-russia-capture-hryshyne-by,NO,48950.699992,capture,False
807,will-russia-strike-on-kyiv-municipality-on-january-22-172,russia-strike-on-kyiv-municipality-on-138,NO,31614.185378,strike_escalation,False
808,will-russia-strike-on-kyiv-municipality-on-january-23-426,russia-strike-on-kyiv-municipality-on-138,NO,46239.629564,strike_escalation,False
809,will-russia-strike-on-kyiv-municipality-on-january-24-878,russia-strike-on-kyiv-municipality-on-138,YES,91962.897224,strike_escalation,False
810,will-russia-strike-on-kyiv-municipality-on-january-25-939,russia-strike-on-kyiv-municipality-on-138,NO,48643.856701,strike_escalation,False
811,will-russia-strike-on-kyiv-municipality-on-january-26-715,russia-strike-on-kyiv-municipality-on-138,NO,50639.333116,strike_escalation,False
812,will-russia-strike-on-kyiv-municipality-on-january-27-376,russia-strike-on-kyiv-municipality-on-138,NO,48531.348178,strike_escalation,False
813,will-russia-strike-on-kyiv-municipality-on-january-28-567,russia-strike-on-kyiv-municipality-on-138,NO,133960.519967,strike_escalation,True
814,will-russia-strike-on-kyiv-municipality-on-january-29-442,russia-strike-on-kyiv-municipality-on-138,NO,87805.12932,strike_escalation,False
815,will-russia-strike-on-kyiv-municipality-on-january-30-296,russia-strike-on-kyiv-municipality-on-138,NO,59703.977542,strike_escalation,False
816,will-russia-strike-on-kyiv-municipality-on-january-31-125,russia-strike-on-kyiv-municipality-on-138,NO,80620.762435,strike_escalation,False
817,russia-x-ukraine-ceasefire-by-february-28-2026,russia-x-ukraine-ceasefire-by-february-28-2026,NO,6968929.48738,ceasefire_peace,True
819,will-russia-strike-kyiv-on-february-1-2026,russia-strike-on-kyiv-municipality-on-252,NO,78820.066787,strike_escalation,False
820,will-russia-strike-kyiv-on-february-2-2026,russia-strike-on-kyiv-municipality-on-252,NO,78550.364987,strike_escalation,False
821,will-russia-strike-kyiv-on-february-3-2026,russia-strike-on-kyiv-municipality-on-252,YES,81202.888649,strike_escalation,False
822,will-russia-strike-kyiv-on-february-4-2026,russia-strike-on-kyiv-municipality-on-252,NO,59739.884801,strike_escalation,False
823,will-russia-strike-kyiv-on-february-5-2026,russia-strike-on-kyiv-municipality-on-252,NO,193941.550183,strike_escalation,True
824,will-russia-strike-kyiv-on-february-6-2026,russia-strike-on-kyiv-municipality-on-252,NO,60494.676545,strike_escalation,False
825,will-russia-strike-kyiv-on-february-7-2026,russia-strike-on-kyiv-municipality-on-252,NO,90941.953481,strike_escalation,False
826,will-russia-strike-kyiv-on-february-8-2026,russia-strike-on-kyiv-municipality-on-252,NO,60520.28129,strike_escalation,False
827,will-russia-strike-kyiv-on-february-9-2026,russia-strike-on-kyiv-municipality-on-252,NO,22102.851678,strike_escalation,False
828,will-russia-strike-kyiv-on-february-10-2026,russia-strike-on-kyiv-municipality-on-252,NO,26287.450366,strike_escalation,False
829,will-russia-strike-kyiv-on-february-11-2026,russia-strike-on-kyiv-municipality-on-252,NO,25446.160301,strike_escalation,False
830,will-russia-strike-kyiv-on-february-12-2026,russia-strike-on-kyiv-municipality-on-252,YES,78941.49741,strike_escalation,False
831,will-russia-strike-kyiv-on-february-13-2026,russia-strike-on-kyiv-municipality-on-252,NO,65214.381417,strike_escalation,False
832,will-russia-strike-kyiv-on-february-14-2026,russia-strike-on-kyiv-municipality-on-252,NO,36249.744977,strike_escalation,False
833,will-russia-strike-kyiv-on-february-15-2026,russia-strike-on-kyiv-municipality-on-252,NO,42198.054725,strike_escalation,False
834,will-russia-strike-kyiv-on-february-16-2026,russia-strike-on-kyiv-municipality-on-252,NO,39020.086256,strike_escalation,False
835,will-russia-strike-kyiv-on-february-17-2026,russia-strike-on-kyiv-municipality-on-252,NO,64646.174477,strike_escalation,False
836,will-russia-strike-kyiv-on-february-18-2026,russia-strike-on-kyiv-municipality-on-252,NO,34734.783475,strike_escalation,False
837,will-russia-strike-kyiv-on-february-19-2026,russia-strike-on-kyiv-municipality-on-252,NO,33882.776943,strike_escalation,False
838,will-russia-strike-kyiv-on-february-20-2026,russia-strike-on-kyiv-municipality-on-252,NO,29439.454065,strike_escalation,False
839,will-russia-strike-kyiv-on-february-21-2026,russia-strike-on-kyiv-municipality-on-252,NO,32853.637009,strike_escalation,False
840,will-russia-strike-kyiv-on-february-22-2026,russia-strike-on-kyiv-municipality-on-252,NO,107144.697216,strike_escalation,True
841,will-russia-strike-kyiv-on-february-23-2026,russia-strike-on-kyiv-municipality-on-252,NO,35475.548718,strike_escalation,False
842,will-russia-strike-kyiv-on-february-24-2026,russia-strike-on-kyiv-municipality-on-252,NO,22459.026692,strike_escalation,False
843,will-russia-strike-kyiv-on-february-25-2026,russia-strike-on-kyiv-municipality-on-252,NO,38433.434751,strike_escalation,False
844,will-russia-strike-kyiv-on-february-26-2026,russia-strike-on-kyiv-municipality-on-252,NO,51138.588552,strike_escalation,False
845,will-russia-strike-kyiv-on-february-27-2026,russia-strike-on-kyiv-municipality-on-252,NO,12775.795194,strike_escalation,False
846,will-russia-strike-kyiv-on-february-28-2026,russia-strike-on-kyiv-municipality-on-252,NO,15188.532659,strike_escalation,False
847,will-russia-strike-kyiv-on-march-31-2026,russia-strike-on-kyiv-municipality-on-252,NO,32537.66952300001,strike_escalation,False
848,ukraine-hits-moscow-by-february-14-2026,ukraine-hits-moscow-by,NO,24336.162079,strike_escalation,False
849,ukraine-hits-moscow-by-february-28-2026,ukraine-hits-moscow-by,NO,91734.779928,strike_escalation,False
850,ukraine-hits-moscow-by-march-31-2026,ukraine-hits-moscow-by,NO,23471.98918200002,strike_escalation,False
852,ukraine-hits-moscow-by-april-30-2026,ukraine-hits-moscow-by,NO,20334.330512,strike_escalation,False
853,will-russia-enter-bilytske-by-february-28,will-russia-enter-bilytske-by-february-28,YES,298252.734334,capture,True
854,will-russia-enter-bilytske-by-march-31,will-russia-enter-bilytske-by-february-28,YES,18577.395947,capture,False
855,will-russia-enter-ternuvate-by-february-28,will-russia-enter-ternuvate-by-february-28,YES,206765.67033,capture,True
856,will-russia-enter-rai-oleksandrivka-by-may-31-2026,will-russia-enter-rai-oleksandrivka-by-february-28,YES,12335.759916,capture,False
857,will-russia-enter-rai-oleksandrivka-by-february-28-2026,will-russia-enter-rai-oleksandrivka-by-february-28,NO,37618.784665,capture,False
858,will-russia-enter-rai-oleksandrivka-by-march-31-2026,will-russia-enter-rai-oleksandrivka-by-february-28,NO,18857.63141299999,capture,False
859,will-russia-enter-rai-oleksandrivka-by-april-30-2026,will-russia-enter-rai-oleksandrivka-by-february-28,YES,204649.3527719997,capture,True
860,will-russia-capture-drobysheve-by-february-28,will-russia-capture-drobysheve-by-february-28,NO,27352.090675,capture,False
861,will-russia-capture-drobysheve-by-march-31,will-russia-capture-drobysheve-by-february-28,YES,42897.34275899999,capture,False
862,will-russia-enter-kupiansk-vuzlovyi-by-february-28,will-russia-enter-kupiansk-vuzlovyi-by-february-28,YES,177888.257865,capture,True
864,will-russia-capture-havrylivka-by-june-30-2026,will-russia-capture-havrylivka-by-february-28,NO,55462.27622899998,capture,False
865,will-russia-capture-havrylivka-by-september-30-2026,will-russia-capture-havrylivka-by-february-28,NO,166924.795297,capture,True
869,will-russia-capture-havrylivka-by-april-30-2026,will-russia-capture-havrylivka-by-february-28,NO,53648.40974900002,capture,False
871,will-russia-enter-havrylivka-by-july-31-2026,will-russia-enter-havrylivka-by-february-28,NO,75822.87140000002,capture,False
872,will-russia-enter-havrylivka-by-september-30-2026,will-russia-enter-havrylivka-by-february-28,NO,47203.92133599999,capture,False
878,will-russia-capture-kupiansk-vuzlovyi-by-may-31,will-russia-capture-kupiansk-vuzlovyi-by,NO,13354.69431,capture,False
880,will-russia-capture-kupiansk-vuzlovyi-by-september-30,will-russia-capture-kupiansk-vuzlovyi-by,NO,86352.703742,capture,False
881,will-russia-capture-kupiansk-vuzlovyi-by-february-28,will-russia-capture-kupiansk-vuzlovyi-by,NO,24148.36798,capture,False
882,will-russia-capture-kupiansk-vuzlovyi-by-march-31,will-russia-capture-kupiansk-vuzlovyi-by,NO,41650.69497599996,capture,False
884,will-russia-enter-rizdvianka-by-february-28,will-russia-enter-rizdvianka-by-february-28,NO,126828.487969,capture,True
886,will-russia-capture-all-of-ternuvate-by-may-31-2026,will-russia-capture-all-of-ternuvate-by-february-28,NO,20556.80104400001,capture,False
888,will-russia-capture-all-of-ternuvate-by-february-28-2026,will-russia-capture-all-of-ternuvate-by-february-28,NO,54799.064726,capture,False
889,will-russia-capture-all-of-ternuvate-by-march-31-2026,will-russia-capture-all-of-ternuvate-by-february-28,NO,15608.520957,capture,False
890,will-russia-capture-all-of-ternuvate-by-april-30-2026,will-russia-capture-all-of-ternuvate-by-february-28,NO,19672.41114999999,capture,False
891,russia-x-ukraine-prisoner-exchange-by-february-14-2026,russia-x-ukraine-prisoner-exchange-by,YES,133583.512225,diplomacy_meeting,False
892,russia-x-ukraine-prisoner-exchange-by-february-28-2026,russia-x-ukraine-prisoner-exchange-by,YES,35518.125089,diplomacy_meeting,False
894,will-russia-capture-toretske-by-july-31-2026,will-russia-capture-toretske-by,NO,73400.6091,capture,False
895,will-russia-capture-toretske-by-september-30-2026,will-russia-capture-toretske-by,YES,24091.133999,capture,False
897,will-russia-capture-toretske-by-february-28,will-russia-capture-toretske-by,NO,16406.497448,capture,False
898,will-russia-capture-toretske-by-march-31-2026,will-russia-capture-toretske-by,NO,34034.40908500001,capture,False
901,will-russia-capture-sofiivka-by-june-30,will-russia-capture-sofiivka-by-february-28,NO,70261.66483399995,capture,False
902,will-russia-capture-sofiivka-by-december-31-161,will-russia-capture-sofiivka-by-february-28,YES,19638.65345400001,capture,False
904,will-russia-capture-sofiivka-by-february-28,will-russia-capture-sofiivka-by-february-28,NO,29672.582707,capture,False
905,will-russia-capture-sofiivka-by-march-31,will-russia-capture-sofiivka-by-february-28,NO,48112.85748799999,capture,False
906,will-russia-capture-sofiivka-by-april-30,will-russia-capture-sofiivka-by-february-28,NO,31127.41769699999,capture,False
907,will-russia-enter-kindrashivka-by-may-31,will-russia-enter-kindrashivka-by-february-28,NO,18784.717541,capture,False
908,will-russia-enter-kindrashivka-by-july-31,will-russia-enter-kindrashivka-by-february-28,YES,16409.07787900004,capture,False
909,will-russia-enter-kindrashivka-by-february-28,will-russia-enter-kindrashivka-by-february-28,NO,17228.925015,capture,False
912,will-russia-enter-kurylivka-by-february-28,will-russia-enter-kurylivka-by-february-28,YES,224078.744578,capture,True
913,will-russia-capture-all-of-rodynske-by-february-28,will-russia-capture-all-of-rodynske-by,NO,77955.282966,capture,False
916,will-russia-capture-all-of-huliaipole-by-may-31,will-russia-capture-all-of-huliaipole-by-february-28,NO,47828.93406800002,capture,False
917,will-russia-capture-all-of-huliaipole-by-june-30,will-russia-capture-all-of-huliaipole-by-february-28,NO,76427.51343299994,capture,False
918,will-russia-capture-all-of-huliaipole-by-september-30,will-russia-capture-all-of-huliaipole-by-february-28,YES,211893.864348,capture,True
919,will-russia-capture-all-of-huliaipole-by-february-28,will-russia-capture-all-of-huliaipole-by-february-28,NO,414628.167892,capture,True
920,will-russia-capture-all-of-huliaipole-by-march-31,will-russia-capture-all-of-huliaipole-by-february-28,NO,204048.0051069996,capture,True
921,will-russia-capture-all-of-huliaipole-by-april-30,will-russia-capture-all-of-huliaipole-by-february-28,NO,170005.8500869996,capture,True
923,will-russia-capture-all-of-drobysheve-by-july-31,will-russia-capture-all-of-drobysheve-by-march-31,NO,90707.365397,capture,False
925,will-russia-capture-all-of-drobysheve-by-march-31,will-russia-capture-all-of-drobysheve-by-march-31,NO,41156.29723300003,capture,False
926,will-russia-capture-all-of-drobysheve-by-april-30,will-russia-capture-all-of-drobysheve-by-march-31,NO,45907.062219,capture,False
928,will-russia-enter-serhiivka-by-july-31,will-russia-enter-serhiivka-by-march-31,NO,106554.560587,capture,True
930,will-russia-enter-serhiivka-by-march-31,will-russia-enter-serhiivka-by-march-31,NO,32960.71866700002,capture,False
932,will-russia-enter-verkhnia-tersa-by-february-28,will-russia-enter-verkhnia-tersa-by-february-28,NO,60303.164046,capture,False
933,will-russia-enter-verkhnia-tersa-by-march-31-2026,will-russia-enter-verkhnia-tersa-by-february-28,NO,47885.67326700001,capture,False
934,will-russia-enter-verkhnia-tersa-by-april-30-2026,will-russia-enter-verkhnia-tersa-by-february-28,YES,131705.6631529998,capture,True
937,will-russia-enter-pokrovskoe-by-february-28-2026,will-russia-enter-pokrovskoe-by,NO,35555.633958,capture,False
938,will-russia-enter-pokrovskoe-by-march-31-2026,will-russia-enter-pokrovskoe-by,NO,29950.72021900001,capture,False
939,will-russia-enter-pokrovskoe-by-april-30-2026,will-russia-enter-pokrovskoe-by,NO,11613.842311,capture,False
940,will-russia-enter-khatnie-by-may-31-2026,will-russia-enter-khatnie-by,NO,37572.822476,capture,False
941,will-russia-enter-khatnie-by-july-31-2026,will-russia-enter-khatnie-by,NO,42995.58138299999,capture,False
943,will-russia-enter-khatnie-by-february-28-2026,will-russia-enter-khatnie-by,NO,70988.690037,capture,False
944,will-russia-enter-khatnie-by-march-31-2026,will-russia-enter-khatnie-by,NO,36515.21665900003,capture,False
947,will-russia-capture-pokrovka-by-july-31,will-russia-capture-pokrovka-by,YES,201780.8706530002,capture,True
948,will-russia-capture-pokrovka-by-december-31,will-russia-capture-pokrovka-by,YES,30166.35746300001,capture,False
949,will-russia-capture-pokrovka-by-february-28,will-russia-capture-pokrovka-by,NO,37207.201644,capture,False
950,will-russia-capture-pokrovka-by-march-31,will-russia-capture-pokrovka-by,NO,16159.16965499999,capture,False
951,will-russia-capture-pokrovka-by-april-30,will-russia-capture-pokrovka-by,NO,12011.29887100001,capture,False
952,will-russia-enter-ternuvate-again-by-may-31,will-russia-enter-ternuvate-again-by-february-28,NO,34336.80755799999,capture,False
953,will-russia-enter-ternuvate-again-by-july-31,will-russia-enter-ternuvate-again-by-february-28,NO,108331.391163,capture,True
955,will-russia-enter-ternuvate-again-by-october-31,will-russia-enter-ternuvate-again-by-february-28,YES,123911.946093,capture,True
956,will-russia-enter-ternuvate-again-by-february-28,will-russia-enter-ternuvate-again-by-february-28,NO,100786.131209,capture,True
957,will-russia-enter-ternuvate-again-by-march-31,will-russia-enter-ternuvate-again-by-february-28,NO,218347.8439260004,capture,True
958,will-russia-enter-ternuvate-again-by-april-30,will-russia-enter-ternuvate-again-by-february-28,NO,45950.30019100013,capture,False
959,will-russia-capture-zaliznychne-by-february-28,will-russia-capture-zaliznychne-by-february-28,YES,239083.290299,capture,True
961,will-russia-capture-all-of-kostyantynivka-by-july-31-2026,will-russia-capture-all-of-kostyantynivka-by,NO,256959.7421600001,capture,True
962,will-russia-capture-all-of-kostyantynivka-by-september-30-2026-715,will-russia-capture-all-of-kostyantynivka-by,NO,269787.53403,capture,True
963,will-russia-capture-all-of-kostyantynivka-by-august-31-2026,will-russia-capture-all-of-kostyantynivka-by,NO,40671.728711,capture,False
968,will-russia-capture-all-of-kostyantynivka-by-june-30-2026,will-russia-capture-all-of-kostyantynivka-by,NO,244684.5998319996,capture,True
970,will-russia-capture-all-of-lyman-by-june-30-2026,will-russia-capture-all-of-lyman-by,NO,72620.60923599995,capture,False
972,will-russia-enter-krasnopillya-by-may-31,will-russia-enter-krasnopillya-by-april-30,NO,19322.29063100001,capture,False
973,will-russia-enter-krasnopillya-by-july-31,will-russia-enter-krasnopillya-by-april-30,NO,19712.904693,capture,False
974,will-russia-enter-krasnopillya-by-september-30,will-russia-enter-krasnopillya-by-april-30,NO,49136.457193,capture,False
977,will-russia-enter-mykhailivka-by-may-31,will-russia-enter-mykhailivka-by-april-30,NO,76905.74934499996,capture,False
978,will-russia-enter-mykhailivka-by-july-31,will-russia-enter-mykhailivka-by-april-30,NO,33880.74024799999,capture,False
979,will-russia-enter-mykhailivka-by-august-31,will-russia-enter-mykhailivka-by-april-30,NO,34774.669025,capture,False
981,will-russia-enter-mykhailivka-by-april-30,will-russia-enter-mykhailivka-by-april-30,NO,89533.9211670001,capture,False
982,will-russia-capture-kindrativka-by-may-31,will-russia-capture-kindrativka-by-march-31,NO,27606.38727799999,capture,False
984,will-russia-capture-kindrativka-by-september-30,will-russia-capture-kindrativka-by-march-31,NO,30486.350059,capture,False
990,will-russia-enter-stinky-by-may-31,will-russia-enter-stinky-by-march-31,NO,33040.69515699997,capture,False
991,will-russia-enter-stinky-by-july-31,will-russia-enter-stinky-by-march-31,NO,43868.54842099999,capture,False
994,will-russia-enter-stinky-by-march-31,will-russia-enter-stinky-by-march-31,NO,24684.112571,capture,False
995,will-russia-enter-stinky-by-april-30,will-russia-enter-stinky-by-march-31,NO,12050.19296,capture,False
997,will-ukraine-re-enter-uspenivka-by-may-31,will-ukraine-re-enter-uspenivka-by-march-31,NO,64761.54844899988,capture,False
999,will-ukraine-re-enter-uspenivka-by-september-30,will-ukraine-re-enter-uspenivka-by-march-31,NO,35272.58259999999,capture,False
1000,will-ukraine-re-enter-uspenivka-by-march-31,will-ukraine-re-enter-uspenivka-by-march-31,NO,58771.78403700023,capture,False
1001,will-ukraine-re-enter-uspenivka-by-april-30,will-ukraine-re-enter-uspenivka-by-march-31,NO,13624.598541,capture,False
1004,russia-x-ukraine-ceasefire-by-april-30-2026,russia-x-ukraine-ceasefire-by-april-30-2026,NO,9527883.414922891,ceasefire_peace,True
1005,will-volodymyr-zelenskyy-be-the-next-leader-out-before-2027-625,next-leader-out-of-power-before-2027-577,NO,15716.470942,leadership,False
1006,will-vladimir-putin-be-the-next-leader-out-before-2027-917,next-leader-out-of-power-before-2027-577,NO,256060.285485,leadership,False
1007,will-trump-meet-with-volodymyr-zelenskyy-in-march-2026-235,who-will-trump-meet-with-in-march,NO,10165.872663,diplomacy_meeting,False
1008,will-trump-meet-with-vladimir-putin-in-march-2026-246,who-will-trump-meet-with-in-march,NO,30235.884121,diplomacy_meeting,False
1011,will-volodymyr-zelenskyy-be-the-next-leader-out-before-2027-426,next-leader-out-of-power-before-2027-795,NO,217105.290044,leadership,False
1012,will-vladimir-putin-be-the-next-leader-out-before-2027-919,next-leader-out-of-power-before-2027-795,NO,528046.782456999,leadership,False
1013,will-russia-enter-dovha-balka-by-march-31,will-russia-enter-dovha-balka-by-march-31,NO,13848.747184,capture,False
1014,will-russia-enter-dovha-balka-by-april-30,will-russia-enter-dovha-balka-by-march-31,YES,98779.28148200006,capture,False
1015,will-russia-enter-novyi-donbas-by-may-31,will-russia-enter-novyi-donbas-by-march-31,NO,35561.06676000002,capture,False
1016,will-russia-enter-novyi-donbas-by-june-30,will-russia-enter-novyi-donbas-by-march-31,NO,52101.71819599999,capture,False
1017,will-russia-enter-novyi-donbas-by-september-30,will-russia-enter-novyi-donbas-by-march-31,YES,13395.491559,capture,False
1018,will-russia-enter-novyi-donbas-by-march-31,will-russia-enter-novyi-donbas-by-march-31,NO,38492.28154399997,capture,False
1019,will-russia-enter-novyi-donbas-by-april-30,will-russia-enter-novyi-donbas-by-march-31,NO,59021.92091600003,capture,False
1022,will-russia-capture-viroliubivka-by-march-31,will-russia-capture-viroliubivka-by-march-31,NO,13879.12934199999,capture,False
1024,will-russia-enter-shevchenko-by-may-31,will-russia-enter-shevchenko-by-march-31,NO,34143.198809,capture,False
1025,will-russia-enter-shevchenko-by-june-30,will-russia-enter-shevchenko-by-march-31,NO,33375.48079900016,capture,False
1026,will-russia-enter-shevchenko-by-september-30,will-russia-enter-shevchenko-by-march-31,YES,45567.73974999998,capture,False
1028,will-russia-enter-shevchenko-by-april-30,will-russia-enter-shevchenko-by-march-31,NO,26997.58796200001,capture,False
1029,will-russia-enter-svitle-by-may-31,will-russia-enter-svitle-by-march-31,NO,87504.38293300002,capture,False
1030,will-russia-enter-svitle-by-june-30,will-russia-enter-svitle-by-march-31,NO,52580.37247300001,capture,False
1031,will-russia-enter-svitle-by-september-30,will-russia-enter-svitle-by-march-31,YES,14933.068832,capture,False
1033,will-russia-enter-svitle-by-april-30,will-russia-enter-svitle-by-march-31,NO,16893.12250199999,capture,False
1034,will-russia-enter-krasnoiarske-by-may-31,will-russia-enter-krasnoiarske-by-march-31,NO,46511.05268500004,capture,False
1035,will-russia-enter-krasnoiarske-by-december-31-671,will-russia-enter-krasnoiarske-by-march-31,YES,11982.14091700001,capture,False
1036,will-russia-enter-krasnoiarske-by-july-31,will-russia-enter-krasnoiarske-by-march-31,YES,109202.648282,capture,True
1037,will-russia-enter-krasnoiarske-by-september-30,will-russia-enter-krasnoiarske-by-march-31,YES,13747.18949400001,capture,False
1041,will-ukraine-re-enter-maliivka-by-december-31,will-ukraine-re-enter-maliivka-by-march-31,YES,26381.34166500001,capture,False
1043,will-ukraine-re-enter-maliivka-by-march-31,will-ukraine-re-enter-maliivka-by-march-31,NO,14756.87106199999,capture,False
1044,will-ukraine-re-enter-maliivka-by-april-30,will-ukraine-re-enter-maliivka-by-march-31,NO,30277.46078999999,capture,False
1047,will-ukraine-re-enter-obratne-or-temyrivka-by-september-30,will-ukraine-re-enter-obratne-or-temyrivka-by-march-31,NO,36466.594593,capture,False
1048,will-ukraine-re-enter-obratne-or-temyrivka-by-march-31,will-ukraine-re-enter-obratne-or-temyrivka-by-march-31,NO,12243.03010599998,capture,False
1050,russia-x-ukraine-ceasefire-before-us-x-iran-ceasefire,russia-x-ukraine-ceasefire-before-us-x-iran-ceasefire,NO,79741.02031600001,ceasefire_peace,False
1052,russia-military-action-against-kyiv-municipality-by-march-23,russia-military-action-against-kyiv-municipality-by-march-23,NO,15046.667881,strike_escalation,False
1053,will-russia-enter-vasylivka-by-may-31-2026,will-russia-enter-vasylivka-by,NO,47030.80613700002,capture,False
1054,will-russia-enter-vasylivka-by-july-31-2026,will-russia-enter-vasylivka-by,YES,117658.917009,capture,True
1056,will-russia-enter-vasylivka-by-april-30-2026,will-russia-enter-vasylivka-by,NO,35168.71906800001,capture,False
1057,will-russia-enter-novooleksandrivka-by-may-31-2026,will-russia-enter-novooleksandrivka-by,NO,95280.89659800024,capture,False
1058,will-russia-enter-novooleksandrivka-by-june-30-2026,will-russia-enter-novooleksandrivka-by,NO,34105.00093500007,capture,False
1060,will-russia-enter-novooleksandrivka-by-july-31-2026,will-russia-enter-novooleksandrivka-by,YES,26513.65439800001,capture,False
1061,will-russia-enter-novooleksandrivka-by-march-31-2026,will-russia-enter-novooleksandrivka-by,NO,12893.033641,capture,False
1062,will-russia-enter-novooleksandrivka-by-april-30-2026,will-russia-enter-novooleksandrivka-by,NO,69592.29391300013,capture,False
1063,will-russia-enter-myrne-by-may-31-2026,will-russia-enter-myrne-by,NO,11786.696672,capture,False
1064,will-russia-enter-myrne-by-july-31-2026,will-russia-enter-myrne-by,NO,47393.42269000001,capture,False
1068,will-russia-enter-lyman-by-april-30,will-russia-enter-lyman-by-april-30,YES,102525.7960940001,capture,True
1069,will-ukraine-re-enter-rodynske-by-may-31,will-ukraine-re-enter-rodynske-by-april-30,YES,40106.114455,capture,False
1070,will-ukraine-re-enter-rodynske-by-april-30,will-ukraine-re-enter-rodynske-by-april-30,YES,424673.1158670009,capture,True
1072,will-trump-talk-to-volodymyr-zelenskyy-in-april,who-will-trump-talk-to-in-april,NO,28031.38689299999,diplomacy_meeting,False
1073,will-trump-talk-to-vladimir-putin-in-april,who-will-trump-talk-to-in-april,YES,324374.8941389997,diplomacy_meeting,False
1075,will-trump-meet-with-vladimir-putin-in-april-2026,who-will-trump-meet-with-in-april,NO,16634.372526,diplomacy_meeting,False
1076,russia-military-action-against-kyiv-municipality-by-march-27-387,russia-military-action-against-kyiv-municipality-by-march-27-387,NO,19323.623735,strike_escalation,False
1078,will-russia-capture-serhiivka-by-july-31,will-russia-capture-serhiivka-by-april-30,NO,32628.639259,capture,False
1081,russia-military-action-against-kyiv-municipality-by-march-31,russia-military-action-against-kyiv-municipality-by-march-31,NO,32938.112069,strike_escalation,False
1082,russia-x-ukraine-ceasefire-by-may-31-2026,russia-x-ukraine-ceasefire-by-may-31-2026,YES,141250712.6807031,ceasefire_peace,True
1083,russia-military-action-against-kyiv-municipality-by-april-3,russia-military-action-against-kyiv-municipality-by-april-3,NO,23830.01864700001,strike_escalation,False
1084,russia-x-ukraine-ceasefire-by-end-of-2027,russia-x-ukraine-ceasefire-by-end-of-2027,YES,192817.4904490008,ceasefire_peace,True
1085,russia-x-ukraine-ceasefire-by-june-30-2027,russia-x-ukraine-ceasefire-by-june-30-2027,YES,83320.24933000006,ceasefire_peace,False
1086,will-russia-capture-all-of-hryshyne-by-may-31,will-russia-capture-all-of-hryshyne-by-april-30,YES,166699.2793029994,capture,True
1087,will-russia-capture-all-of-hryshyne-by-june-30,will-russia-capture-all-of-hryshyne-by-april-30,YES,42678.52417400006,capture,False
1088,will-russia-capture-all-of-hryshyne-by-april-30,will-russia-capture-all-of-hryshyne-by-april-30,NO,52827.730103,capture,False
1090,will-russia-capture-all-of-bilytske-by-june-30,will-russia-capture-all-of-bilytske-by-june-30,NO,44886.56688500004,capture,False
1091,russia-military-action-against-kyiv-municipality-by-april-10,russia-military-action-against-kyiv-municipality-by-april-10,YES,34680.10850100001,strike_escalation,False
1092,will-russia-capture-all-of-pokrovsk-by-april-30-2026,will-russia-capture-all-of-pokrovsk-by,NO,14558.319435,capture,False
1093,will-russia-capture-all-of-pokrovsk-by-may-31-2026,will-russia-capture-all-of-pokrovsk-by,YES,303491.860096,capture,True
1094,russia-military-action-against-kyiv-municipality-by-april-10-578,russia-military-action-against-kyiv-municipality-by-april-10-578,NO,12623.423641,strike_escalation,False
1096,will-ukraine-re-enter-myrnohrad-by-may-31,will-ukraine-re-enter-myrnohrad-by-may-31,NO,12740.57541699999,capture,False
1097,russia-military-action-against-kyiv-municipality-by-april-17,russia-military-action-against-kyiv-municipality-by-april-17,YES,54150.076604,strike_escalation,False
1098,will-russia-enter-huliaipilske-by-april-30,will-russia-enter-huliaipilske-by-april-30,NO,14196.096635,capture,False
1099,will-russia-enter-huliaipilske-by-may-31,will-russia-enter-huliaipilske-by-april-30,YES,129056.4339909999,capture,True
1100,will-russia-enter-kupiansk-vuzlovyi-by-april-30,will-russia-enter-kupiansk-vuzlovyi-by,YES,187879.9437819999,capture,True
1101,will-russia-enter-kupiansk-vuzlovyi-by-may-31,will-russia-enter-kupiansk-vuzlovyi-by,YES,17291.831808,capture,False
1103,will-russia-capture-dovha-balka-by-may-31,will-russia-capture-dovha-balka-by,NO,23022.34793600001,capture,False
1104,will-russia-capture-dovha-balka-by-june-30,will-russia-capture-dovha-balka-by,NO,59788.12493599999,capture,False
1105,will-russia-capture-dovha-balka-by-september-30,will-russia-capture-dovha-balka-by,NO,55453.639478,capture,False
1108,will-russia-capture-huliaipilske-by-may-31,will-russia-capture-huliaipilske-by,NO,49032.04752200002,capture,False
1109,will-russia-capture-huliaipilske-by-june-30,will-russia-capture-huliaipilske-by,NO,59174.64303200004,capture,False
1110,will-russia-capture-huliaipilske-by-september-30,will-russia-capture-huliaipilske-by,NO,34817.87759699999,capture,False
1113,will-russia-enter-moskovka-by-may-31,will-russia-enter-moskovka-by,NO,17369.657745,capture,False
1114,will-russia-enter-moskovka-by-july-31,will-russia-enter-moskovka-by,NO,50201.873088,capture,False
1115,will-russia-enter-moskovka-by-august-31,will-russia-enter-moskovka-by,NO,28985.159417,capture,False
1116,will-russia-enter-moskovka-by-september-30,will-russia-enter-moskovka-by,NO,11117.212078,capture,False
1118,will-russia-capture-riasne-by-may-31,will-russia-capture-riasne-by-may-31,YES,96777.34549399998,capture,False
1119,will-russia-enter-riasne-by-may-31,will-russia-enter-riasne-by-may-31,YES,24521.63370099998,capture,False
1120,will-russia-capture-myropillia-by-may-31,will-russia-capture-myropillia-by-may-31,NO,46483.01519700003,capture,False
1121,will-russia-capture-myropillia-by-july-31,will-russia-capture-myropillia-by-may-31,NO,37325.442264,capture,False
1123,will-russia-capture-verkhnia-tersa-by-may-31,will-russia-capture-verkhnia-tersa-by-may-31,NO,39267.00824899998,capture,False
1124,will-russia-capture-verkhnia-tersa-by-july-31,will-russia-capture-verkhnia-tersa-by-may-31,NO,16190.203312,capture,False
1125,will-russia-capture-verkhnia-tersa-by-september-30,will-russia-capture-verkhnia-tersa-by-may-31,NO,58262.73769699999,capture,False
1128,will-volodymyr-zelenskyy-be-the-next-leader-out-before-2027-397,next-leader-out-of-power-before-2027-no-orban,NO,12461579.88495298,leadership,False
1129,will-vladimir-putin-be-the-next-leader-out-before-2027-417,next-leader-out-of-power-before-2027-no-orban,NO,4797407.268387003,leadership,False
1130,will-trump-speak-to-volodymyr-zelenskyy-in-may,who-will-trump-speak-to-in-may,NO,40166.11205199987,diplomacy_meeting,False
1131,will-trump-speak-to-vladimir-putin-in-may,who-will-trump-speak-to-in-may,NO,54329.47083100017,diplomacy_meeting,False
1132,will-trump-meet-with-volodymyr-zelenskyy-in-may-2026,who-will-trump-meet-with-in-may,NO,12523.876253,diplomacy_meeting,False
1133,will-trump-meet-with-vladimir-putin-in-may-2026,who-will-trump-meet-with-in-may,NO,65899.47706800001,diplomacy_meeting,False
1134,will-russia-capture-prymorske-by-june-30-2026,will-russia-capture-prymorske-by,NO,17209.914402,capture,False
1135,will-russia-capture-prymorske-by-september-30-2026,will-russia-capture-prymorske-by,NO,55102.83253699999,capture,False
1137,will-russia-capture-rai-oleksandrivka-by-june-30,will-russia-capture-rai-oleksandrivka-by-june-30,NO,116998.037464,capture,True
1139,will-russia-capture-rai-oleksandrivka-by-september-30,will-russia-capture-rai-oleksandrivka-by-june-30,NO,32272.917354,capture,False
1140,russia-x-ukraine-diplomatic-meeting-by-may-31-2026,russia-x-ukraine-diplomatic-meeting-by,NO,117138.263245,diplomacy_meeting,False
1141,russia-x-ukraine-diplomatic-meeting-by-june-30-2026,russia-x-ukraine-diplomatic-meeting-by,YES,238994.3102769989,diplomacy_meeting,False
1142,russia-x-ukraine-diplomatic-meeting-by-december-31-2026,russia-x-ukraine-diplomatic-meeting-by,YES,124549.175643,diplomacy_meeting,False
1143,will-russia-capture-all-of-rodynske-again-by-may-31,will-russia-capture-all-of-rodynske-again-by,NO,12097.679555,capture,False
1144,will-russia-capture-all-of-rodynske-again-by-june-30,will-russia-capture-all-of-rodynske-again-by,NO,116924.3583669999,capture,True
1145,will-russia-capture-all-of-rodynske-again-by-july-31,will-russia-capture-all-of-rodynske-again-by,YES,45881.72539499989,capture,False
1146,will-russia-capture-all-of-rodynske-again-by-september-30,will-russia-capture-all-of-rodynske-again-by,YES,14233.074255,capture,False
1150,will-russia-enter-dopropillia-by-december-31-2026,which-cities-will-russia-enter-by-december-31,YES,452873.705608,capture,True
1155,russia-x-ukraine-ceasefire-agreement-by-may-31-2026,russia-x-ukraine-ceasefire-agreement-by,NO,817234.6580109998,ceasefire_peace,True
1156,russia-x-ukraine-ceasefire-agreement-by-june-30-2026,russia-x-ukraine-ceasefire-agreement-by,NO,1720097.105847003,ceasefire_peace,True
1159,russia-x-ukraine-ceasefire-agreement-by-august-31-2026,russia-x-ukraine-ceasefire-agreement-by,NO,586175.510101,ceasefire_peace,True
1174,russia-x-ukraine-ceasefire-by-may-31-2026-415,russia-x-ukraine-ceasefire-by,NO,59353.859586,ceasefire_peace,False
1175,russia-x-ukraine-ceasefire-by-june-30-2026-631,russia-x-ukraine-ceasefire-by,NO,290558.1525730004,ceasefire_peace,True
1178,will-russia-capture-mala-tokmachka-by-june-30-2026,will-russia-capture-mala-tokmachka-by,NO,78082.93248800005,capture,False
1179,will-russia-capture-mala-tokmachka-by-september-30-2026,will-russia-capture-mala-tokmachka-by,NO,311070.980169,capture,True
1181,will-russia-capture-orikhiv-by-september-30-2026,will-russia-capture-orikhiv-by,NO,213594.903586,capture,True
1184,will-russia-capture-all-of-chasiv-yar-by-september-30,will-russia-capture-all-of-chasiv-yar-by,NO,78643.505955,capture,False
1186,trump-meets-with-putin-by-june-30,trump-meets-with-putin-by,NO,10297.227848,diplomacy_meeting,False
1187,trump-meets-with-putin-by-september-30,trump-meets-with-putin-by,NO,165957.685901,diplomacy_meeting,False
1191,will-russia-enter-riasne-by-may-31-2026,will-russia-enter-riasne-again-by,YES,17485.95226500001,capture,False
1192,will-russia-enter-riasne-by-june-30-2026,will-russia-enter-riasne-again-by,YES,15042.748785,capture,False
1193,will-russia-capture-kupiansk-by-september-30-2026,will-russia-capture-kupiansk-by-387,NO,124116.619067,capture,True
1196,will-ukraine-re-enter-kamianske-by-june-30,will-ukraine-re-enter-kamianske-by-june-30,NO,67178.41340200003,capture,False
1197,will-ukraine-re-enter-kamianske-by-september-30,will-ukraine-re-enter-kamianske-by-june-30,NO,20920.085367,capture,False
1199,will-trump-speak-to-volodymyr-zelenskyy-in-june,who-will-trump-speak-to-in-june,YES,50787.61511100005,diplomacy_meeting,False
1200,will-trump-speak-to-vladimir-putin-in-june,who-will-trump-speak-to-in-june,YES,96891.05756700004,diplomacy_meeting,False
1201,will-trump-meet-with-volodymyr-zelenskyy-in-june-2026,who-will-trump-meet-with-in-june,YES,32736.64972800006,diplomacy_meeting,False
1203,will-russia-capture-dorozhnie-by-june-30-2026,will-russia-capture-dorozhnie-by,YES,65651.61490200006,capture,False
1204,will-russia-capture-dorozhnie-by-july-31-2026,will-russia-capture-dorozhnie-by,YES,23904.15014899999,capture,False
1205,will-russia-enter-stavky-by-june-30,will-russia-enter-stavky-by-june-30,NO,17204.06636900001,capture,False
1206,will-russia-enter-stavky-by-september-30,will-russia-enter-stavky-by-june-30,NO,53714.57202000001,capture,False
1208,will-russia-capture-stavky-by-july-31,will-russia-capture-stavky-by-july-31,NO,97460.64821400002,capture,False
1209,will-russia-capture-stavky-by-september-30,will-russia-capture-stavky-by-july-31,NO,34162.540022,capture,False
1212,will-ukraine-re-enter-hryshyne-by-july-31-20260604220043035,will-ukraine-re-enter-hryshyne-byptptpt-20260604220409322,NO,14426.700735,capture,False
1213,will-ukraine-re-enter-hryshyne-by-september-30,will-ukraine-re-enter-hryshyne-byptptpt-20260604220409322,NO,98535.31407599998,capture,False
1215,russia-x-ukraine-diplomatic-meeting-by-june-30-2026-20260609011545512,russia-x-ukraine-any-diplomatic-meeting-byptptpt-20260609011544748,YES,37515.742195,diplomacy_meeting,False
1216,russia-x-ukraine-diplomatic-meeting-by-september-30-2026-20260609011545513,russia-x-ukraine-any-diplomatic-meeting-byptptpt-20260609011544748,YES,18336.387185,diplomacy_meeting,False
1217,russia-x-ukraine-diplomatic-meeting-by-december-31-2026-20260609011545514,russia-x-ukraine-any-diplomatic-meeting-byptptpt-20260609011544748,YES,10238.268237,diplomacy_meeting,False
1219,russia-ukraine-peace-talks-by-june-30-2026-20260609012542187,russia-x-ukraine-peace-talks-byptptpt-20260609012540716,NO,18712.02014900001,ceasefire_peace,False
1220,russia-ukraine-peace-talks-by-september-30-2026-20260609012542188,russia-x-ukraine-peace-talks-byptptpt-20260609012540716,NO,413399.1621979999,ceasefire_peace,True
1225,ukraine-signs-peace-deal-with-russia-by-august-31-20260619003108240,ukraine-signs-peace-deal-with-russia-by-august-31-20260619003108240,NO,321701.841326,ceasefire_peace,True
1226,ukraine-agrees-not-to-join-nato-by-august-31-20260619004335094,ukraine-agrees-not-to-join-nato-by-august-31-20260619004335094,NO,30199.070393,alliance_arms,False
1227,will-putin-meet-with-zelenskyy-by-august-31-2026-20260619004734475,will-putin-meet-with-zelenskyy-by-august-31-2026-20260619004734475,NO,98453.987285,diplomacy_meeting,False
1228,will-trump-meet-with-volodymyr-zelenskyy-in-july-2026-20260626153701906,who-will-trump-meet-with-in-july-20260626153701904,YES,23997.66237100001,diplomacy_meeting,False
1230,will-trump-speak-to-volodymyr-zelenskyy-in-july-20260626154217425,who-will-trump-speak-to-in-july-20260626154217421,YES,18604.695163,diplomacy_meeting,False
1231,will-trump-speak-to-vladimir-putin-in-july-20260626154217428,who-will-trump-speak-to-in-july-20260626154217421,YES,16479.916301,diplomacy_meeting,False
1232,untitled-market-1-20260629155005352,russia-x-ukraine-any-diplomatic-meeting-byptptpt-20260629155934230,NO,240502.691569,capture,True
1233,will-russia-and-ukraine-hold-any-diplomatic-meeting-by-august-31-2026-20260629155934232-846,russia-x-ukraine-any-diplomatic-meeting-byptptpt-20260629155934230,YES,302859.4188170001,capture,True
1234,will-russia-and-ukraine-hold-any-diplomatic-meeting-by-august-15-2026,russia-x-ukraine-any-diplomatic-meeting-byptptpt-20260629155934230,NO,73435.49150100003,capture,False
1235,will-russia-and-ukraine-hold-any-diplomatic-meeting-by-september-30-2026,russia-x-ukraine-any-diplomatic-meeting-byptptpt-20260629155934230,YES,58382.95626400001,capture,False
1236,will-russia-and-ukraine-hold-any-diplomatic-meeting-by-december-31-2026,russia-x-ukraine-any-diplomatic-meeting-byptptpt-20260629155934230,YES,10623.909492,capture,False
1237,untitled-market-1-20260630004444282,will-russia-capture-kozacha-lopan-byptptpt-20260630005737619,NO,42029.10436100001,capture,False
1241,moscow-air-traffic-suspended-by-july-15-20260702184246098,moscow-air-traffic-suspended-byptptpt-20260702184246097,YES,10837.477741,strike_escalation,False
1242,moscow-air-traffic-suspended-by-july-31-20260702184246099,moscow-air-traffic-suspended-byptptpt-20260702184246097,YES,13667.772029,strike_escalation,False
1244,will-russia-enter-oleksiievo-druzhkivka-by-september-30-20260706175201730,will-russia-enter-oleksiievo-druzhkivka-byptptpt-20260706175201729,YES,98226.373431,capture,False
1245,will-russia-enter-oleksiievo-druzhkivka-by-december-31-20260706175201731,will-russia-enter-oleksiievo-druzhkivka-byptptpt-20260706175201729,YES,17400.646091,capture,False
1248,moscow-air-traffic-suspended-by-august-31-20260708134955089,moscow-air-traffic-suspended-byptptpt-20260708135545841,YES,32136.859152,strike_escalation,False
1249,will-russia-capture-oleksiievo-druzhkivka-by-september-30-2026-20260706174556070,will-russia-capture-oleksiievo-druzhkivka-byptptpt-20260706174556069,NO,192761.592085,capture,True
1254,will-russia-capture-novodmytrivka-by-july-31-20260714215009495,will-russia-capture-novodmytrivka-byptptpt-20260714215009494,NO,62417.514536,capture,False
1255,will-russia-capture-novodmytrivka-by-september-30-20260714215009496,will-russia-capture-novodmytrivka-byptptpt-20260714215009494,NO,34148.90564500001,capture,False
1257,mykhailo-fedorov-reinstated-as-ukrainian-defense-minister-by-july-17-2026-20260716190353337,mykhailo-fedorov-reinstated-as-ukrainian-defense-minister-byptptpt-20260716185015029,NO,30192.489111,leadership,False
1258,mykhailo-fedorov-reinstated-as-ukrainian-defense-minister-by-july-24-2026-20260716190353338,mykhailo-fedorov-reinstated-as-ukrainian-defense-minister-byptptpt-20260716185015029,NO,85088.924122,leadership,False
1259,mykhailo-fedorov-reinstated-as-ukrainian-defense-minister-by-july-31-2026-20260716190353339,mykhailo-fedorov-reinstated-as-ukrainian-defense-minister-byptptpt-20260716185015029,NO,133463.687552,leadership,False
1260,mykhailo-fedorov-reinstated-as-ukrainian-defense-minister-by-august-31-2026-20260722051644333,mykhailo-fedorov-reinstated-as-ukrainian-defense-minister-byptptpt-20260716185015029,NO,185599.232785,leadership,False
1262,yevhen-khmara-appointed-as-ukrainian-minister-of-defence-by-july-31-20260716170825742-638,yevhen-khmara-appointed-as-ukrainian-minister-of-defence-by-july-31-20260716170825742,NO,17124.96525900001,leadership,False
1263,yevhen-khmara-appointed-as-ukrainian-minister-of-defence-by-august-31,yevhen-khmara-appointed-as-ukrainian-minister-of-defence-by-july-31-20260716170825742,YES,10636.947459,leadership,False
1264,will-oleksandr-syrskyi-be-out-as-ukraines-commander-in-chief-by-july-31-2026-20260716215104507,oleksandr-syrskyi-out-as-ukraines-commander-in-chief-byptptpt-20260716215007861,YES,392707.2045919992,leadership,False
1265,will-oleksandr-syrskyi-be-out-as-ukraines-commander-in-chief-by-december-31-2026-20260716215104508,oleksandr-syrskyi-out-as-ukraines-commander-in-chief-byptptpt-20260716215007861,YES,169452.939313,leadership,False
1269,moscow-air-traffic-suspended-by-august-31-20260720155944305,moscow-air-traffic-suspended-byptptpt-20260720160042592,YES,43217.260888,strike_escalation,False
1270,will-mykhailo-drapatyi-be-appointed-as-the-next-commander-in-chief-of-the-armed-forces-of-ukraine-in-2026-20260720173143949,who-will-be-ukraines-next-commander-in-chief-in-2026-20260720173143948,YES,27054.59019500001,leadership,False
1278,will-russia-enter-matiasheve-by-august-31-20260724170338273,will-russia-enter-matiasheve-byptptpt-20260724170338272,YES,24772.447636,capture,False
1280,will-russia-capture-vodianske-by-september-30-20260724162613571,will-russia-capture-vodianske-byptptpt-20260724162613570,NO,58210.009627,capture,False
1282,will-russia-capture-novyi-donbas-by-august-31-20260724163321935,will-russia-capture-novyi-donbas-byptptpt-20260724163321934,NO,51551.347523,capture,False
1284,will-russia-capture-kucheriv-yar-by-august-31-20260724165221453,will-russia-capture-kucheriv-yar-byptptpt-20260724165221452,NO,131365.831599,capture,True
1286,will-ukraine-re-enter-rodynske-by-september-30-2026-20260724164113824,will-ukraine-re-enter-rodynske-byptptpt-20260724164113823,NO,146280.283464,capture,True
1289,nato-downs-another-russian-drone-by-august-31-20260726215001931,nato-downs-another-russian-drone-byptptpt-20260726214930818,YES,485611.6507999999,strike_escalation,True
1290,another-nato-article-4-invocation-by-august-31-2026-20260726214511852,another-nato-article-4-byptptpt-20260726214235871,NO,145714.7823120001,alliance_arms,False
1293,ukraine-strikes-another-tanker-in-the-caspian-sea-by-july-31-2026-20260726221135932,ukraine-strikes-another-tanker-in-caspian-sea-byptptpt-20260726221135931,NO,32453.973033,strike_escalation,False
1298,will-russia-target-kyiv-by-july-31-2026-20260727233830631,will-russia-target-kyiv-byptptpt-20260727233830630,YES,13882.418085,strike_escalation,False
1300,will-iran-target-ukraine-by-august-31-2026-20260727234956917,will-iran-target-ukraine-byptptpt-20260727234956916,NO,339031.268547,strike_escalation,True
1301,will-iran-target-ukraine-by-september-30-2026-20260727234956918,will-iran-target-ukraine-byptptpt-20260727234956916,NO,184657.5726549999,strike_escalation,True
1303,ukraine-strikes-another-vessel-in-the-black-sea-by-august-31-2026-20260727160618747,ukraine-strikes-another-vessel-in-black-sea-byptptpt-20260727160618745,YES,11243.346225,strike_escalation,False
1304,will-russia-enter-hannivka-by-september-30-2026-20260729205140183,will-russia-enter-hannivka-byptptpt-20260729205150054,YES,38501.54917300001,capture,False
1306,will-russia-enter-hannivka-by-august-31-2026-20260811165006763,will-russia-enter-hannivka-byptptpt-20260729205150054,NO,25737.402756,capture,False
1307,will-trump-meet-with-volodymyr-zelenskyy-in-august-2026-20260731154202609,who-will-trump-meet-with-in-august-20260731154151454,NO,122461.637703,diplomacy_meeting,False
1308,will-trump-meet-with-vladimir-putin-in-august-2026-20260731154202612,who-will-trump-meet-with-in-august-20260731154151454,NO,27447.519507,diplomacy_meeting,False
1309,will-trump-speak-to-volodymyr-zelenskyy-in-august-20260731154203515,who-will-trump-speak-to-in-august-20260731154151454,NO,12434.786585,diplomacy_meeting,False
1310,will-trump-speak-to-vladimir-putin-in-august-20260731154203518,who-will-trump-speak-to-in-august-20260731154151454,NO,18074.103232,diplomacy_meeting,False
1318,ukraine-strikes-another-vessel-in-the-black-sea-by-august-15-2026-20260804183343485,ukraine-strikes-another-vessel-in-black-sea-byptptpt-20260804183343483,YES,11518.720078,strike_escalation,False
1319,will-russia-enter-mykolaivka-by-september-30-2026-20260805154948090,will-russia-enter-mykolaivka-byptptpt-20260805154948089,YES,295937.081598,capture,True
1320,will-russia-enter-mykolaivka-by-december-31-2026-20260805154948091,will-russia-enter-mykolaivka-byptptpt-20260805154948089,YES,96433.115229,capture,False
1321,will-russia-enter-mykolaivka-by-october-31-2026,will-russia-enter-mykolaivka-byptptpt-20260805154948089,YES,49500.758889,capture,False
1324,will-russia-capture-svitle-by-august-31-20260805161409630,will-russia-capture-svitle-byptptpt-20260805161409629,NO,32006.349023,capture,False
1326,will-russia-capture-shevchenko-by-august-31-20260805162837388,will-russia-capture-shevchenko-byptptpt-20260805162837387,NO,47406.913909,capture,False
1329,russia-strikes-another-vessel-in-the-black-sea-by-august-15-2026-20260805160021492,russia-strikes-another-vessel-in-black-sea-byptptpt-20260805160021490,YES,28556.826243,strike_escalation,False
1332,will-russia-target-kyiv-by-august-10-2026-20260809090428975,will-russia-target-kyiv-byptptpt-20260809090433109,NO,41551.44609,strike_escalation,False
1333,will-russia-target-kyiv-by-august-14-2026-20260809090411471,will-russia-target-kyiv-byptptpt-20260809090433109,YES,63441.062844,strike_escalation,False
1334,will-russia-target-kyiv-on-august-11-2026-20260810162903046,will-russia-target-kyiv-onptptpt-20260810162903045,YES,11934.218694,strike_escalation,False
1348,will-russia-target-kyiv-on-august-25-2026-20260810162903060,will-russia-target-kyiv-onptptpt-20260810162903045,YES,22714.130585,strike_escalation,False
1364,will-russia-capture-the-royal-cafe-alex-in-kostyantynivka-by-september-30-2026,will-russia-capture-the-royal-cafe-alex-in-kostyantynivka-byptptpt,NO,17426.366932,capture,False
1373,will-russia-and-ukraine-hold-any-diplomatic-meeting-by-august-31-2026-20260819,russia-x-ukraine-any-diplomatic-meeting-byptptpt-20260819,NO,21757.789972,capture,False
1374,will-russia-and-ukraine-hold-any-diplomatic-meeting-by-september-30-2026-20260819-521,russia-x-ukraine-any-diplomatic-meeting-byptptpt-20260819,NO,194354.042135,capture,True
1376,will-russia-and-ukraine-hold-any-diplomatic-meeting-by-september-15-2026,russia-x-ukraine-any-diplomatic-meeting-byptptpt-20260819,NO,98840.94661800002,capture,False
1380,will-ukraine-target-moscow-by-august-31-2026,will-ukraine-target-moscow-byptptpt-20260820081004723,YES,22496.592234,strike_escalation,False
1387,moscow-air-traffic-suspended-by-august-31-20260824,moscow-air-traffic-suspended-byptptpt-20260824,NO,22302.860109,strike_escalation,False
1388,moscow-air-traffic-suspended-by-september-15-20260824,moscow-air-traffic-suspended-byptptpt-20260824,NO,246923.411241,strike_escalation,True
1389,will-russia-announce-a-new-forced-mobilization-by-september-30-2026,will-russia-announce-a-new-forced-mobilization-byptptpt,NO,163214.889448,strike_escalation,True
1394,will-trump-meet-with-volodymyr-zelenskyy-in-september-2026-20260826,who-will-trump-meet-with-in-september-20260826,YES,14476.626719,diplomacy_meeting,False
1395,will-trump-meet-with-vladimir-putin-in-september-2026-20260826,who-will-trump-meet-with-in-september-20260826,NO,32914.239881,diplomacy_meeting,False
1396,will-trump-speak-to-volodymyr-zelenskyy-in-september,who-will-trump-speak-to-in-september,YES,15618.642615,diplomacy_meeting,False
1400,nato-downs-another-russian-drone-by-september-15-20260828,nato-downs-another-russian-drone-byptptpt-20260828,YES,40520.951061,strike_escalation,False
1401,nato-downs-another-russian-drone-by-september-30-20260828,nato-downs-another-russian-drone-byptptpt-20260828,YES,25836.252942,strike_escalation,False
1406,will-russia-target-kyiv-on-september-5-2026,will-russia-target-kyiv-on-september-2026,NO,12677.056453,strike_escalation,False
1408,will-russia-target-kyiv-on-september-7-2026,will-russia-target-kyiv-on-september-2026,NO,24780.52064900001,strike_escalation,False
1443,will-any-aircraft-land-or-take-off-at-kyiv-boryspil-airport-by-september-30,will-any-aircraft-land-or-take-off-at-kyiv-boryspil-airport-by,NO,12456.538497,other,False
1446,will-ukraine-re-enter-kolodiazi-by-october-31-2026,will-ukraine-re-enter-kolodiazi-by,YES,20397.652871,capture,False
1447,will-ukraine-re-enter-kolodiazi-by-december-31-2026,will-ukraine-re-enter-kolodiazi-by,YES,10833.261458,capture,False
1448,will-russia-enter-preobrazhenka-by-october-31-2026,will-russia-enter-preobrazhenka-by,YES,12671.336835,capture,False
1451,will-ukraine-target-moscow-by-september-15-2026-20260907,will-ukraine-target-moscow-by-20260907,NO,30285.901725,strike_escalation,False
1458,trump-vetoes-russia-sanctions-bill,trump-vetoes-russia-sanctions-bill,NO,12870.472038,sanctions_econ,False
1459,eu-country-blames-russia-for-new-sabotage-attack-by-october-31-2026,eu-country-blames-russia-for-new-sabotage-attack-by,YES,53401.822571,strike_escalation,False
1460,eu-country-blames-russia-for-new-sabotage-attack-by-december-31-2026,eu-country-blames-russia-for-new-sabotage-attack-by,YES,34230.994106,strike_escalation,False
1461,russia-military-action-against-eu-country-by-september-30-2026,russia-military-action-against-eu-country-byptptpt,NO,42963.43756099999,strike_escalation,False
1513,will-russia-target-kyiv-on-october-4-2026,will-russia-target-kyiv-on-october-2026,YES,74482.191792,strike_escalation,False
