frame_row,slug,event_slug,expand
3,will-biden-and-putin-meet-by-march-21-2022,will-biden-and-putin-meet-by-march-21-2022,0
4,will-volodymyr-zelenskyy-be-ukraines-president-on-april-22-2022,will-volodymyr-zelenskyy-be-ukraines-president-on-april-22-2022,0
5,will-the-russian-ruble-rub-fall-below-0p01-by-march-15,will-the-russian-ruble-rub-fall-below-0p01-by-march-15,0
6,will-any-russian-institution-be-disconnected-from-swift-by-april-1,will-any-russian-institution-be-disconnected-from-swift-by-april-1,0
7,will-the-russian-ruble-rub-fall-below-0p005-by-march-25,will-the-russian-ruble-rub-fall-below-0p005-by-march-25,0
8,will-nato-expand-in-2022,will-nato-expand-in-2022,0
9,will-vladimir-putin-remain-president-of-russia-through-2022,will-vladimir-putin-remain-president-of-russia-through-2022,0
10,will-the-ukrainian-government-receive-more-than-25m-in-crypto-donations-by-march-10,will-the-ukrainian-government-receive-more-than-25m-in-crypto-donations-by-march-10,0
11,will-any-nato-member-country-invoke-article-5-by-june-30-2022,will-any-nato-member-country-invoke-article-5-by-june-30-2022,0
12,will-russia-expand-its-number-of-federal-subjects-by-july-1-2022,will-russia-expand-its-number-of-federal-subjects-by-july-1-2022,0
13,will-any-belarusian-bank-be-disconnected-from-swift-by-april-30-2022,will-any-belarusian-bank-be-disconnected-from-swift-by-april-30-2022,0
14,will-russia-have-its-unsc-permanent-member-status-stripped-by-april-30-2022,will-russia-have-its-unsc-permanent-member-status-stripped-by-april-30-2022,0
15,will-ukraine-be-a-member-state-of-the-european-union-by-july-31-2022,will-ukraine-be-a-member-state-of-the-european-union-by-july-31-2022,0
16,will-the-moscow-stock-exchange-market-open-for-stock-trading-by-march-11-2022,will-the-moscow-stock-exchange-market-open-for-stock-trading-by-march-11-2022,0
17,will-there-be-more-than-4-million-ukrainian-refugees-by-march-24,will-there-be-more-than-4-million-ukrainian-refugees-by-march-24,0
18,will-nato-declare-a-no-fly-zone-over-any-ukrainian-territory-by-april-30-2022,will-nato-declare-a-no-fly-zone-over-any-ukrainian-territory-by-april-30-2022,0
19,will-the-moscow-stock-exchange-market-moex-open-for-trading-by-march-25-2022,will-the-moscow-stock-exchange-market-moex-open-for-trading-by-march-25-2022,0
20,will-ukraine-formally-cede-crimea-luhansk-or-donetsk-by-may-31-2022,will-ukraine-formally-cede-crimea-luhansk-or-donetsk-by-may-31-2022,0
21,will-ukraine-become-a-european-union-candidate-country-by-july-31st,will-ukraine-become-a-european-union-candidate-country-by-july-31st,0
22,will-volodymyr-zelenskyy-and-vladimir-putin-meet-in-person-before-june-2022,will-volodymyr-zelenskyy-and-vladimir-putin-meet-in-person-before-june-2022,0
23,will-the-russian-ruble-rub-fall-below-0pt005-by-may-1,will-the-russian-ruble-rub-fall-below-0pt005-by-may-1,0
24,will-zelenskyy-and-biden-meet-in-person-by-april-30,will-zelenskyy-and-biden-meet-in-person-by-april-30,0
25,will-there-be-more-than-5-million-ukrainian-refugees-by-april-30-2022,will-there-be-more-than-5-million-ukrainian-refugees-by-april-30-2022,0
26,will-russia-remain-in-g20-through-november-1-2022,will-russia-remain-in-g20-through-november-1-2022,0
27,will-vladimir-putin-become-a-defendant-of-the-icc-before-2023,will-vladimir-putin-become-a-defendant-of-the-icc-before-2023,0
28,will-russias-ambassador-to-any-eu-country-be-recalled-or-expelled-before-june-1,will-russias-ambassador-to-any-eu-country-be-recalled-or-expelled-before-june-1,0
29,will-alexander-lukashenko-remain-president-of-belarus-through-2022,will-alexander-lukashenko-remain-president-of-belarus-through-2022,0
30,will-the-usa-ambassador-be-recalled-or-expelled-from-russia-before-june-1-2022,will-the-usa-ambassador-be-recalled-or-expelled-from-russia-before-june-1-2022,0
31,will-president-biden-visit-ukraine-by-june-1-2022,will-president-biden-visit-ukraine-by-june-1-2022,0
32,will-volodymyr-zelenskyy-be-president-of-ukraine-on-june-30,will-volodymyr-zelenskyy-be-president-of-ukraine-on-june-30,0
33,will-the-russian-ruble-rub-fall-below-0pt012-by-june-12,will-the-russian-ruble-rub-fall-below-0pt012-by-june-12,0
34,will-russia-expand-its-number-of-federal-subjects-by-october-1-2022,will-russia-expand-its-number-of-federal-subjects-by-october-1-2022,0
35,will-sergei-shoigu-remain-minister-of-defense-of-russia-through-july-2022,will-sergei-shoigu-remain-minister-of-defense-of-russia-through-july-2022,0
36,will-putin-and-zelensky-meet-in-person-before-2023,will-putin-and-zelensky-meet-in-person-before-2023,0
37,will-russia-use-a-nuclear-weapon-before-2023,will-russia-use-a-nuclear-weapon-before-2023,0
38,will-there-be-a-negotiated-settlement-between-russia-and-ukraine-by-dec-31,will-there-be-a-negotiated-settlement-between-russia-and-ukraine-by-dec-31,0
39,will-any-nato-member-country-invoke-article-4-by-eoy,will-any-nato-member-country-invoke-article-4-by-eoy,0
40,will-any-nato-member-country-invoke-article-5-by-eoy,will-any-nato-member-country-invoke-article-5-by-eoy,0
41,will-nato-expand-by-june-30,will-nato-expand-by,0
42,will-nato-expand-by-march-31,will-nato-expand-by,0
43,will-volodymyr-zelenskyy-remain-president-of-ukraine-through-june-30,world-leaders-will-they-remain-in-power-through-june-30,0
44,will-alexander-lukashenko-remain-president-of-belarus-through-june-30,world-leaders-will-they-remain-in-power-through-june-30,0
45,will-vladimir-putin-remain-president-of-russia-through-june-2023,world-leaders-will-they-remain-in-power-through-june-30,0
46,will-russia-use-a-nuclear-weapon-by-june-30,will-russia-use-a-nuclear-weapon-by-june-30,0
47,will-the-russian-ruble-rub-fall-below-0pt011-by-april-30,will-the-russian-ruble-rub-fall-below-0pt011-by-april-30,0
48,will-ukraine-sever-the-land-bridge-between-crimea-and-russia-before-nov-1,will-ukraine-sever-the-land-bridge-between-crimea-and-russia-before-nov-1,0
49,will-putin-remain-president-of-russia-through-2023,will-putin-remain-president-of-russia-through-2023,0
50,putin-to-remain-president-of-russia-through-monday,putin-to-remain-president-of-russia-through-monday,0
51,russian-coup-putin-vs-wagner,russian-coup-putin-vs-wagner,0
52,will-shoigu-still-be-russian-minister-of-defense-on-july-1,will-shoigu-still-be-russian-minister-of-defense-on-july-1,0
53,will-wagner-take-moscow-by-tuesday,will-wagner-take-moscow-by-tuesday,0
54,will-sweden-join-nato-by-april-30,will-sweden-join-nato-by,0
55,will-sweden-join-nato-by-may-31,will-sweden-join-nato-by,0
56,will-sweden-join-nato-by-june-30,will-sweden-join-nato-by,0
57,will-sweden-join-nato-by-july-12,will-sweden-join-nato-by,0
58,will-sweden-join-nato-by-august-31,will-sweden-join-nato-by,0
59,will-sweden-join-nato-by-october-31,will-sweden-join-nato-by,0
60,will-sweden-join-nato-by-december-31,will-sweden-join-nato-by,0
61,will-russia-ukraine-declare-a-ceasefire-by-eoy,will-russia-ukraine-declare-a-ceasefire-by-eoy,0
62,biden-additional-aid-to-ukraine-by-july-31,biden-additional-aid-to-ukraine-by-july-31,0
63,nato-article-5-by-november-30,nato-article-5-by-november-30,0
64,will-zelensky-remain-president-of-ukraine-through-march,will-zelensky-remain-president-of-ukraine-through-march,0
65,ceasefire-between-russia-and-ukraine-by-june,ceasefire-between-russia-and-ukraine-by-june,0
66,us-congress-approve-more-ukraine-aid-in-2023,us-congress-approve-more-ukraine-aid-in-2023,0
67,will-sweden-join-nato-by-january-31,will-sweden-join-nato-by-january-31,0
68,will-ukraine-receive-f-16s-by-end-of-january,will-ukraine-receive-f-16s-by-end-of-january,0
69,will-putin-remain-president-of-russia-through-march,will-putin-remain-president-of-russia-through-march,0
70,will-sweden-join-nato-by-february-29,will-sweden-join-nato-by-february-29,0
71,border-ukraine-aid-deal-by-feb-9,border-ukraine-aid-deal-by-feb-9,0
72,ukraine-aid-package-in-february,ukraine-aid-package-in-february,0
73,will-sweden-join-nato-by-march-31,will-sweden-join-nato-by-march-31,0
74,will-biden-declassify-russia-security-threat-by-friday,will-biden-declassify-russia-security-threat-by-friday,0
75,ukraine-aid-package-by-march-31,ukraine-aid-package-by-march-31,0
76,natoeu-troops-fighting-in-ukraine-before-july,natoeu-troops-fighting-in-ukraine-before-july,0
77,muslim-group-responsible-for-moscow-terror-attack,muslim-group-responsible-for-moscow-terror-attack,0
78,russia-attack-false-flag,russia-attack-false-flag,0
79,ukraine-responsible-for-russia-attack,ukraine-responsible-for-russia-attack,0
80,will-putin-remain-president-of-russia-through-2024,will-putin-remain-president-of-russia-through-2024,0
81,ukraine-aid-package-in-april,ukraine-aid-package-in-april,0
82,will-ukraine-join-nato-in-2024,will-ukraine-join-nato-in-2024,0
83,will-russia-control-chasiv-yar-on-may-9,will-russia-control-chasiv-yar-on-may-9,0
84,will-zelensky-remain-president-of-ukraine-through-september,will-zelensky-remain-president-of-ukraine-through-september,0
85,ceasefire-between-russia-and-ukraine-before-october,ceasefire-between-russia-and-ukraine-before-october,0
86,will-biden-let-ukraine-strike-russia-with-us-weapons,will-biden-let-ukraine-strike-russia-with-us-weapons,0
87,france-sends-military-trainers-to-ukraine-before-july,france-sends-military-trainers-to-ukraine-before-july,0
88,crimean-bridge-hit-before-july,crimean-bridge-hit-before-july,0
89,ukraine-election-scheduled-in-2024,ukraine-election-scheduled-in-2024,0
90,will-ukraine-take-the-kursk-nuclear-plant-by-aug-31,will-ukraine-take-the-kursk-nuclear-plant-by-aug-31,0
91,will-ukraine-hold-russian-territory-in-kursk-through-aug-31,will-ukraine-hold-russian-territory-in-kursk-through-aug-31,0
92,will-ukraine-hold-kursk-through-october-31,will-ukraine-hold-kursk-through-october-31,0
93,will-russia-capture-chasiv-yar-before-october,will-russia-capture-chasiv-yar-before-october,0
94,will-russia-capture-toretsk-before-october,will-russia-capture-toretsk-before-october,0
95,will-russia-capture-pokrovsk-before-november,will-russia-capture-pokrovsk-before-november,0
96,urkaine-hits-moscow-by-august-31,urkaine-hits-moscow-by-august-31,0
97,crimean-bridge-hit-before-september,crimean-bridge-hit-before-september,0
98,will-belarus-invade-ukraine-before-october,will-belarus-invade-ukraine-before-october,0
99,belarus-x-ukraine-military-clash-by-sep-30,belarus-x-ukraine-military-clash-by-sep-30,0
100,will-ukraine-hold-kursk-through-2024,will-ukraine-hold-kursk-through-2024,0
101,ukraine-hits-moscow-by-sept-30,ukraine-hits-moscow-by-sept-30,0
102,crimean-bridge-hit-before-october,crimean-bridge-hit-before-october,0
103,ukraine-strike-on-moscow-by-september-30,ukraine-strike-on-moscow-by-september-30,0
104,russia-x-ukraine-ceasefire-in-2024,russia-x-ukraine-ceasefire-in-2024,0
105,will-zelensky-meet-with-trump-in-september,will-zelensky-meet-with-trump-in-september,0
106,will-russia-capture-vuhledar-before-october,will-russia-capture-vuhledar-before-october,0
107,crimean-bridge-hit-before-november,crimean-bridge-hit-before-november,0
108,ukraine-strike-on-moscow-before-november,ukraine-strike-on-moscow-before-november,0
109,will-ruusia-capture-chasiv-yar-before-december,will-ruusia-capture-chasiv-yar-before-december,0
110,will-russia-capture-siversk-before-december,will-russia-capture-siversk-before-december,0
111,will-russia-capture-kurakhove-before-december,will-russia-capture-kurakhove-before-december,0
112,will-russia-recapture-sudzha-before-december,will-russia-recapture-sudzha-before-december,0
113,trump-wins-ends-ukraine-war-in-90-days,trump-wins-ends-ukraine-war-in-90-days,0
114,will-russia-capture-pokrovsk-in-2024,will-russia-capture-pokrovsk-in-2024,0
115,trump-ends-ukraine-war-before-inauguration,trump-ends-ukraine-war-before-inauguration,0
116,crimean-bridge-before-2025,crimean-bridge-before-2025,0
117,ukraine-hits-moscow-before-2025,ukraine-hits-moscow-before-2025,0
118,will-russia-use-a-nuclear-weapon-in-2024,will-russia-use-a-nuclear-weapon-in-2024,0
119,nato-article-5-before-march,nato-article-5-before-march,0
120,will-putin-meet-with-trump-by-first-100-days,will-putin-meet-with-trump-by-first-100-days,0
121,will-ukraine-join-nato-before-july,will-ukraine-join-nato-before-july,0
122,will-putin-remain-president-of-russia-through-june-2025,will-putin-remain-president-of-russia-through-june-2025,0
123,will-us-leave-nato-by-june-30,will-us-leave-nato-by-june-30,0
124,ukraine-joins-nato-in-2025,ukraine-joins-nato-in-2025,0
125,russia-x-ukraine-ceasefire-in-2025,russia-x-ukraine-ceasefire-in-2025,0
126,putin-out-as-president-of-russia-in-2025,putin-out-as-president-of-russia-in-2025,0
127,ukraine-agrees-to-resume-russian-natural-gas-transit-in-january,ukraine-agrees-to-resume-russian-natural-gas-transit-in-january,0
128,russia-x-ukraine-ceasefire-by-february-1,russia-x-ukraine-ceasefire-by-february-1,0
129,zelenskyy-out-as-ukraine-president-before-july,zelenskyy-out-as-ukraine-president-before-july,0
130,will-trump-sanction-russia,will-trump-sanction-russia,0
131,russia-x-ukraine-ceasefire-before-july,russia-x-ukraine-ceasefire-before-july,0
132,will-donald-trump-visit-russia-in-2025,which-countries-will-donald-trump-visit-in-2025,0
133,will-donald-trump-visit-ukraine-in-2025,which-countries-will-donald-trump-visit-in-2025,0
134,will-donald-trump-visit-belarus-in-2025,which-countries-will-donald-trump-visit-in-2025,0
135,ukraine-lowers-conscrption-age-before-may-9,ukraine-lowers-conscrption-age-before-may-9,0
136,will-trump-meet-with-volodymyr-zelenskyy-in-his-first-100-days,who-will-trump-meet-with-in-first-100-days,0
137,will-russia-capture-pokrovsk-by-march-31,will-russia-capture-pokrovsk-by,0
138,will-russia-capture-pokrovsk-by-june-30,will-russia-capture-pokrovsk-by,0
139,will-russia-capture-pokrovsk-by-december-31-531,will-russia-capture-pokrovsk-by,0
140,will-russia-capture-pokrovsk-by-august-31,will-russia-capture-pokrovsk-by,0
141,will-russia-capture-pokrovsk-by-october-31-261,will-russia-capture-pokrovsk-by,0
142,will-russia-capture-siversk-before-may,will-russia-capture-siversk-before-may,0
143,will-russia-recapture-sudzha-by-february-28,will-russia-recapture-sudzha-by,0
144,will-russia-recapture-sudzha-by-april-30,will-russia-recapture-sudzha-by,0
145,will-russia-recapture-sudzha-by-june-30,will-russia-recapture-sudzha-by,0
146,will-russia-recapture-sudzha-by-march-31,will-russia-recapture-sudzha-by,0
147,natoeu-troops-fighting-in-ukraine-in-2025,natoeu-troops-fighting-in-ukraine-in-2025,0
148,natoeu-troops-fighting-in-ukraine-by-december-31-2026,natoeu-troops-fighting-in-ukraine-in-2025,0
149,natoeu-troops-fighting-in-ukraine-in-june-30-2026,natoeu-troops-fighting-in-ukraine-in-2025,0
150,ukraine-agrees-to-give-trump-rare-earth-metals-before-april,ukraine-agrees-to-give-trump-rare-earth-metals-before-april,0
151,will-russia-capture-territory-in-dnipro-oblast-by-february-28,will-russia-capture-territory-in-dnipro-oblast-by,0
152,will-russia-capture-territory-in-dnipro-oblast-by-april-30,will-russia-capture-territory-in-dnipro-oblast-by,0
153,will-russia-capture-territory-in-dnipropetrovsk-oblast-by-may-31,will-russia-capture-territory-in-dnipro-oblast-by,0
154,will-russia-capture-territory-in-dnipropetrovsk-oblast-by-june-30,will-russia-capture-territory-in-dnipro-oblast-by,0
155,ukraine-agrees-not-to-join-nato-before-july,ukraine-agrees-not-to-join-nato-before-july,0
156,ukraine-recognizes-russian-sovereignty-over-ukrainian-territory-in-2025,ukraine-recognizes-russian-sovereignty-over-ukrainian-territory-in-2025,0
157,ukraine-recognizes-russian-sovereignty-over-its-territory-by-june-30-2026,ukraine-recognizes-russian-sovereignty-over-ukrainian-territory-in-2025,0
158,ukraine-recognizes-russian-sovereignty-over-its-territory-by-december-31-2026,ukraine-recognizes-russian-sovereignty-over-ukrainian-territory-in-2025,0
159,will-trump-meet-with-volodymyr-zelenskyy-by-next-friday,will-trump-meet-with-volodymyr-zelenskyy-by-next-friday,0
160,will-trump-meet-with-putin-or-zelenskyy-first,will-trump-meet-with-putin-or-zelenskyy-first,0
161,will-russia-capture-kupiansk-by-april-30,will-russia-capture-kupiansk-by,0
162,will-russia-capture-kupiansk-by-august-31-961-273,will-russia-capture-kupiansk-by,0
163,will-russia-capture-kupiansk-by-december-31-391-746-177,will-russia-capture-kupiansk-by,0
164,will-russia-capture-kupiansk-by-october-31-984,will-russia-capture-kupiansk-by,0
165,will-russia-capture-kupiansk-by-september-30-582-656,will-russia-capture-kupiansk-by,0
166,will-russia-capture-kupiansk-by-november-30,will-russia-capture-kupiansk-by,0
167,trump-putin-and-zelensky-seen-together-before-july,trump-putin-and-zelensky-seen-together-before-july,0
168,will-trump-visit-russia-in-first-100-days,will-trump-visit-russia-in-first-100-days,0
169,will-putin-visit-the-us-before-july,will-putin-visit-the-us-before-july,0
170,will-ukraine-agree-to-give-up-russian-territory-in-kursk,will-ukraine-agree-to-give-up-russian-territory-in-kursk,0
171,will-russia-rejoin-the-g7-in-2025,will-russia-rejoin-the-g7-in-2025,0
172,will-any-country-leave-nato-in-2025,will-any-country-leave-nato-in-2025,0
173,will-any-country-leave-nato-by-june-30-2026,will-any-country-leave-nato-in-2025,0
174,will-any-country-leave-nato-by-december-31-2026,will-any-country-leave-nato-in-2025,0
175,ukraine-election-called-in-2025,ukraine-election-called-in-2025,0
176,ukraine-election-called-by-december-31-2026-924,ukraine-election-called-in-2025,0
177,ukraine-election-called-by-august-31-2026,ukraine-election-called-in-2025,0
178,ukraine-election-called-by-june-30-2026-392,ukraine-election-called-in-2025,0
179,ukraine-election-called-by-march-31-2026,ukraine-election-called-in-2025,0
180,ukraine-election-held-in-2025,ukraine-election-held-in-2025,0
181,ukraine-election-held-by-june-30-2026-465-757,ukraine-election-held-in-2025,0
182,ukraine-election-held-by-december-31-2026-344-142,ukraine-election-held-in-2025,0
183,will-the-us-recognize-russian-sovereignty-over-crimea-in-2025,will-the-us-recognize-russian-sovereignty-over-crimea-in-2025,0
184,will-putin-meet-with-trump-in-february,will-putin-meet-with-trump-in-february,0
185,will-doge-audit-ukraine-aid-before-may,will-doge-audit-ukraine-aid-before-may,0
186,will-trump-meet-with-volodymyr-zelenskyy-before-july,will-trump-meet-with-volodymyr-zelenskyy-before-july,0
187,will-trump-meet-with-volodymyr-zelenskyy-in-2025,who-will-trump-meet-with-in-2025,0
188,will-trump-meet-with-vladimir-putin-in-2025,who-will-trump-meet-with-in-2025,0
189,will-trump-meet-with-aleksandr-lukashenko-in-2025,who-will-trump-meet-with-in-2025,0
190,will-russia-capture-yunakivka-before-april,will-russia-capture-yunakivka-before-april,0
191,us-recognizes-russian-sovereignty-over-ukraine,us-recognizes-russian-sovereignty-over-ukraine,0
192,us-lifts-russia-sanctions-before-april,us-lifts-russia-sanctions-before-april,0
193,will-trump-visit-russia-before-july,will-trump-visit-russia-before-july,0
194,will-trump-withdraw-the-us-from-nato-in-2025,will-trump-withdraw-the-us-from-nato-in-2025,0
195,will-the-us-sanction-ukraine-before-april,will-the-us-sanction-ukraine-before-april,0
196,will-ukraine-agree-to-payback-us-aid-before-july,will-ukraine-agree-to-payback-us-aid-before-july,0
197,will-trump-visit-russia-by-may-9,will-trump-visit-russia-by-may-9,0
198,will-trump-cut-ukraine-off-from-starlink,will-trump-cut-ukraine-off-from-starlink,0
199,zelensky-resigns-in-2025,zelensky-resigns-in-2025,0
200,will-trump-meet-with-zelenskyy-by-friday,will-trump-meet-with-zelenskyy-by-friday,0
201,trump-agrees-to-send-us-peacekeeping-force-to-ukraine,trump-agrees-to-send-us-peacekeeping-force-to-ukraine,0
202,ukraine-agrees-to-trump-mineral-deal-by-friday,ukraine-agrees-to-trump-mineral-deal-by-friday,0
203,trump-meets-with-zelenskyy-in-march,trump-meets-with-zelenskyy-in-march,0
204,trump-cuts-ukraine-aid-before-april,trump-cuts-ukraine-aid-before-april,0
205,will-trump-administration-announces-end-of-ukraine-aid-by-next-friday,will-trump-administration-announces-end-of-ukraine-aid-by-next-friday,0
206,trump-severs-ties-with-ukraine-before-may,trump-severs-ties-with-ukraine-before-may,0
207,trump-announces-cutting-all-aid-to-ukraine-aid-before-april,trump-announces-cutting-all-aid-to-ukraine-aid-before-april,0
208,trump-ends-all-military-aid-to-ukraine-before-april,trump-ends-all-military-aid-to-ukraine-before-april,0
209,zelenskyy-impeached-before-july,zelenskyy-impeached-before-july,0
210,seaair-ceasefire-in-ukraine-before-may,seaair-ceasefire-in-ukraine-before-may,0
211,ukraine-agrees-to-trump-mineral-deal-today,ukraine-agrees-to-trump-mineral-deal-today,0
212,will-trump-sign-mineral-deal-without-zelenskyy-apology,will-trump-sign-mineral-deal-without-zelenskyy-apology,0
213,will-trump-deport-ukrainians-before-may,will-trump-deport-ukrainians-before-may,0
214,us-announces-resumption-of-direct-flights-to-russia-before-may,us-announces-resumption-of-direct-flights-to-russia-before-may,0
215,will-trump-meet-with-putin-in-saudi-arabia-before-june,will-trump-meet-with-putin-in-saudi-arabia-before-june,0
216,will-the-us-sanction-russia-before-may,will-the-us-sanction-russia-before-may,0
217,will-ukraine-agree-to-give-up-the-rest-of-donbas,will-ukraine-agree-to-give-up-the-rest-of-donbas,0
218,eunato-country-announces-peacekeeping-force-in-ukraine,eunato-country-announces-peacekeeping-force-in-ukraine,0
219,will-ukraine-take-responsibility-for-x-attack-by-friday,will-ukraine-take-responsibility-for-x-attack-by-friday,0
220,will-ukraine-agree-to-cede-territory-to-russia,will-ukraine-agree-to-cede-territory-to-russia,0
221,trump-admin-announces-resumption-of-military-aid-to-ukraine-in-march,trump-admin-announces-resumption-of-military-aid-to-ukraine-in-march,0
222,russia-x-ukraine-ceasefire-by-friday,russia-x-ukraine-ceasefire-by-friday,0
223,will-volodymyr-zelenskyy-be-the-first-leader-out-in-2025,first-leader-out-of-power-in-2025,0
224,will-vladimir-putin-be-the-first-leader-out-in-2025,first-leader-out-of-power-in-2025,0
225,russia-x-ukraine-ceasefire-by-next-friday-mar-21,russia-x-ukraine-ceasefire-by-next-friday-mar-21,0
226,russia-x-ukraine-ceasefire-in-march,russia-x-ukraine-ceasefire-in-march,0
227,energy-infrastructure-ceasefire-in-ukraine-in-march,energy-infrastructure-ceasefire-in-ukraine-in-march,0
228,trump-ends-all-military-aid-to-ukraine-before-april-3-18,trump-ends-all-military-aid-to-ukraine-before-april-3-18,0
229,another-trump-x-putin-talk-in-march,another-trump-x-putin-talk-in-march,0
230,trump-announces-the-us-is-giving-up-nato-command-before-may,trump-announces-the-us-is-giving-up-nato-command-before-may,0
231,will-ukraine-agree-to-trump-nuclear-plant-deal-before-july,will-ukraine-agree-to-trump-nuclear-plant-deal-before-july,0
232,will-ukraine-control-demidovka-on-march-31,will-ukraine-control-demidovka-on-march-31,0
233,will-ukraine-control-grafovka-on-march-31,will-ukraine-control-grafovka-on-march-31,0
234,will-russia-capture-yunakivka-before-may,will-russia-capture-yunakivka-before-may,0
235,will-trump-increase-sanctions-on-russia-before-june,will-trump-increase-sanctions-on-russia-before-june,0
236,trump-x-ukraine-mineral-deal-signed-before-may,trump-x-ukraine-mineral-deal-signed-before-may,0
237,will-trump-meet-with-zelenskyy-in-april,will-trump-meet-with-zelenskyy-in-april,0
238,will-russia-capture-yunakivka-before-june,will-russia-capture-yunakivka-before-june,0
239,trump-x-putin-talk-by-next-friday,trump-x-putin-talk-by-next-friday,0
240,north-korean-soldier-caught-in-ukraine-before-may,north-korean-soldier-caught-in-ukraine-before-may,0
241,chinese-soldier-caught-in-ukraine-before-may,chinese-soldier-caught-in-ukraine-before-may,0
242,russia-x-ukraine-ceasefire-before-october,russia-x-ukraine-ceasefire-before-october,0
243,will-trump-meet-with-zelenskyy-before-june,will-trump-meet-with-zelenskyy-before-june,0
244,will-russia-capture-siversk-before-september,will-russia-capture-siversk-before-september,0
245,will-putin-meet-with-trump-before-july,will-putin-meet-with-trump-before-july,0
246,will-russia-capture-mala-tokmacka-in-april,will-russia-capture-mala-tokmacka-in-april,0
247,will-putin-meet-with-zelenskyy-before-july,will-putin-meet-with-zelenskyy-before-july,0
248,will-trump-pull-out-of-russia-x-ukraine-negotiations-before-june,will-trump-pull-out-of-russia-x-ukraine-negotiations-before-june,0
249,russia-x-ukraine-ceasefire-before-june,russia-x-ukraine-ceasefire-before-june,0
250,trump-x-ukraine-mineral-deal-signed-before-june,trump-x-ukraine-mineral-deal-signed-before-june,0
251,will-putin-meet-with-zelenskyy-by-friday,will-putin-meet-with-zelenskyy-by-friday,0
252,will-eu-increase-sanctions-on-russia-before-july,will-eu-increase-sanctions-on-russia-before-july,0
253,trump-exits-russia-x-ukraine-negotiations-before-july,trump-exits-russia-x-ukraine-negotiations-before-july,0
254,will-the-vatican-host-russia-ukraine-peace-talks,will-the-vatican-host-russia-ukraine-peace-talks,0
255,will-putin-meet-with-zelenskyy-in-2025,will-putin-meet-with-zelenskyy-in-2025,0
256,russia-x-ukraine-prisoner-swap-before-july,russia-x-ukraine-prisoner-swap-before-july,0
257,will-russia-capture-kostyantynivka-by-may-31,will-russia-capture-kostyantynivka-by,0
258,will-russia-capture-kostyantynivka-by-september-30-256-333-352,will-russia-capture-kostyantynivka-by,0
259,will-russia-capture-kostyantynivka-by-august-31,will-russia-capture-kostyantynivka-by,0
260,will-russia-capture-kostyantynivka-by-december-31-266-839-138,will-russia-capture-kostyantynivka-by,0
261,will-russia-capture-kostyantynivka-by-october-31-788,will-russia-capture-kostyantynivka-by,0
262,will-russia-capture-kostyantynivka-by-july-31,will-russia-capture-kostyantynivka-by,0
263,will-russia-capture-kostyantynivka-by-september-30-111,will-russia-capture-kostyantynivka-by,0
264,will-russia-capture-kostyantynivka-by-august-31-1-893-748,will-russia-capture-kostyantynivka-by,0
265,will-russia-capture-kostyantynivka-by-july-19,will-russia-capture-kostyantynivka-by,0
266,will-russia-capture-kostyantynivka-by-august-15,will-russia-capture-kostyantynivka-by,0
267,will-russia-capture-kostyantynivka-by-november-30,will-russia-capture-kostyantynivka-by,0
268,will-russia-capture-kostyantynivka-by-march-31-872-578,will-russia-capture-kostyantynivka-by,0
269,will-russia-capture-kostyantynivka-by-december-31-2026-936-942-271-276-578-687-312-238-912,will-russia-capture-kostyantynivka-by,0
270,will-russia-capture-kostyantynivka-by-january-31,will-russia-capture-kostyantynivka-by,0
271,will-russia-capture-kostyantynivka-by-february-28,will-russia-capture-kostyantynivka-by,0
272,will-russia-capture-kostyantynivka-by-june-30-382-954-769,will-russia-capture-kostyantynivka-by,0
273,will-russia-capture-kostyantynivka-by-april-30,will-russia-capture-kostyantynivka-by,0
274,will-trump-increase-sanctions-on-russia-before-july,will-trump-increase-sanctions-on-russia-before-july,0
275,trump-x-putin-talk-before-july,trump-x-putin-talk-before-july,0
276,nato-article-5-in-2025-763,nato-article-5-in-2025-763,0
277,will-russia-capture-mykolaivka-before-july,will-russia-capture-mykolaivka-before-july,0
278,will-russia-capture-yablunivka-before-july,will-russia-capture-yablunivka-before-july,0
279,will-russia-capture-udachne-before-july,will-russia-capture-udachne-before-july,0
280,will-russia-invade-finland-in-2025,will-russia-invade-finland-in-2025,0
281,us-x-russia-military-clash-by-december-31,us-x-russia-military-clash-by,0
282,us-x-russia-military-clash-by-june-30-2026-249,us-x-russia-military-clash-by,0
283,us-x-russia-military-clash-by-december-31-2026-775,us-x-russia-military-clash-by,0
284,us-x-russia-military-clash-by-january-31-2026-416,us-x-russia-military-clash-by,0
285,will-russia-invade-a-nato-country-in-2025,will-russia-invade-a-nato-country-in-2025,0
286,will-russia-invade-a-nato-country-by-december-31-2026-793,will-russia-invade-a-nato-country-in-2025,0
287,will-russia-invade-a-nato-country-by-june-30-2026,will-russia-invade-a-nato-country-in-2025,0
288,will-russia-invade-a-nato-country-by-september-31-2026,will-russia-invade-a-nato-country-in-2025,0
289,will-russia-capture-yunakivka-before-july,will-russia-capture-yunakivka-before-july,0
290,russia-x-ukraine-prisoner-exchange-by-june-15,russia-x-ukraine-prisoner-exchange-by-june-15,0
291,will-russia-capture-khotin-before-july,will-russia-capture-khotin-before-july,0
292,will-russia-capture-sumy-before-october,will-russia-capture-sumy-before-october,0
293,will-russia-capture-sumy-by-december-31,will-russia-capture-sumy-before-october,0
294,will-russia-capture-sumy-by-march-31-2027,will-russia-capture-sumy-before-october,0
295,zelenskyy-x-putin-talk-before-july,zelenskyy-x-putin-talk-before-july,0
296,will-trump-talk-to-putin-before-july,will-trump-talk-to-putin-before-july,0
297,trump-x-zelenskyy-talk-before-july,trump-x-zelenskyy-talk-before-july,0
298,will-putin-meet-with-zelenskyy-before-august,will-putin-meet-with-zelenskyy-before-august,0
299,will-russia-capture-yablunivka-before-august,will-russia-capture-yablunivka-before-august,0
300,will-trump-attend-nato-summit,will-trump-attend-nato-summit,0
301,will-russia-capture-khotin-before-august,will-russia-capture-khotin-before-august,0
302,will-russia-capture-udachne-before-august,will-russia-capture-udachne-before-august,0
303,will-putin-meet-with-trump-before-october,will-putin-meet-with-trump-before-october,0
304,will-russia-capture-yunakivka-before-august,will-russia-capture-yunakivka-before-august,0
305,will-trump-increase-sanctions-on-russia-before-august,will-trump-increase-sanctions-on-russia-before-august,0
306,will-trump-meet-with-zelenskyy-before-august,will-trump-meet-with-zelenskyy-before-august,0
307,trump-x-zelenskyy-talk-before-august,trump-x-zelenskyy-talk-before-august,0
308,trump-x-putin-talk-before-august,trump-x-putin-talk-before-august,0
309,putin-out-before-2027-346,putin-out-before-2027,0
310,putin-out-as-president-of-russia-by-july-31-2026,putin-out-before-2027,0
311,putin-out-as-president-of-russia-by-august-31-2026,putin-out-before-2027,0
312,putin-out-as-president-of-russia-by-september-30-2026,putin-out-before-2027,0
313,putin-out-as-president-of-russia-by-june-30-2027,putin-out-before-2027,0
314,russia-x-ukraine-ceasefire-by-march-31-2026,russia-x-ukraine-ceasefire-by-march-31-2026,0
315,zelenskyy-out-as-ukraine-president-by-october-31,zelenskyy-out-as-ukraine-president-by-october-31,0
316,ukraine-hits-moscow-by-july-31,ukraine-hits-moscow-by-july-31,0
317,will-trump-increase-sanctions-on-russia-by-september-15,will-trump-increase-sanctions-on-russia-by-september-15,0
318,trump-x-putin-talk-before-august-795,trump-x-putin-talk-before-august-795,0
319,will-russia-capture-slovainsk-in-2025,will-russia-capture-slovainsk-in-2025,0
320,will-russia-capture-novopavlivka-by-august-31,will-russia-capture-novopavlivka-by-august-31,0
321,will-russia-capture-rodynske-by-august-31,will-russia-capture-rodynske-by-august-31,0
322,will-russia-capture-dorozhnje-by-august-31,will-russia-capture-dorozhnje-by-august-31,0
323,will-russia-capture-lyman-by-may-31-2026,will-russia-capture-lyman-in-2025,0
324,will-russia-capture-lyman-in-2025-816,will-russia-capture-lyman-in-2025,0
325,will-russia-capture-lyman-by-september-30-2026,will-russia-capture-lyman-in-2025,0
326,will-russia-capture-lyman-by-november-30-884,will-russia-capture-lyman-in-2025,0
327,will-russia-capture-lyman-by-january-31-2026,will-russia-capture-lyman-in-2025,0
328,will-russia-capture-lyman-by-march-31-2026-494,will-russia-capture-lyman-in-2025,0
329,will-russia-capture-lyman-by-february-28-2026,will-russia-capture-lyman-in-2025,0
330,will-russia-capture-lyman-by-june-30-2026-413,will-russia-capture-lyman-in-2025,0
331,will-russia-capture-lyman-by-december-31-2026-774,will-russia-capture-lyman-in-2025,0
332,will-russia-capture-lyman-by-april-30-2026,will-russia-capture-lyman-in-2025,0
333,more-eu-sanctions-on-russia-by-august-31,more-eu-sanctions-on-russia-by-august-31,0
334,ukraine-hits-moscow-by-august-31,ukraine-hits-moscow-by-august-31,0
335,will-russia-capture-udachne-by-august-31,will-russia-capture-udachne-by-august-31,0
336,russia-x-ukraine-ceasefire-before-2027,russia-x-ukraine-ceasefire-before-2027,0
337,zelenskyy-out-as-ukraine-president-before-2027,zelenskyy-out-as-ukraine-president-before-2027,0
338,arch-will-russia-capture-myrnohard-by-september-30,arch-will-russia-capture-myrnohard-by-september-30,0
339,will-russia-capture-myrnohard-by-october-31,arch-will-russia-capture-myrnohard-by-september-30,0
340,will-russia-capture-myrnohard-by-december-31-368-388-756-464-823-545,arch-will-russia-capture-myrnohard-by-september-30,0
341,will-russia-capture-myrnohard-by-november-30-147-724-647-448-955,arch-will-russia-capture-myrnohard-by-september-30,0
342,will-russia-capture-myrnohard-by-november-7,arch-will-russia-capture-myrnohard-by-september-30,0
343,will-russia-capture-myrnohard-by-november-15,arch-will-russia-capture-myrnohard-by-september-30,0
344,will-russia-capture-myrnohrad-by-november-21,arch-will-russia-capture-myrnohard-by-september-30,0
345,will-austria-join-nato-by-december-31,will-austria-join-nato-by-december-31,0
346,will-putin-meet-with-zelenskyy-by-august-31,will-putin-meet-with-zelenskyy-by-august-31,0
347,will-trump-meet-with-volodymyr-zelenskyy-in-august,who-will-trump-meet-with-in-august,0
348,will-trump-meet-with-vladimir-putin-in-august,who-will-trump-meet-with-in-august,0
349,will-trump-talk-to-volodymyr-zelenskyy-in-august,who-will-trump-talk-to-in-august,0
350,will-trump-talk-to-vladimir-putin-in-august,who-will-trump-talk-to-in-august,0
351,russia-coup-attempt-in-2025,russia-coup-attempt-in-2025,0
352,will-trump-increase-sanctions-on-russia-by-august-15,will-trump-increase-sanctions-on-russia-by-august-15,0
353,will-russia-capture-ivanopillya-by-september-30,will-russia-capture-ivanopillya-by-september-30,0
354,will-russia-capture-ivanopillya-by-october-31,will-russia-capture-ivanopillya-by-september-30,0
355,will-russia-capture-ivanopillya-by-november-30,will-russia-capture-ivanopillya-by-september-30,0
356,will-russia-capture-stepanivka-by-september-30,will-russia-capture-stepanivka-by-september-30,0
357,will-russia-capture-dovha-balka-by-october-31,will-russia-capture-dovha-balka-by-october-31,0
358,will-russia-capture-dovha-balka-by-november-30,will-russia-capture-dovha-balka-by-october-31,0
359,will-india-agree-to-stop-buying-russian-oil-by-august-31,will-india-agree-to-stop-buying-russian-oil-by-august-31,0
360,india-agrees-to-reduce-purchases-russian-oil-by-august-31,india-agrees-to-reduce-purchases-russian-oil-by-august-31,0
361,will-trump-impose-more-sanctions-on-russia-by-august-31,will-trump-impose-more-sanctions-on-russia-by-august-31,0
362,russia-announces-to-air-truce-by-august-31,russia-announces-to-air-truce-by-august-31,0
363,will-trump-meet-with-putin-by-august-15,will-trump-meet-with-putin-by-august-15,0
364,trump-putin-and-zelensky-seen-together-by-august-31,trump-putin-and-zelensky-seen-together-by-august-31,0
365,trump-putin-and-zelensky-seen-together-in-2025,trump-putin-and-zelensky-seen-together-in-2025,0
366,russia-x-ukraine-ceasefire-by-august-15,russia-x-ukraine-ceasefire-by-august-15,0
367,russia-x-ukraine-ceasefire-by-august-31,russia-x-ukraine-ceasefire-by-august-31,0
368,will-trump-meet-with-putin-or-zelenskyy-first-553,will-trump-meet-with-putin-or-zelenskyy-first-553,0
369,trump-putin-and-zelensky-meet-together-by-august-31,trump-putin-and-zelensky-meet-together-by-august-31,0
370,trump-putin-and-zelensky-meet-together-by-september-30,trump-putin-and-zelensky-meet-together-by-september-30,0
371,will-trump-meet-with-putin-in-alaska-on-august-15,will-trump-meet-with-putin-in-alaska-on-august-15,0
372,israel-x-hamas-or-russia-x-ukraine-ceasefire-first,israel-x-hamas-or-russia-x-ukraine-ceasefire-first,0
373,will-russia-capture-all-of-pokrovsk-by-august-31,will-russia-capture-all-of-pokrovsk-by-august-31,0
374,will-russia-capture-dobropillia-by-august-20,will-russia-capture-dobropillia-by-359,0
375,will-russia-capture-dobropillia-by-august-31,will-russia-capture-dobropillia-by-359,0
376,will-russia-capture-dobropillia-by-september-30,will-russia-capture-dobropillia-by-359,0
377,will-russia-capture-dobropillia-by-november-30,will-russia-capture-dobropillia-by-359,0
378,ukraine-signs-peace-deal-with-russia-in-2025,ukraine-signs-peace-deal-with-russia-in-2025,0
379,will-russia-capture-myrnohard-by-august-31,will-russia-capture-myrnohard-by-august-31,0
380,will-russia-capture-rodynske-by-august-20,will-russia-capture-rodynske-by-august-20,0
381,will-russia-capture-siversk-by-september-30,will-russia-capture-siversk-by-september-30,0
382,will-russia-capture-siversk-by-december-31-132-853-373,will-russia-capture-siversk-by-september-30,0
383,will-russia-capture-siversk-by-october-31,will-russia-capture-siversk-by-september-30,0
384,will-russia-capture-siversk-by-november-30,will-russia-capture-siversk-by-september-30,0
385,will-russia-capture-siversk-by-december-22,will-russia-capture-siversk-by-september-30,0
386,successful-ukraine-counter-attack-in-donbass,successful-ukraine-counter-attack-in-donbass,0
387,zelensky-in-alaska-by-sunday,zelensky-in-alaska-by-sunday,0
388,russia-x-ukraine-prisoner-exchange-by-august-31,russia-x-ukraine-prisoner-exchange-by-august-31,0
389,will-india-agree-to-stop-buying-russian-oil-by-september-30,will-india-agree-to-stop-buying-russian-oil-by-september-30,0
390,uptspt-x-russia-nuclear-deal-by-july-31-20260626165517058,us-x-russia-nuclear-deal-by-december-31,0
391,us-x-russia-nuclear-deal-by-december-31,us-x-russia-nuclear-deal-by-december-31,0
392,us-x-russia-nuclear-deal-by-december-31-2026,us-x-russia-nuclear-deal-by-december-31,0
393,uptspt-x-russia-nuclear-deal-by-september-30-20260728192655450,us-x-russia-nuclear-deal-by-december-31,0
394,us-x-russia-nuclear-deal-by-february-4,us-x-russia-nuclear-deal-by-december-31,0
395,us-x-russia-nuclear-deal-by-june-30,us-x-russia-nuclear-deal-by-december-31,0
396,will-trump-meet-with-putin-by-august-31,will-trump-meet-with-putin-again-by,0
397,will-trump-meet-with-putin-by-september-30,will-trump-meet-with-putin-again-by,0
398,will-trump-meet-with-putin-by-october-31,will-trump-meet-with-putin-again-by,0
399,will-trump-meet-with-putin-by-december-31-157,will-trump-meet-with-putin-again-by,0
400,will-trump-meet-with-putin-by-november-30,will-trump-meet-with-putin-again-by,0
401,will-trump-meet-with-putin-by-march-31,will-trump-meet-with-putin-again-by,0
402,trump-x-zelenskyy-meet-on-monday,trump-x-zelenskyy-meet-on-monday,0
403,trump-putin-and-zelensky-meet-by-august-23,trump-putin-and-zelensky-meet-by-august-23,0
404,will-putin-meet-with-zelenskyy-by-september-30,will-putin-meet-with-zelenskyy-by-september-30,0
405,russia-x-ukraine-ceasefire-by-october-31,russia-x-ukraine-ceasefire-by-october-31,0
406,russia-x-ukraine-ceasefire-by-august-23,russia-x-ukraine-ceasefire-by-august-23,0
407,putin-and-zelenskyy-talk-in-2025,putin-and-zelenskyy-talk-in-2025,0
408,will-putin-meet-with-zelenskyy-by-august-22,will-putin-meet-with-zelenskyy-by-august-22,0
409,us-agrees-to-give-ukraine-security-guarantee-in-2025,us-agrees-to-give-ukraine-security-guarantee-in-2025,0
410,will-russia-capture-all-of-pokrovsk-by-september-30,will-russia-capture-all-of-pokrovsk-by-september-30,0
411,will-russia-capture-all-of-pokrovsk-by-december-31-696-746-327-188,will-russia-capture-all-of-pokrovsk-by-september-30,0
412,will-russia-capture-all-of-pokrovsk-by-november-30-216-555-463,will-russia-capture-all-of-pokrovsk-by-september-30,0
413,will-russia-capture-all-of-pokrovsk-by-october-31,will-russia-capture-all-of-pokrovsk-by-september-30,0
414,will-russia-capture-all-of-pokrovsk-by-november-14-842,will-russia-capture-all-of-pokrovsk-by-september-30,0
415,will-russia-capture-all-of-pokrovsk-by-november-21,will-russia-capture-all-of-pokrovsk-by-september-30,0
416,will-russia-capture-all-of-pokrovsk-by-january-15,will-russia-capture-all-of-pokrovsk-by-september-30,0
417,will-russia-capture-all-of-pokrovsk-by-january-31,will-russia-capture-all-of-pokrovsk-by-september-30,0
418,will-russia-capture-all-of-pokrovsk-by-february-28,will-russia-capture-all-of-pokrovsk-by-september-30,0
419,will-russia-capture-all-of-pokrovsk-by-march-31,will-russia-capture-all-of-pokrovsk-by-september-30,0
420,will-russia-capture-rodynske-by-september-15,will-russia-capture-rodynske-by-september-15,0
421,will-russia-capture-rodynske-by-september-30,will-russia-capture-rodynske-by-september-15,0
422,will-russia-capture-rodynske-by-october-31,will-russia-capture-rodynske-by-september-15,0
423,will-russia-capture-rodynske-by-november-30,will-russia-capture-rodynske-by-september-15,0
424,will-russia-capture-rodynske-by-december-31,will-russia-capture-rodynske-by-september-15,0
425,will-russia-capture-rodynske-by-january-31,will-russia-capture-rodynske-by-september-15,0
426,will-russia-capture-rodynske-by-february-28,will-russia-capture-rodynske-by-september-15,0
427,will-russia-capture-rodynske-by-march-31,will-russia-capture-rodynske-by-september-15,0
428,will-russia-capture-rodynske-by-april-30,will-russia-capture-rodynske-by-september-15,0
429,more-eu-sanctions-on-russia-by-september-30,more-eu-sanctions-on-russia-by-september-30,0
430,more-eu-sanctions-on-russia-by-october-31,more-eu-sanctions-on-russia-by-september-30,0
431,will-trump-impose-more-sanctions-on-russia-by-september-30,will-trump-impose-more-sanctions-on-russia-by-september-30,0
432,ukraine-hits-moscow-by-september-30,ukraine-hits-moscow-by-september-30,0
433,ukraine-hits-moscow-by-december-31-449,ukraine-hits-moscow-by-september-30,0
434,ukraine-hits-moscow-by-november-30,ukraine-hits-moscow-by-september-30,0
435,ukraine-hits-moscow-by-january-15,ukraine-hits-moscow-by-september-30,0
436,will-russia-capture-novopavlivka-by-september-30,will-russia-capture-novopavlivka-by-september-30,0
437,will-russia-capture-novopavlivka-by-october-31,will-russia-capture-novopavlivka-by-september-30,0
438,india-agrees-to-reduce-purchases-russian-oil-by-september-30,india-agrees-to-reduce-purchases-russian-oil-by-september-30,0
439,russia-announces-air-truce-by-september-30,russia-announces-air-truce-by-september-30,0
440,will-trump-talk-to-volodymyr-zelenskyy-in-september,who-will-trump-talk-to-in-september,0
441,will-trump-talk-to-vladimir-putin-in-september,who-will-trump-talk-to-in-september,0
442,will-trump-meet-with-volodymyr-zelenskyy-in-september,who-will-trump-meet-with-in-september,0
443,will-trump-meet-with-vladimir-putin-in-september,who-will-trump-meet-with-in-september,0
444,will-trump-meet-with-aleksandr-lukashenko-in-september,who-will-trump-meet-with-in-september,0
445,successful-ukrainian-counterattack-in-donbass-by-september-15,successful-ukrainian-counterattack-in-donbass-by-september-15,0
446,successful-ukrainian-counterattack-in-donbass-by-september-30,successful-ukrainian-counterattack-in-donbass-by-september-15,0
447,successful-ukrainian-counterattack-in-donbass-by-october-31,successful-ukrainian-counterattack-in-donbass-by-september-15,0
448,will-russia-capture-pokrovsk-train-station-by-september-30,will-russia-capture-pokrovsk-train-station-by-september-30,0
449,will-russia-capture-pokrovsk-train-station-by-october-31,will-russia-capture-pokrovsk-train-station-by-september-30,0
450,will-russia-capture-pokrovsk-train-station-by-december-31-348,will-russia-capture-pokrovsk-train-station-by-september-30,0
451,will-russia-capture-pokrovsk-train-station-by-november-30,will-russia-capture-pokrovsk-train-station-by-september-30,0
452,trump-putin-and-zelensky-meet-together-by-december-31,trump-putin-and-zelensky-meet-together-by-december-31,0
453,will-volodymyr-zelenskyy-visit-russia-in-2025,will-volodymyr-zelenskyy-visit-russia-in-2025,0
454,russian-strike-on-poland-by-september-30,russian-strike-on-poland-by-september-30,0
455,russian-strike-on-poland-by-december-31,russian-strike-on-poland-by-september-30,0
456,russian-strike-on-poland-by-june-30,russian-strike-on-poland-by-september-30,0
457,polish-strike-on-russia-by-september-30,polish-strike-on-russia-by-september-30,0
458,nato-downs-another-russian-drone-by-september-30,nato-downs-another-russian-drone-by-september-30,0
459,nato-downs-another-russian-drone-by-october-31,nato-downs-another-russian-drone-by-september-30,0
460,nato-downs-another-russian-drone-by-november-30,nato-downs-another-russian-drone-by-september-30,0
461,nato-downs-another-russian-drone-by-december-31,nato-downs-another-russian-drone-by-september-30,0
462,russia-x-ukraine-buffer-zone-agreement-by-december-31,russia-x-ukraine-buffer-zone-agreement-by-december-31,0
463,another-russian-incursion-in-polish-airspace-by-september-30,another-russian-incursion-in-polish-airspace-by-september-30,0
464,another-russian-incursion-in-polish-airspace-by-october-31,another-russian-incursion-in-polish-airspace-by-september-30,0
465,will-russia-capture-novopavlivka-by-october-31-454,will-russia-capture-novopavlivka-by-october-31-454,0
466,will-russia-capture-novopavlivka-by-december-31-948,will-russia-capture-novopavlivka-by-october-31-454,0
467,will-russia-capture-novopavlivka-by-november-30,will-russia-capture-novopavlivka-by-october-31-454,0
468,will-russia-capture-velykomykhailivka-by-october-31,will-russia-capture-velykomykhailivka-by-october-31,0
469,will-russia-capture-velykomykhailivka-by-november-30,will-russia-capture-velykomykhailivka-by-october-31,0
470,will-russia-capture-drobysheve-by-october-31,will-russia-capture-drobysheve-by-october-31,0
471,will-russia-capture-drobysheve-by-november-30,will-russia-capture-drobysheve-by-october-31,0
472,will-putin-meet-with-zelenskyy-by-june-30-2026,will-putin-meet-with-zelenskyy-by-june-30-2026,0
473,nato-x-russia-military-clash-in-2025,nato-x-russia-military-clash-in-2025,0
474,nato-x-russia-military-clash-by-october-31-2026,nato-x-russia-military-clash-in-2025,0
475,nato-x-russia-military-clash-by-august-31-2026,nato-x-russia-military-clash-in-2025,0
476,nato-x-russia-military-clash-by-march-31-2026,nato-x-russia-military-clash-in-2025,0
477,nato-x-russia-military-clash-by-december-31-2026-244-538-582,nato-x-russia-military-clash-in-2025,0
478,nato-x-russia-military-clash-by-june-30-2026,nato-x-russia-military-clash-in-2025,0
479,will-ukraine-recapture-crimean-territory-by-december-31-2026,will-ukraine-recapture-crimean-territory-by-june-30-2026,0
480,will-ukraine-recapture-crimean-territory-by-june-30-2026,will-ukraine-recapture-crimean-territory-by-june-30-2026,0
481,will-ukraine-recapture-crimean-territory-by-june-30-2027,will-ukraine-recapture-crimean-territory-by-june-30-2026,0
482,russian-strike-on-a-nato-member-by-october-31,russian-strike-on-a-nato-member-by-october-31,0
483,russian-strike-on-a-nato-member-by-december-31,russian-strike-on-a-nato-member-by-october-31,0
484,russian-strike-on-a-nato-member-by-march-31,russian-strike-on-a-nato-member-by-october-31,0
485,another-nato-article-4-by-october-15,another-nato-article-4-by-october-15,0
486,will-russia-capture-stepanivka-by-october-31,will-russia-capture-stepanivka-by-october-31,0
487,will-trump-meet-with-volodymyr-zelenskyy-in-october,who-will-trump-meet-with-in-october,0
488,will-trump-meet-with-vladimir-putin-in-october,who-will-trump-meet-with-in-october,0
489,will-trump-meet-with-aleksandr-lukashenko-in-october,who-will-trump-meet-with-in-october,0
490,will-russia-capture-yampil-by-october-31,will-russia-capture-yampil-by-october-31,0
491,will-russia-capture-yampil-by-november-30,will-russia-capture-yampil-by-october-31,0
492,will-ukraine-recapture-crimean-territory-by-june-30-2026-992,will-ukraine-recapture-crimean-territory-by-june-30-2026-992,0
493,zelenskyy-out-as-ukraine-president-by-december-31,zelenskyy-out-as-ukraine-president-by-december-31,0
494,will-trump-talk-to-volodymyr-zelenskyy-in-october,who-will-trump-talk-to-in-october,0
495,will-trump-talk-to-vladimir-putin-in-october,who-will-trump-talk-to-in-october,0
496,will-russia-capture-uspenivka-by-october-31,will-russia-capture-uspenivka-by-october-31,0
497,will-russia-capture-uspenivka-by-november-30,will-russia-capture-uspenivka-by-october-31,0
498,uk-sanctions-on-russia-by-october-31,uk-sanctions-on-russia-by-october-31,0
499,ukraine-tomahawk-strike-by-december-31,ukraine-tomahawk-strike-by-december-31,0
500,will-trump-send-tomahawk-to-ukraine,will-trump-send-tomahawk-to-ukraine,0
501,will-trump-send-tomahawk-to-ukraine-by-december-31-396,will-trump-send-tomahawk-to-ukraine,0
502,will-trump-send-tomahawk-to-ukraine-by-november-30,will-trump-send-tomahawk-to-ukraine,0
503,will-trump-send-tomahawk-to-ukraine-by-march-31,will-trump-send-tomahawk-to-ukraine,0
504,trumpputin-meeting-in-hungary-by-dec-31,trumpputin-meeting-in-hungary-by-dec-31,0
505,russia-x-ukraine-ceasefire-by-november-30-513,russia-x-ukraine-ceasefire-by-november-30-513,0
506,will-volodymyr-zelenskyy-be-the-next-leader-out-in-2025,next-leader-out-of-power-in-2025,0
507,will-vladimir-putin-be-the-next-leader-out-in-2025,next-leader-out-of-power-in-2025,0
508,will-the-sanctioning-russia-act-of-2025-s1241-be-signed-into-law-by-december-31-2025-687,what-bills-will-be-signed-into-law-by-december-31,0
509,will-trump-talk-to-putin-by-november-30,will-trump-talk-to-putin-by-november-30,0
510,will-russia-capture-orikhiv-train-station-by-november-30,will-russia-capture-orikhiv-train-station-by-november-30,0
511,will-russia-capture-orikhiv-by-december-31,will-russia-capture-orikhiv-train-station-by-november-30,0
512,will-russia-capture-huliaipole-by-december-31,will-russia-capture-huliaipole-by-december-31,0
513,will-russia-capture-huliaipole-by-january-31-666,will-russia-capture-huliaipole-by-december-31,0
514,will-russia-capture-huliaipole-by-january-15,will-russia-capture-huliaipole-by-december-31,0
515,will-russia-enter-siversk-by-october-31,will-russia-enter-siversk-by-october-31,0
516,will-russia-enter-siversk-by-november-30,will-russia-enter-siversk-by-october-31,0
517,will-russia-enter-kostyantynivka-by-october-31,will-russia-enter-kostyantynivka-by-october-31,0
518,more-eu-sanctions-on-russia-by-december-31,more-eu-sanctions-on-russia-by-december-31,0
519,will-russia-enter-lyman-by-november-30,will-russia-enter-lyman-by-november-30,0
520,will-russia-enter-huliaipole-by-november-30,will-russia-enter-huliaipole-by-november-30,0
521,will-russia-enter-huliaipole-by-december-31,will-russia-enter-huliaipole-by-november-30,0
522,will-russia-enter-novopavlivka-by-november-30,will-russia-enter-novopavlivka-by-november-30,0
523,will-russia-recapture-territory-in-kucheriv-yar-by-november-30,will-russia-recapture-territory-in-kucheriv-yar-by-november-30,0
524,will-russia-recapture-territory-in-kucheriv-yar-by-december-31,will-russia-recapture-territory-in-kucheriv-yar-by-november-30,0
525,will-russia-recapture-territory-in-vilne-by-november-30,will-russia-recapture-territory-in-vilne-by-november-30,0
526,will-russia-recapture-territory-in-vilne-by-december-31,will-russia-recapture-territory-in-vilne-by-november-30,0
527,will-trump-meet-with-volodymyr-zelenskyy-by-november-30,who-will-trump-meet-with-in-november,0
528,will-trump-meet-with-vladimir-putin-in-november,who-will-trump-meet-with-in-november,0
529,will-trump-meet-with-aleksandr-lukashenko-in-november,who-will-trump-meet-with-in-november,0
530,will-trump-talk-to-volodymyr-zelenskyy-in-november-535,who-will-trump-talk-to-in-november,0
531,will-trump-talk-to-vladimir-putin-in-november-773,who-will-trump-talk-to-in-november,0
532,will-russia-capture-kupiansk-vuzlovyi-by-november-30,will-russia-capture-kupiansk-vuzlovyi-by-november-30,0
533,will-russia-capture-kupiansk-vuzlovyi-by-december-31,will-russia-capture-kupiansk-vuzlovyi-by-november-30,0
534,will-russia-capture-all-of-kupiansk-by-december-31-391,will-russia-capture-all-of-kupiansk-by,0
535,will-russia-capture-all-of-kupiansk-by-november-30,will-russia-capture-all-of-kupiansk-by,0
536,will-russia-capture-all-of-kupiansk-by-december-31,will-russia-capture-all-of-kupiansk-by,0
537,will-russia-capture-all-of-kupiansk-by-january-31,will-russia-capture-all-of-kupiansk-by,0
538,will-russia-capture-all-of-kupiansk-by-march-31,will-russia-capture-all-of-kupiansk-by,0
539,will-russia-capture-all-of-kupiansk-by-june-30,will-russia-capture-all-of-kupiansk-by,0
540,will-russia-capture-all-of-vovchansk-by-may-31,will-russia-capture-all-of-vovchansk-by,0
541,will-russia-capture-all-of-vovchansk-by-september-30,will-russia-capture-all-of-vovchansk-by,0
542,will-russia-capture-all-of-vovchansk-by-december-31-464,will-russia-capture-all-of-vovchansk-by,0
543,will-russia-capture-all-of-vovchansk-by-november-30,will-russia-capture-all-of-vovchansk-by,0
544,will-russia-capture-all-of-vovchansk-by-december-31,will-russia-capture-all-of-vovchansk-by,0
545,will-russia-capture-all-of-vovchansk-by-march-31,will-russia-capture-all-of-vovchansk-by,0
546,will-russia-capture-all-of-vovchansk-by-april-30,will-russia-capture-all-of-vovchansk-by,0
547,ukraine-signs-peace-deal-with-russia-by-march-31,ukraine-signs-peace-deal-with-russia-by-march-31,0
548,nato-article-5-by-march-31,nato-article-5-by-march-31,0
549,ukraine-signs-peace-deal-with-russia-before-2027,ukraine-signs-peace-deal-with-russia-before-2027,0
550,nato-article-5-before-2027,nato-article-5-before-2027,0
551,will-donald-trump-visit-russia-in-2026,which-countries-will-donald-trump-visit-in-2026,0
552,will-donald-trump-visit-ukraine-in-2026,which-countries-will-donald-trump-visit-in-2026,0
553,will-donald-trump-visit-belarus-in-2026,which-countries-will-donald-trump-visit-in-2026,0
554,ukraine-agrees-not-to-join-nato-before-2027,ukraine-agrees-not-to-join-nato-before-2027,0
555,us-recognizes-russian-sovereignty-over-crimea-before-2027,us-recognizes-russian-sovereignty-over-crimea-before-2027,0
556,will-ukraine-agree-to-give-up-the-rest-of-donbas-before-2027,will-ukraine-agree-to-give-up-the-rest-of-donbas-before-2027,0
557,will-russia-capture-sloviansk-by-december-31,will-russia-capture-slovainsk-by-2027,0
558,will-russia-capture-slovainsk-by-2027,will-russia-capture-slovainsk-by-2027,0
559,will-us-withdraw-from-nato-by-june-30,will-us-withdraw-from-nato-before-2027,0
560,will-us-withdraw-from-nato-by-august-31,will-us-withdraw-from-nato-before-2027,0
561,will-us-withdraw-from-nato-before-2027-348-975-598-224-737,will-us-withdraw-from-nato-before-2027,0
562,will-us-withdraw-from-nato-by-april-30-583-663,will-us-withdraw-from-nato-before-2027,0
563,ukraine-joins-nato-before-2027,ukraine-joins-nato-before-2027,0
564,will-trump-meet-with-volodymyr-zelenskyy-in-2026,who-will-trump-meet-with-in-2026,0
565,will-trump-meet-with-vladimir-putin-in-2026,who-will-trump-meet-with-in-2026,0
566,will-trump-meet-with-aleksandr-lukashenko-in-2026,who-will-trump-meet-with-in-2026,0
567,will-russia-test-a-nuclear-weapon-by-november-30-2025,russia-nuclear-test-by,0
568,will-russia-test-a-nuclear-weapon-by-december-31-2025,russia-nuclear-test-by,0
569,will-russia-test-a-nuclear-weapon-by-march-31-2026,russia-nuclear-test-by,0
570,will-russia-test-a-nuclear-weapon-by-june-30-2026,russia-nuclear-test-by,0
571,will-russia-test-a-nuclear-weapon-by-september-30-2026,russia-nuclear-test-by,0
572,will-russia-test-a-nuclear-weapon-by-december-31-2026-75zh,russia-nuclear-test-by,0
573,will-russia-capture-all-of-myrnohrad-by-november-30,will-russia-capture-all-of-myrnohrad-by,0
574,will-russia-capture-all-of-myrnohrad-by-december-31,will-russia-capture-all-of-myrnohrad-by,0
575,will-russia-capture-all-of-myrnohrad-by-january-31-425,will-russia-capture-all-of-myrnohrad-by,0
576,will-russia-capture-all-of-myrnohrad-by-january-15,will-russia-capture-all-of-myrnohrad-by,0
577,will-russia-capture-all-of-myrnohrad-by-february-28,will-russia-capture-all-of-myrnohrad-by,0
578,will-russia-capture-all-of-myrnohrad-by-march-31,will-russia-capture-all-of-myrnohrad-by,0
579,will-russia-capture-rivnopillia-by-december-31,will-russia-capture-rivnopillia-by-december-31,0
580,will-russia-rejoin-the-g7-before-2027,will-russia-rejoin-the-g7-before-2027,0
581,us-recognizes-russian-sovereignty-over-ukraine-before-2027,us-recognizes-russian-sovereignty-over-ukraine-before-2027,0
582,will-ukraine-agree-to-cede-territory-to-russia-by-august-31-2026,will-ukraine-agree-to-cede-territory-to-russia-before-2027,0
583,will-ukraine-agree-to-cede-territory-to-russia-before-2027,will-ukraine-agree-to-cede-territory-to-russia-before-2027,0
584,will-volodymyr-zelenskyy-be-the-next-leader-out-before-2027,next-leader-out-of-power-before-2027,0
585,will-vladimir-putin-be-the-next-leader-out-before-2027,next-leader-out-of-power-before-2027,0
586,will-trump-release-a-new-russia-x-ukraine-peace-plan-by-november-21,will-trump-release-a-new-russia-x-ukraine-peace-plan-by,0
587,will-trump-release-a-new-russia-x-ukraine-peace-plan-by-november-30,will-trump-release-a-new-russia-x-ukraine-peace-plan-by,0
588,will-trump-release-a-new-russia-x-ukraine-peace-plan-by-december-31-288,will-trump-release-a-new-russia-x-ukraine-peace-plan-by,0
589,ukraine-agrees-to-limit-size-of-armed-forces-before-2027,ukraine-agrees-to-limit-size-of-armed-forces-before-2027,0
590,ukraine-agrees-to-us-approved-peace-plan-by-thursday,ukraine-agrees-to-us-approved-peace-plan-by-thursday,0
591,will-russia-enter-pokrovskoe-by-december-31,will-russia-enter-pokrovskoe-by-december-31,0
592,will-russia-enter-orikhiv-by-may-31,will-russia-enter-orikhiv-by-december-31,0
593,will-russia-enter-orikhiv-by-july-31,will-russia-enter-orikhiv-by-december-31,0
594,will-russia-enter-orikhiv-by-september-30,will-russia-enter-orikhiv-by-december-31,0
595,will-russia-enter-orikhiv-by-december-31,will-russia-enter-orikhiv-by-december-31,0
596,will-russia-enter-orikhiv-by-january-31,will-russia-enter-orikhiv-by-december-31,0
597,will-russia-enter-orikhiv-by-march-31,will-russia-enter-orikhiv-by-december-31,0
598,will-russia-enter-orikhiv-by-june-30,will-russia-enter-orikhiv-by-december-31,0
599,another-atacms-strike-into-russian-territory-by-december-31,another-atacms-strike-into-russian-territory-by-december-31,0
600,ukraine-strike-on-moscow-municipality-by-december-31,ukraine-strike-on-moscow-municipality-by-december-31,0
601,ukraine-strike-in-russia-on-24-november-2025,ukraine-strike-in-russia-on,0
602,ukraine-strike-in-russia-on-25-november-2025,ukraine-strike-in-russia-on,0
603,ukraine-strike-in-russia-on-26-november-2025,ukraine-strike-in-russia-on,0
604,ukraine-strike-in-russia-on-27-november-2025,ukraine-strike-in-russia-on,0
605,ukraine-strike-in-russia-on-28-november-2025,ukraine-strike-in-russia-on,0
606,ukraine-strike-in-russia-on-29-november-2025,ukraine-strike-in-russia-on,0
607,ukraine-strike-in-russia-on-30-november-2025,ukraine-strike-in-russia-on,0
608,will-trump-meet-with-zelenskyy-by-december-5,will-trump-meet-with-zelenskyy-by,0
609,will-trump-meet-with-zelenskyy-by-december-31-194-484,will-trump-meet-with-zelenskyy-by,0
610,will-trump-meet-with-zelenskyy-by-december-27,will-trump-meet-with-zelenskyy-by,0
611,will-trump-meet-with-zelenskyy-by-december-28,will-trump-meet-with-zelenskyy-by,0
612,will-zelenskyy-talk-to-putin-by-august-31,will-zelenskyy-talk-to-putin-by-november-30-821,0
613,will-zelenskyy-talk-to-putin-by-november-30-821,will-zelenskyy-talk-to-putin-by-november-30-821,0
614,will-zelenskyy-talk-to-putin-by-december-31,will-zelenskyy-talk-to-putin-by-november-30-821,0
615,will-zelenskyy-talk-to-putin-by-january-31,will-zelenskyy-talk-to-putin-by-november-30-821,0
616,will-zelenskyy-talk-to-putin-by-march-31,will-zelenskyy-talk-to-putin-by-november-30-821,0
617,will-zelenskyy-talk-to-putin-by-december-31-992-711,will-zelenskyy-talk-to-putin-by-november-30-821,0
618,russia-x-ukraine-ceasefire-by-january-31-2026,russia-x-ukraine-ceasefire-by-january-31-2026,0
619,odds-of-russia-x-ukraine-ceasefire-on-friday-at-least-15-612-895,odds-of-russia-x-ukraine-ceasefire-in-2025-on-friday,0
620,odds-of-russia-x-ukraine-ceasefire-on-friday-at-least-20-664,odds-of-russia-x-ukraine-ceasefire-in-2025-on-friday,0
621,odds-of-russia-x-ukraine-ceasefire-on-friday-at-least-25-269,odds-of-russia-x-ukraine-ceasefire-in-2025-on-friday,0
622,odds-of-russia-x-ukraine-ceasefire-on-friday-at-least-10,odds-of-russia-x-ukraine-ceasefire-in-2025-on-friday,0
623,russia-strike-on-kyiv-municipality-by-651,russia-strike-on-kyiv-municipality-by-651,0
624,russia-strike-on-kyiv-municipality-by-december-12,russia-strike-on-kyiv-municipality-by-651,0
625,will-trump-talk-to-volodymyr-zelenskyy-in-december-526,who-will-trump-talk-to-in-december,0
626,will-trump-talk-to-vladimir-putin-in-december-312,who-will-trump-talk-to-in-december,0
627,will-trump-announce-a-cut-to-us-military-or-intelligence-aid-to-ukraine-by-november-30,will-trump-announce-cutting-military-aid-to-ukraine-by,0
628,will-trump-announce-a-cut-to-us-military-or-intelligence-aid-to-ukraine-by-december-31,will-trump-announce-cutting-military-aid-to-ukraine-by,0
629,will-russia-enter-hryshyne-by-december-31,will-russia-enter-hryshyne-by-december-31,0
630,will-russia-enter-toretske-by-december-31,will-russia-enter-toretske-by-december-31,0
631,will-russia-enter-toretske-by-january-15,will-russia-enter-toretske-by-december-31,0
632,will-russia-enter-toretske-by-january-31,will-russia-enter-toretske-by-december-31,0
633,will-russia-enter-toretske-by-february-28,will-russia-enter-toretske-by-december-31,0
634,will-russia-enter-sviato-pokrovske-by-december-31,will-russia-enter-sviato-pokrovske-by-december-31,0
635,will-russia-enter-khatnie-by-december-31,will-russia-enter-khatnie-by-december-31,0
636,will-russia-enter-bilytske-by-december-31,will-russia-enter-bilytske-by-december-31,0
637,will-russia-capture-havrylivka-by-december-31,will-russia-capture-havrylivka-by-december-31,0
638,will-russia-capture-any-territory-in-lyman-by-december-15,will-russia-capture-any-territory-in-lyman-by-december-15,0
639,ukraine-officially-agrees-to-a-us-backed-ceasefire-framework-in-2025,ukraine-officially-agrees-to-a-us-backed-ceasefire-framework-in-2025,0
640,ukraine-officially-agrees-to-a-us-backed-ceasefire-framework-by-january-31,ukraine-officially-agrees-to-a-us-backed-ceasefire-framework-in-2025,0
641,ukraine-officially-agrees-to-a-us-backed-ceasefire-framework-by-march-31-214,ukraine-officially-agrees-to-a-us-backed-ceasefire-framework-in-2025,0
642,ukraine-officially-agrees-to-a-us-backed-ceasefire-framework-by-february-28,ukraine-officially-agrees-to-a-us-backed-ceasefire-framework-in-2025,0
643,ukraine-officially-agrees-to-a-us-backed-ceasefire-framework-by-june-30,ukraine-officially-agrees-to-a-us-backed-ceasefire-framework-in-2025,0
644,will-russia-enter-borova-by-may-31,will-russia-enter-borova-by-december-31,0
645,will-russia-enter-borova-by-june-30,will-russia-enter-borova-by-december-31,0
646,will-russia-enter-borova-by-september-30,will-russia-enter-borova-by-december-31,0
647,will-russia-enter-borova-by-december-31,will-russia-enter-borova-by-december-31,0
648,will-russia-enter-borova-by-march-31,will-russia-enter-borova-by-december-31,0
649,will-russia-enter-borova-by-december-31-2026,will-russia-enter-borova-by-december-31,0
650,will-russia-enter-borova-by-april-30,will-russia-enter-borova-by-december-31,0
651,volodymyr-zelenskyy-arrested-by-december-31,volodymyr-zelenskyy-arrested-by-december-31,0
652,volodymyr-zelenskyy-in-jail-by-december-31,volodymyr-zelenskyy-in-jail-by-december-31,0
653,odds-of-russia-x-ukraine-ceasefire-on-friday-over-20,odds-of-russia-x-ukraine-ceasefire-in-2025-on-friday-925,0
654,odds-of-russia-x-ukraine-ceasefire-on-friday-over-7,odds-of-russia-x-ukraine-ceasefire-in-2025-on-friday-925,0
655,odds-of-russia-x-ukraine-ceasefire-on-friday-over-10,odds-of-russia-x-ukraine-ceasefire-in-2025-on-friday-925,0
656,zelenskyy-out-as-ukraine-president-by-march-31-2026,zelenskyy-out-as-ukraine-president-by-march-31-2026,0
657,russia-strike-on-kyiv-municipality-by-december-5,russia-strike-on-kyiv-municipality-by-december-5,0
658,russia-strike-on-kyiv-municipality-by-december-15,russia-strike-on-kyiv-municipality-by-december-5,0
659,russia-strike-on-kyiv-municipality-by-december-31,russia-strike-on-kyiv-municipality-by-december-5,0
660,russia-strike-on-kyiv-municipality-on-december-2-539,russia-strike-on-kyiv-municipality-on,0
661,russia-strike-on-kyiv-municipality-on-december-3-471,russia-strike-on-kyiv-municipality-on,0
662,russia-strike-on-kyiv-municipality-on-december-4-664,russia-strike-on-kyiv-municipality-on,0
663,russia-strike-on-kyiv-municipality-on-december-5-524,russia-strike-on-kyiv-municipality-on,0
664,russia-strike-on-kyiv-municipality-on-december-6-283,russia-strike-on-kyiv-municipality-on,0
665,russia-strike-on-kyiv-municipality-on-december-7-712,russia-strike-on-kyiv-municipality-on,0
666,russia-strike-on-kyiv-municipality-on-december-8,russia-strike-on-kyiv-municipality-on,0
667,russia-strike-on-kyiv-municipality-on-december-9,russia-strike-on-kyiv-municipality-on,0
668,russia-strike-on-kyiv-municipality-on-december-10,russia-strike-on-kyiv-municipality-on,0
669,russia-strike-on-kyiv-municipality-on-december-11,russia-strike-on-kyiv-municipality-on,0
670,russia-strike-on-kyiv-municipality-on-december-12,russia-strike-on-kyiv-municipality-on,0
671,russia-strike-on-kyiv-municipality-on-december-13,russia-strike-on-kyiv-municipality-on,0
672,russia-strike-on-kyiv-municipality-on-december-14,russia-strike-on-kyiv-municipality-on,0
673,odds-of-russia-x-ukraine-ceasefire-40-by-december-5,odds-of-russia-x-ukraine-ceasefire-40-by-december-5,0
674,odds-of-russia-x-ukraine-ceasefire-on-friday-over-30,odds-of-russia-x-ukraine-ceasefire-by-march-31-on-friday,0
675,odds-of-russia-x-ukraine-ceasefire-on-friday-over-25,odds-of-russia-x-ukraine-ceasefire-by-march-31-on-friday,0
676,will-russia-announce-a-christmas-truce,will-russia-announce-a-christmas-truce,0
677,will-russia-enter-druzkhivka-by-january-31,will-russia-enter-druzkhivka-by-january-31,0
678,will-russia-enter-dobropillia-by-may-31,will-russia-enter-dobropillia-by-january-31,0
679,will-russia-enter-dobropillia-by-june-30,will-russia-enter-dobropillia-by-january-31,0
680,will-russia-enter-dobropillia-by-december-31-756-874,will-russia-enter-dobropillia-by-january-31,0
681,will-russia-enter-dobropillia-by-october-31-558,will-russia-enter-dobropillia-by-january-31,0
682,will-russia-enter-dobropillia-by-september-30,will-russia-enter-dobropillia-by-january-31,0
683,will-russia-enter-dobropillia-by-september-15,will-russia-enter-dobropillia-by-january-31,0
684,will-russia-enter-dobropillia-by-january-31,will-russia-enter-dobropillia-by-january-31,0
685,will-russia-enter-dobropillia-by-march-31,will-russia-enter-dobropillia-by-january-31,0
686,will-russia-enter-dobropillia-by-april-30,will-russia-enter-dobropillia-by-january-31,0
687,will-russia-capture-drobysheve-by-december-31,will-russia-capture-drobysheve-by-december-31,0
688,ukraine-strikes-another-tanker-in-black-sea-by-december-31-143,ukraine-strikes-another-tanker-in-black-sea-by,0
689,ukraine-strikes-another-tanker-in-black-sea-by-december-19,ukraine-strikes-another-tanker-in-black-sea-by,0
690,will-putin-meet-with-zelenskyy-by-march-31-2026,will-putin-meet-with-zelenskyy-by-march-31-2026,0
691,will-trump-meet-with-volodymyr-zelenskyy-in-january-2026,who-will-trump-meet-with-in-january,0
692,will-trump-meet-with-vladimir-putin-in-january-2026,who-will-trump-meet-with-in-january,0
693,will-trump-talk-to-volodymyr-zelenskyy-in-january,who-will-trump-talk-to-in-january,0
694,will-trump-talk-to-vladimir-putin-in-january,who-will-trump-talk-to-in-january,0
695,eu-agrees-use-of-russian-assets-to-fund-ukraine-by-december-19,eu-agrees-use-of-russian-assets-to-fund-ukraine-by,0
696,eu-agrees-use-of-russian-assets-to-fund-ukraine-by-december-31,eu-agrees-use-of-russian-assets-to-fund-ukraine-by,0
697,trump-putin-and-zelensky-seen-together-before-2027,trump-putin-and-zelensky-seen-together-before-2027,0
698,trump-putin-and-zelensky-meet-together-before-2027,trump-putin-and-zelensky-meet-together-before-2027,0
699,ukraine-signs-peace-deal-with-russia-by-january-31,ukraine-signs-peace-deal-with-russia-by-january-31,0
700,ukraine-signs-peace-deal-with-russia-by-june-30,ukraine-signs-peace-deal-with-russia-by-june-30,0
701,zelenskyy-out-as-ukraine-president-by-january-31-2026,zelenskyy-out-as-ukraine-president-by-january-31-2026,0
702,ukraine-agrees-not-to-join-nato-by-june-30,ukraine-agrees-not-to-join-nato-by-june-30,0
703,ukraine-agrees-not-to-join-nato-by-march-31,ukraine-agrees-not-to-join-nato-by-march-31,0
704,putin-out-as-president-of-russia-by-june-30,putin-out-as-president-of-russia-by-june-30,0
705,ukraine-strikes-another-tanker-in-black-sea-by-december-31-2025,ukraine-strikes-another-tanker-in-black-sea-by-354,0
706,ukraine-strikes-another-tanker-in-black-sea-by-january-15-2026,ukraine-strikes-another-tanker-in-black-sea-by-354,0
707,ukraine-strikes-another-tanker-in-black-sea-by-january-31-2026,ukraine-strikes-another-tanker-in-black-sea-by-354,0
708,will-russia-enter-sloviansk-by-june-30,which-cities-will-russia-enter-by-june-30,0
709,will-russia-enter-sumy-by-june-30-893-434,which-cities-will-russia-enter-by-june-30,0
710,will-russia-enter-druzkhivka-by-june-30-933-897,which-cities-will-russia-enter-by-june-30,0
711,will-russia-enter-dopropillia-by-june-30-122-495,which-cities-will-russia-enter-by-june-30,0
712,will-russia-enter-kramatorsk-by-june-30-821-192,which-cities-will-russia-enter-by-june-30,0
713,will-russia-enter-kharkiv-by-june-30-967,which-cities-will-russia-enter-by-june-30,0
714,will-russia-enter-kherson-by-june-30-645,which-cities-will-russia-enter-by-june-30,0
715,will-russia-enter-zaporizhia-by-june-30-845,which-cities-will-russia-enter-by-june-30,0
716,ukraine-calls-a-referendum-on-peace-deal-with-russia-by-january-31,ukraine-calls-a-referendum-on-peace-deal-with-russia-by-january-31,0
717,ukraine-peace-referendum-scheduled-by-march-31,ukraine-calls-a-referendum-on-peace-deal-with-russia-by-january-31,0
718,ukraine-peace-referendum-scheduled-by-june-30,ukraine-calls-a-referendum-on-peace-deal-with-russia-by-january-31,0
719,ukraine-peace-referendum-scheduled-by-september-30,ukraine-calls-a-referendum-on-peace-deal-with-russia-by-january-31,0
720,ukraine-peace-referendum-scheduled-by-december-31,ukraine-calls-a-referendum-on-peace-deal-with-russia-by-january-31,0
721,russia-strike-on-kyiv-municipality-by-december-31-684,russia-strike-on-kyiv-municipality-by-december-31-684,0
722,us-agrees-to-give-ukraine-security-guarantee-by-june-30,us-agrees-to-give-ukraine-security-guarantee-by-june-30,0
723,eunato-country-announces-peacekeeping-force-in-ukraine-before-2027,eunato-country-announces-peacekeeping-force-in-ukraine-before-2027,0
724,eunato-country-announces-peacekeeping-force-in-ukraine-by-december-31,eunato-country-announces-peacekeeping-force-in-ukraine-before-2027,0
725,european-country-agrees-to-give-ukraine-security-guarantee-by-december-31,european-country-agrees-to-give-ukraine-security-guarantee-by-june-30,0
726,european-country-agrees-to-give-ukraine-security-guarantee-by-june-30,european-country-agrees-to-give-ukraine-security-guarantee-by-june-30,0
727,will-russia-enter-vozdvyzhivka-by-may-31,will-russia-enter-vozdvyzhivka-by-january-31,0
728,will-russia-enter-vozdvyzhivka-by-january-31,will-russia-enter-vozdvyzhivka-by-january-31,0
729,will-russia-enter-vozdvyzhivka-by-february-28,will-russia-enter-vozdvyzhivka-by-january-31,0
730,will-russia-enter-vozdvyzhivka-by-march-31,will-russia-enter-vozdvyzhivka-by-january-31,0
731,will-russia-enter-vozdvyzhivka-by-april-30,will-russia-enter-vozdvyzhivka-by-january-31,0
732,will-russia-enter-zaliznychne-by-january-31,will-russia-enter-zaliznychne-by-january-31,0
733,will-russia-enter-zaliznychne-by-february-28,will-russia-enter-zaliznychne-by-january-31,0
734,ukraine-coup-attempt-by-december-31,ukraine-coup-attempt-by-june-30,0
735,ukraine-coup-attempt-by-june-30,ukraine-coup-attempt-by-june-30,0
736,ukraine-peace-referendum-passed-by-december-31-2026,ukraine-peace-referendum-passed-by-december-31-2026,0
737,will-russia-capture-all-of-stepnohirsk-by-may-31-2026,will-russia-capture-all-of-stepnohirsk-by,0
738,will-russia-capture-all-of-stepnohirsk-by-september-30-2026,will-russia-capture-all-of-stepnohirsk-by,0
739,will-russia-capture-all-of-stepnohirsk-by-december-31-2026,will-russia-capture-all-of-stepnohirsk-by,0
740,will-russia-capture-all-of-stepnohirsk-by-march-31-2026-627,will-russia-capture-all-of-stepnohirsk-by,0
741,will-russia-capture-all-of-stepnohirsk-by-january-31-2026-147,will-russia-capture-all-of-stepnohirsk-by,0
742,will-russia-capture-all-of-stepnohirsk-by-february-28-2026,will-russia-capture-all-of-stepnohirsk-by,0
743,will-russia-capture-all-of-stepnohirsk-by-april-30-2026,will-russia-capture-all-of-stepnohirsk-by,0
744,will-russia-capture-all-of-prymorske-by-may-31-2026,will-russia-capture-all-of-prymorske-by,0
745,will-russia-capture-all-of-prymorske-by-september-30-2026,will-russia-capture-all-of-prymorske-by,0
746,will-russia-capture-all-of-prymorske-by-december-31-2026,will-russia-capture-all-of-prymorske-by,0
747,will-russia-capture-all-of-prymorske-by-january-15-2026,will-russia-capture-all-of-prymorske-by,0
748,will-russia-capture-all-of-prymorske-by-january-31-2026,will-russia-capture-all-of-prymorske-by,0
749,will-russia-capture-all-of-prymorske-by-march-31-2026-597,will-russia-capture-all-of-prymorske-by,0
750,will-russia-capture-all-of-prymorske-by-february-28-2026,will-russia-capture-all-of-prymorske-by,0
751,will-russia-capture-all-of-prymorske-by-april-30-2026,will-russia-capture-all-of-prymorske-by,0
752,russia-strike-on-kyiv-municipality-by-january-17-2026,russia-strike-on-kyiv-municipality-by-168,0
753,russia-strike-on-kyiv-municipality-by-january-10-2026,russia-strike-on-kyiv-municipality-by-168,0
754,will-russia-enter-sofiivka-by-january-31,will-russia-enter-sofiivka-by-january-31,0
755,will-russia-enter-sofiivka-by-february-28,will-russia-enter-sofiivka-by-january-31,0
756,will-volodymyr-zelenskyy-be-the-next-leader-out-before-2027-222,next-leader-out-of-power-before-2027-684,0
757,will-vladimir-putin-be-the-next-leader-out-before-2027-498,next-leader-out-of-power-before-2027-684,0
758,will-russia-capture-all-of-donetsk-oblast-by-december-31-2026,will-russia-capture-all-of-donetsk-oblast-by,0
759,will-russia-capture-all-of-donetsk-oblast-by-march-31-2026,will-russia-capture-all-of-donetsk-oblast-by,0
760,will-russia-capture-all-of-donetsk-oblast-by-june-30-2026,will-russia-capture-all-of-donetsk-oblast-by,0
761,will-russia-capture-all-of-donetsk-oblast-by-june-30-2027,will-russia-capture-all-of-donetsk-oblast-by,0
762,ukraine-hits-moscow-by-january-31,ukraine-hits-moscow-by-january-31,0
763,russia-strike-on-kyiv-municipality-by-january-17-2026-438-472,russia-strike-on-kyiv-municipality-by-675,0
764,russia-strike-on-kyiv-municipality-by-january-10-2026-538-895,russia-strike-on-kyiv-municipality-by-675,0
765,nato-dissolves-before-2027,nato-dissolves-before-2027,0
766,russia-strike-on-kyiv-municipality-by-january-11,russia-strike-on-kyiv-municipality-by-423,0
767,russia-strike-on-kyiv-municipality-by-january-17,russia-strike-on-kyiv-municipality-by-423,0
768,russia-strike-on-kyiv-municipality-by-january-19,russia-strike-on-kyiv-municipality-by-423,0
769,russia-strike-on-kyiv-municipality-by-january-31,russia-strike-on-kyiv-municipality-by-423,0
770,ukraine-strikes-another-tanker-in-black-sea-by-january-17-2026,ukraine-strikes-another-tanker-in-black-sea-by-835,0
771,ukraine-strikes-another-tanker-in-black-sea-by-january-24-2026,ukraine-strikes-another-tanker-in-black-sea-by-835,0
772,ukraine-strikes-another-tanker-in-black-sea-by-january-31-2026-859,ukraine-strikes-another-tanker-in-black-sea-by-835,0
773,ukraine-strikes-another-tanker-in-black-sea-by-february-28-2026-573,ukraine-strikes-another-tanker-in-black-sea-by-835,0
774,ukraine-strikes-another-tanker-in-black-sea-by-february-14-2026,ukraine-strikes-another-tanker-in-black-sea-by-835,0
775,ukraine-strikes-another-tanker-in-black-sea-by-march-31-2026,ukraine-strikes-another-tanker-in-black-sea-by-835,0
776,ukraine-strikes-another-tanker-in-black-sea-by-april-15-2026,ukraine-strikes-another-tanker-in-black-sea-by-835,0
777,russia-x-ukraine-ceasefire-by-june-30-2026,russia-x-ukraine-ceasefire-by-june-30-2026,0
778,will-russia-enter-malokaterynivka-by-may-31-2026,will-russia-enter-malokaterynivka-by-february-28,0
779,will-russia-enter-malokaterynivka-by-december-31-2026,will-russia-enter-malokaterynivka-by-february-28,0
780,will-russia-enter-malokaterynivka-by-february-28,will-russia-enter-malokaterynivka-by-february-28,0
781,will-russia-enter-malokaterynivka-by-march-31-2026,will-russia-enter-malokaterynivka-by-february-28,0
782,will-russia-enter-malokaterynivka-by-april-30-2026,will-russia-enter-malokaterynivka-by-february-28,0
783,will-russia-capture-bilytske-by-may-31-2026,will-russia-capture-bilytske-by,0
784,will-russia-capture-bilytske-by-december-31-2026-252-757-575,will-russia-capture-bilytske-by,0
785,will-russia-capture-bilytske-by-june-30-2026,will-russia-capture-bilytske-by,0
786,will-russia-capture-bilytske-by-september-30-2026-564,will-russia-capture-bilytske-by,0
787,will-russia-capture-bilytske-by-august-31-2026,will-russia-capture-bilytske-by,0
788,will-russia-capture-bilytske-by-october-31-2026,will-russia-capture-bilytske-by,0
789,will-russia-capture-bilytske-by-february-28-2026,will-russia-capture-bilytske-by,0
790,will-russia-capture-bilytske-by-march-31-2026,will-russia-capture-bilytske-by,0
791,will-russia-capture-bilytske-by-april-30-2026,will-russia-capture-bilytske-by,0
792,will-russia-capture-zarichne-by-february-28-2026,will-russia-capture-zarichne-by,0
793,will-russia-capture-zarichne-by-march-31-2026,will-russia-capture-zarichne-by,0
794,russia-strike-on-kyiv-municipality-by-january-24-2026,russia-strike-on-kyiv-municipality-by-579,0
795,russia-strike-on-kyiv-municipality-by-january-31-2026,russia-strike-on-kyiv-municipality-by-579,0
796,will-trump-meet-with-volodymyr-zelenskyy-in-february-2026,who-will-trump-meet-with-in-february,0
797,will-trump-meet-with-vladimir-putin-in-february-2026,who-will-trump-meet-with-in-february,0
798,will-trump-talk-to-volodymyr-zelenskyy-in-february,who-will-trump-talk-to-in-februrary,0
799,will-trump-talk-to-vladimir-putin-in-february,who-will-trump-talk-to-in-februrary,0
800,will-russia-invade-another-country-by-december-31-2027,will-russia-invade-another-country-in-2026,0
801,will-russia-invade-another-country-in-2026,will-russia-invade-another-country-in-2026,0
802,will-russia-capture-hryshyne-by-february-28-2026,will-russia-capture-hryshyne-by,0
803,will-russia-capture-hryshyne-by-march-31-2026-299,will-russia-capture-hryshyne-by,0
804,will-russia-capture-hryshyne-by-june-30-2026-484-168-415,will-russia-capture-hryshyne-by,0
805,will-russia-capture-hryshyne-by-april-30-2026-647-522,will-russia-capture-hryshyne-by,0
806,will-russia-capture-hryshyne-by-march-15-2026-338,will-russia-capture-hryshyne-by,0
807,will-russia-strike-on-kyiv-municipality-on-january-22-172,russia-strike-on-kyiv-municipality-on-138,0
808,will-russia-strike-on-kyiv-municipality-on-january-23-426,russia-strike-on-kyiv-municipality-on-138,0
809,will-russia-strike-on-kyiv-municipality-on-january-24-878,russia-strike-on-kyiv-municipality-on-138,0
810,will-russia-strike-on-kyiv-municipality-on-january-25-939,russia-strike-on-kyiv-municipality-on-138,0
811,will-russia-strike-on-kyiv-municipality-on-january-26-715,russia-strike-on-kyiv-municipality-on-138,0
812,will-russia-strike-on-kyiv-municipality-on-january-27-376,russia-strike-on-kyiv-municipality-on-138,0
813,will-russia-strike-on-kyiv-municipality-on-january-28-567,russia-strike-on-kyiv-municipality-on-138,0
814,will-russia-strike-on-kyiv-municipality-on-january-29-442,russia-strike-on-kyiv-municipality-on-138,0
815,will-russia-strike-on-kyiv-municipality-on-january-30-296,russia-strike-on-kyiv-municipality-on-138,0
816,will-russia-strike-on-kyiv-municipality-on-january-31-125,russia-strike-on-kyiv-municipality-on-138,0
817,russia-x-ukraine-ceasefire-by-february-28-2026,russia-x-ukraine-ceasefire-by-february-28-2026,0
818,will-nato-countries-clash-with-each-other-before-2027,will-nato-countries-clash-with-each-other-before-2027,0
819,will-russia-strike-kyiv-on-february-1-2026,russia-strike-on-kyiv-municipality-on-252,0
820,will-russia-strike-kyiv-on-february-2-2026,russia-strike-on-kyiv-municipality-on-252,0
821,will-russia-strike-kyiv-on-february-3-2026,russia-strike-on-kyiv-municipality-on-252,0
822,will-russia-strike-kyiv-on-february-4-2026,russia-strike-on-kyiv-municipality-on-252,0
823,will-russia-strike-kyiv-on-february-5-2026,russia-strike-on-kyiv-municipality-on-252,0
824,will-russia-strike-kyiv-on-february-6-2026,russia-strike-on-kyiv-municipality-on-252,0
825,will-russia-strike-kyiv-on-february-7-2026,russia-strike-on-kyiv-municipality-on-252,0
826,will-russia-strike-kyiv-on-february-8-2026,russia-strike-on-kyiv-municipality-on-252,0
827,will-russia-strike-kyiv-on-february-9-2026,russia-strike-on-kyiv-municipality-on-252,0
828,will-russia-strike-kyiv-on-february-10-2026,russia-strike-on-kyiv-municipality-on-252,0
829,will-russia-strike-kyiv-on-february-11-2026,russia-strike-on-kyiv-municipality-on-252,0
830,will-russia-strike-kyiv-on-february-12-2026,russia-strike-on-kyiv-municipality-on-252,0
831,will-russia-strike-kyiv-on-february-13-2026,russia-strike-on-kyiv-municipality-on-252,0
832,will-russia-strike-kyiv-on-february-14-2026,russia-strike-on-kyiv-municipality-on-252,0
833,will-russia-strike-kyiv-on-february-15-2026,russia-strike-on-kyiv-municipality-on-252,0
834,will-russia-strike-kyiv-on-february-16-2026,russia-strike-on-kyiv-municipality-on-252,0
835,will-russia-strike-kyiv-on-february-17-2026,russia-strike-on-kyiv-municipality-on-252,0
836,will-russia-strike-kyiv-on-february-18-2026,russia-strike-on-kyiv-municipality-on-252,0
837,will-russia-strike-kyiv-on-february-19-2026,russia-strike-on-kyiv-municipality-on-252,0
838,will-russia-strike-kyiv-on-february-20-2026,russia-strike-on-kyiv-municipality-on-252,0
839,will-russia-strike-kyiv-on-february-21-2026,russia-strike-on-kyiv-municipality-on-252,0
840,will-russia-strike-kyiv-on-february-22-2026,russia-strike-on-kyiv-municipality-on-252,0
841,will-russia-strike-kyiv-on-february-23-2026,russia-strike-on-kyiv-municipality-on-252,0
842,will-russia-strike-kyiv-on-february-24-2026,russia-strike-on-kyiv-municipality-on-252,0
843,will-russia-strike-kyiv-on-february-25-2026,russia-strike-on-kyiv-municipality-on-252,0
844,will-russia-strike-kyiv-on-february-26-2026,russia-strike-on-kyiv-municipality-on-252,0
845,will-russia-strike-kyiv-on-february-27-2026,russia-strike-on-kyiv-municipality-on-252,0
846,will-russia-strike-kyiv-on-february-28-2026,russia-strike-on-kyiv-municipality-on-252,0
847,will-russia-strike-kyiv-on-march-31-2026,russia-strike-on-kyiv-municipality-on-252,0
848,ukraine-hits-moscow-by-february-14-2026,ukraine-hits-moscow-by,0
849,ukraine-hits-moscow-by-february-28-2026,ukraine-hits-moscow-by,0
850,ukraine-hits-moscow-by-march-31-2026,ukraine-hits-moscow-by,0
851,ukraine-hits-moscow-by-april-15-2026,ukraine-hits-moscow-by,0
852,ukraine-hits-moscow-by-april-30-2026,ukraine-hits-moscow-by,0
853,will-russia-enter-bilytske-by-february-28,will-russia-enter-bilytske-by-february-28,0
854,will-russia-enter-bilytske-by-march-31,will-russia-enter-bilytske-by-february-28,0
855,will-russia-enter-ternuvate-by-february-28,will-russia-enter-ternuvate-by-february-28,0
856,will-russia-enter-rai-oleksandrivka-by-may-31-2026,will-russia-enter-rai-oleksandrivka-by-february-28,0
857,will-russia-enter-rai-oleksandrivka-by-february-28-2026,will-russia-enter-rai-oleksandrivka-by-february-28,0
858,will-russia-enter-rai-oleksandrivka-by-march-31-2026,will-russia-enter-rai-oleksandrivka-by-february-28,0
859,will-russia-enter-rai-oleksandrivka-by-april-30-2026,will-russia-enter-rai-oleksandrivka-by-february-28,0
860,will-russia-capture-drobysheve-by-february-28,will-russia-capture-drobysheve-by-february-28,0
861,will-russia-capture-drobysheve-by-march-31,will-russia-capture-drobysheve-by-february-28,0
862,will-russia-enter-kupiansk-vuzlovyi-by-february-28,will-russia-enter-kupiansk-vuzlovyi-by-february-28,0
863,will-russia-capture-havrylivka-by-may-31-2026,will-russia-capture-havrylivka-by-february-28,0
864,will-russia-capture-havrylivka-by-june-30-2026,will-russia-capture-havrylivka-by-february-28,0
865,will-russia-capture-havrylivka-by-september-30-2026,will-russia-capture-havrylivka-by-february-28,0
866,will-russia-capture-havrylivka-by-december-31-2026,will-russia-capture-havrylivka-by-february-28,0
867,will-russia-capture-havrylivka-by-february-28-2026,will-russia-capture-havrylivka-by-february-28,0
868,will-russia-capture-havrylivka-by-march-31-2026,will-russia-capture-havrylivka-by-february-28,0
869,will-russia-capture-havrylivka-by-april-30-2026,will-russia-capture-havrylivka-by-february-28,0
870,will-russia-enter-havrylivka-by-may-31-2026,will-russia-enter-havrylivka-by-february-28,0
871,will-russia-enter-havrylivka-by-july-31-2026,will-russia-enter-havrylivka-by-february-28,0
872,will-russia-enter-havrylivka-by-september-30-2026,will-russia-enter-havrylivka-by-february-28,0
873,will-russia-enter-havrylivka-by-october-31-2026,will-russia-enter-havrylivka-by-february-28,0
874,will-russia-enter-havrylivka-by-december-31-2026,will-russia-enter-havrylivka-by-february-28,0
875,will-russia-enter-havrylivka-by-february-28,will-russia-enter-havrylivka-by-february-28,0
876,will-russia-enter-havrylivka-by-march-31-2026,will-russia-enter-havrylivka-by-february-28,0
877,will-russia-enter-havrylivka-by-april-30-2026,will-russia-enter-havrylivka-by-february-28,0
878,will-russia-capture-kupiansk-vuzlovyi-by-may-31,will-russia-capture-kupiansk-vuzlovyi-by,0
879,will-russia-capture-kupiansk-vuzlovyi-by-december-31-547-481,will-russia-capture-kupiansk-vuzlovyi-by,0
880,will-russia-capture-kupiansk-vuzlovyi-by-september-30,will-russia-capture-kupiansk-vuzlovyi-by,0
881,will-russia-capture-kupiansk-vuzlovyi-by-february-28,will-russia-capture-kupiansk-vuzlovyi-by,0
882,will-russia-capture-kupiansk-vuzlovyi-by-march-31,will-russia-capture-kupiansk-vuzlovyi-by,0
883,will-russia-capture-kupiansk-vuzlovyi-by-april-30,will-russia-capture-kupiansk-vuzlovyi-by,0
884,will-russia-enter-rizdvianka-by-february-28,will-russia-enter-rizdvianka-by-february-28,0
885,will-russia-enter-rizdvianka-by-march-31-2026,will-russia-enter-rizdvianka-by-february-28,0
886,will-russia-capture-all-of-ternuvate-by-may-31-2026,will-russia-capture-all-of-ternuvate-by-february-28,0
887,will-russia-capture-all-of-ternuvate-by-december-31-2026,will-russia-capture-all-of-ternuvate-by-february-28,0
888,will-russia-capture-all-of-ternuvate-by-february-28-2026,will-russia-capture-all-of-ternuvate-by-february-28,0
889,will-russia-capture-all-of-ternuvate-by-march-31-2026,will-russia-capture-all-of-ternuvate-by-february-28,0
890,will-russia-capture-all-of-ternuvate-by-april-30-2026,will-russia-capture-all-of-ternuvate-by-february-28,0
891,russia-x-ukraine-prisoner-exchange-by-february-14-2026,russia-x-ukraine-prisoner-exchange-by,0
892,russia-x-ukraine-prisoner-exchange-by-february-28-2026,russia-x-ukraine-prisoner-exchange-by,0
893,will-russia-capture-toretske-by-may-31-2026,will-russia-capture-toretske-by,0
894,will-russia-capture-toretske-by-july-31-2026,will-russia-capture-toretske-by,0
895,will-russia-capture-toretske-by-september-30-2026,will-russia-capture-toretske-by,0
896,will-russia-capture-toretske-by-october-31-2026,will-russia-capture-toretske-by,0
897,will-russia-capture-toretske-by-february-28,will-russia-capture-toretske-by,0
898,will-russia-capture-toretske-by-march-31-2026,will-russia-capture-toretske-by,0
899,will-russia-capture-toretske-by-april-30-2026,will-russia-capture-toretske-by,0
900,will-russia-capture-sofiivka-by-may-31,will-russia-capture-sofiivka-by-february-28,0
901,will-russia-capture-sofiivka-by-june-30,will-russia-capture-sofiivka-by-february-28,0
902,will-russia-capture-sofiivka-by-december-31-161,will-russia-capture-sofiivka-by-february-28,0
903,will-russia-capture-sofiivka-by-october-31,will-russia-capture-sofiivka-by-february-28,0
904,will-russia-capture-sofiivka-by-february-28,will-russia-capture-sofiivka-by-february-28,0
905,will-russia-capture-sofiivka-by-march-31,will-russia-capture-sofiivka-by-february-28,0
906,will-russia-capture-sofiivka-by-april-30,will-russia-capture-sofiivka-by-february-28,0
907,will-russia-enter-kindrashivka-by-may-31,will-russia-enter-kindrashivka-by-february-28,0
908,will-russia-enter-kindrashivka-by-july-31,will-russia-enter-kindrashivka-by-february-28,0
909,will-russia-enter-kindrashivka-by-february-28,will-russia-enter-kindrashivka-by-february-28,0
910,will-russia-enter-kindrashivka-by-march-31,will-russia-enter-kindrashivka-by-february-28,0
911,will-russia-enter-kindrashivka-by-april-30,will-russia-enter-kindrashivka-by-february-28,0
912,will-russia-enter-kurylivka-by-february-28,will-russia-enter-kurylivka-by-february-28,0
913,will-russia-capture-all-of-rodynske-by-february-28,will-russia-capture-all-of-rodynske-by,0
914,will-russia-capture-all-of-rodynske-by-march-31,will-russia-capture-all-of-rodynske-by,0
915,will-russia-capture-all-of-rodynske-by-april-30,will-russia-capture-all-of-rodynske-by,0
916,will-russia-capture-all-of-huliaipole-by-may-31,will-russia-capture-all-of-huliaipole-by-february-28,0
917,will-russia-capture-all-of-huliaipole-by-june-30,will-russia-capture-all-of-huliaipole-by-february-28,0
918,will-russia-capture-all-of-huliaipole-by-september-30,will-russia-capture-all-of-huliaipole-by-february-28,0
919,will-russia-capture-all-of-huliaipole-by-february-28,will-russia-capture-all-of-huliaipole-by-february-28,0
920,will-russia-capture-all-of-huliaipole-by-march-31,will-russia-capture-all-of-huliaipole-by-february-28,0
921,will-russia-capture-all-of-huliaipole-by-april-30,will-russia-capture-all-of-huliaipole-by-february-28,0
922,will-russia-capture-all-of-drobysheve-by-may-31,will-russia-capture-all-of-drobysheve-by-march-31,0
923,will-russia-capture-all-of-drobysheve-by-july-31,will-russia-capture-all-of-drobysheve-by-march-31,0
924,will-russia-capture-all-of-drobysheve-by-december-31,will-russia-capture-all-of-drobysheve-by-march-31,0
925,will-russia-capture-all-of-drobysheve-by-march-31,will-russia-capture-all-of-drobysheve-by-march-31,0
926,will-russia-capture-all-of-drobysheve-by-april-30,will-russia-capture-all-of-drobysheve-by-march-31,0
927,will-russia-enter-serhiivka-by-may-31,will-russia-enter-serhiivka-by-march-31,0
928,will-russia-enter-serhiivka-by-july-31,will-russia-enter-serhiivka-by-march-31,0
929,will-russia-enter-serhiivka-by-december-31,will-russia-enter-serhiivka-by-march-31,0
930,will-russia-enter-serhiivka-by-march-31,will-russia-enter-serhiivka-by-march-31,0
931,will-russia-enter-serhiivka-by-april-30,will-russia-enter-serhiivka-by-march-31,0
932,will-russia-enter-verkhnia-tersa-by-february-28,will-russia-enter-verkhnia-tersa-by-february-28,0
933,will-russia-enter-verkhnia-tersa-by-march-31-2026,will-russia-enter-verkhnia-tersa-by-february-28,0
934,will-russia-enter-verkhnia-tersa-by-april-30-2026,will-russia-enter-verkhnia-tersa-by-february-28,0
935,will-russia-enter-pokrovskoe-by-may-31-2026,will-russia-enter-pokrovskoe-by,0
936,will-russia-enter-pokrovskoe-by-december-31-2026,will-russia-enter-pokrovskoe-by,0
937,will-russia-enter-pokrovskoe-by-february-28-2026,will-russia-enter-pokrovskoe-by,0
938,will-russia-enter-pokrovskoe-by-march-31-2026,will-russia-enter-pokrovskoe-by,0
939,will-russia-enter-pokrovskoe-by-april-30-2026,will-russia-enter-pokrovskoe-by,0
940,will-russia-enter-khatnie-by-may-31-2026,will-russia-enter-khatnie-by,0
941,will-russia-enter-khatnie-by-july-31-2026,will-russia-enter-khatnie-by,0
942,will-russia-enter-khatnie-by-december-31-2026,will-russia-enter-khatnie-by,0
943,will-russia-enter-khatnie-by-february-28-2026,will-russia-enter-khatnie-by,0
944,will-russia-enter-khatnie-by-march-31-2026,will-russia-enter-khatnie-by,0
945,will-russia-enter-khatnie-by-april-30-2026,will-russia-enter-khatnie-by,0
946,will-russia-capture-pokrovka-by-may-31,will-russia-capture-pokrovka-by,0
947,will-russia-capture-pokrovka-by-july-31,will-russia-capture-pokrovka-by,0
948,will-russia-capture-pokrovka-by-december-31,will-russia-capture-pokrovka-by,0
949,will-russia-capture-pokrovka-by-february-28,will-russia-capture-pokrovka-by,0
950,will-russia-capture-pokrovka-by-march-31,will-russia-capture-pokrovka-by,0
951,will-russia-capture-pokrovka-by-april-30,will-russia-capture-pokrovka-by,0
952,will-russia-enter-ternuvate-again-by-may-31,will-russia-enter-ternuvate-again-by-february-28,0
953,will-russia-enter-ternuvate-again-by-july-31,will-russia-enter-ternuvate-again-by-february-28,0
954,will-russia-enter-ternuvate-again-by-august-31,will-russia-enter-ternuvate-again-by-february-28,0
955,will-russia-enter-ternuvate-again-by-october-31,will-russia-enter-ternuvate-again-by-february-28,0
956,will-russia-enter-ternuvate-again-by-february-28,will-russia-enter-ternuvate-again-by-february-28,0
957,will-russia-enter-ternuvate-again-by-march-31,will-russia-enter-ternuvate-again-by-february-28,0
958,will-russia-enter-ternuvate-again-by-april-30,will-russia-enter-ternuvate-again-by-february-28,0
959,will-russia-capture-zaliznychne-by-february-28,will-russia-capture-zaliznychne-by-february-28,0
960,will-russia-capture-all-of-hryshyne-by,will-russia-capture-all-of-hryshyne-by,0
961,will-russia-capture-all-of-kostyantynivka-by-july-31-2026,will-russia-capture-all-of-kostyantynivka-by,0
962,will-russia-capture-all-of-kostyantynivka-by-september-30-2026-715,will-russia-capture-all-of-kostyantynivka-by,0
963,will-russia-capture-all-of-kostyantynivka-by-august-31-2026,will-russia-capture-all-of-kostyantynivka-by,0
964,will-russia-capture-all-of-kostyantynivka-by-october-31-2026-20260811165319370-684,will-russia-capture-all-of-kostyantynivka-by,0
965,will-russia-capture-all-of-kostyantynivka-by-march-31-2027,will-russia-capture-all-of-kostyantynivka-by,0
966,will-russia-capture-all-of-kostyantynivka-by-june-30-2027,will-russia-capture-all-of-kostyantynivka-by,0
967,will-russia-capture-all-of-kostyantynivka-by-november-30-2026,will-russia-capture-all-of-kostyantynivka-by,0
968,will-russia-capture-all-of-kostyantynivka-by-june-30-2026,will-russia-capture-all-of-kostyantynivka-by,0
969,will-russia-capture-all-of-kostyantynivka-by-december-31-2026-372-718-278-996,will-russia-capture-all-of-kostyantynivka-by,0
970,will-russia-capture-all-of-lyman-by-june-30-2026,will-russia-capture-all-of-lyman-by,0
971,will-russia-capture-all-of-lyman-by-december-31-2026,will-russia-capture-all-of-lyman-by,0
972,will-russia-enter-krasnopillya-by-may-31,will-russia-enter-krasnopillya-by-april-30,0
973,will-russia-enter-krasnopillya-by-july-31,will-russia-enter-krasnopillya-by-april-30,0
974,will-russia-enter-krasnopillya-by-september-30,will-russia-enter-krasnopillya-by-april-30,0
975,will-russia-enter-krasnopillya-by-december-31-2026,will-russia-enter-krasnopillya-by-april-30,0
976,will-russia-enter-krasnopillya-by-april-30,will-russia-enter-krasnopillya-by-april-30,0
977,will-russia-enter-mykhailivka-by-may-31,will-russia-enter-mykhailivka-by-april-30,0
978,will-russia-enter-mykhailivka-by-july-31,will-russia-enter-mykhailivka-by-april-30,0
979,will-russia-enter-mykhailivka-by-august-31,will-russia-enter-mykhailivka-by-april-30,0
980,will-russia-enter-mykhailivka-by-october-31,will-russia-enter-mykhailivka-by-april-30,0
981,will-russia-enter-mykhailivka-by-april-30,will-russia-enter-mykhailivka-by-april-30,0
982,will-russia-capture-kindrativka-by-may-31,will-russia-capture-kindrativka-by-march-31,0
983,will-russia-capture-kindrativka-by-june-30,will-russia-capture-kindrativka-by-march-31,0
984,will-russia-capture-kindrativka-by-september-30,will-russia-capture-kindrativka-by-march-31,0
985,will-russia-capture-kindrativka-by-december-31,will-russia-capture-kindrativka-by-march-31,0
986,will-russia-capture-kindrativka-by-march-31,will-russia-capture-kindrativka-by-march-31,0
987,will-russia-capture-kindrativka-by-april-30,will-russia-capture-kindrativka-by-march-31,0
988,will-ukraine-re-enter-novomykolaivka-by-march-31,will-ukraine-re-enter-novomykolaivka-by-march-31,0
989,will-ukraine-re-enter-huliaipole-by-march-31,will-ukraine-re-enter-huliaipole-by-march-31,0
990,will-russia-enter-stinky-by-may-31,will-russia-enter-stinky-by-march-31,0
991,will-russia-enter-stinky-by-july-31,will-russia-enter-stinky-by-march-31,0
992,will-russia-enter-stinky-by-august-31,will-russia-enter-stinky-by-march-31,0
993,will-russia-enter-stinky-by-september-30,will-russia-enter-stinky-by-march-31,0
994,will-russia-enter-stinky-by-march-31,will-russia-enter-stinky-by-march-31,0
995,will-russia-enter-stinky-by-april-30,will-russia-enter-stinky-by-march-31,0
996,more-eu-sanctions-on-russia-by-march-31,more-eu-sanctions-on-russia-by-march-31,0
997,will-ukraine-re-enter-uspenivka-by-may-31,will-ukraine-re-enter-uspenivka-by-march-31,0
998,will-ukraine-re-enter-uspenivka-by-december-31,will-ukraine-re-enter-uspenivka-by-march-31,0
999,will-ukraine-re-enter-uspenivka-by-september-30,will-ukraine-re-enter-uspenivka-by-march-31,0
1000,will-ukraine-re-enter-uspenivka-by-march-31,will-ukraine-re-enter-uspenivka-by-march-31,0
1001,will-ukraine-re-enter-uspenivka-by-april-30,will-ukraine-re-enter-uspenivka-by-march-31,0
1002,russia-strike-impacts-kyiv-municipality-during-week-of-march-2-2026,russia-strike-impacts-kyiv-municipality-during-week-of,0
1003,russia-strike-impacts-kyiv-municipality-during-week-of-march-9-2026,russia-strike-impacts-kyiv-municipality-during-week-of,0
1004,russia-x-ukraine-ceasefire-by-april-30-2026,russia-x-ukraine-ceasefire-by-april-30-2026,0
1005,will-volodymyr-zelenskyy-be-the-next-leader-out-before-2027-625,next-leader-out-of-power-before-2027-577,0
1006,will-vladimir-putin-be-the-next-leader-out-before-2027-917,next-leader-out-of-power-before-2027-577,0
1007,will-trump-meet-with-volodymyr-zelenskyy-in-march-2026-235,who-will-trump-meet-with-in-march,0
1008,will-trump-meet-with-vladimir-putin-in-march-2026-246,who-will-trump-meet-with-in-march,0
1009,will-trump-talk-to-volodymyr-zelenskyy-in-march-928,who-will-trump-talk-to-in-march,0
1010,will-trump-talk-to-vladimir-putin-in-march-827,who-will-trump-talk-to-in-march,0
1011,will-volodymyr-zelenskyy-be-the-next-leader-out-before-2027-426,next-leader-out-of-power-before-2027-795,0
1012,will-vladimir-putin-be-the-next-leader-out-before-2027-919,next-leader-out-of-power-before-2027-795,0
1013,will-russia-enter-dovha-balka-by-march-31,will-russia-enter-dovha-balka-by-march-31,0
1014,will-russia-enter-dovha-balka-by-april-30,will-russia-enter-dovha-balka-by-march-31,0
1015,will-russia-enter-novyi-donbas-by-may-31,will-russia-enter-novyi-donbas-by-march-31,0
1016,will-russia-enter-novyi-donbas-by-june-30,will-russia-enter-novyi-donbas-by-march-31,0
1017,will-russia-enter-novyi-donbas-by-september-30,will-russia-enter-novyi-donbas-by-march-31,0
1018,will-russia-enter-novyi-donbas-by-march-31,will-russia-enter-novyi-donbas-by-march-31,0
1019,will-russia-enter-novyi-donbas-by-april-30,will-russia-enter-novyi-donbas-by-march-31,0
1020,will-russia-capture-viroliubivka-by-may-31,will-russia-capture-viroliubivka-by-march-31,0
1021,will-russia-capture-viroliubivka-by-december-31,will-russia-capture-viroliubivka-by-march-31,0
1022,will-russia-capture-viroliubivka-by-march-31,will-russia-capture-viroliubivka-by-march-31,0
1023,will-russia-capture-viroliubivka-by-april-30,will-russia-capture-viroliubivka-by-march-31,0
1024,will-russia-enter-shevchenko-by-may-31,will-russia-enter-shevchenko-by-march-31,0
1025,will-russia-enter-shevchenko-by-june-30,will-russia-enter-shevchenko-by-march-31,0
1026,will-russia-enter-shevchenko-by-september-30,will-russia-enter-shevchenko-by-march-31,0
1027,will-russia-enter-shevchenko-by-march-31,will-russia-enter-shevchenko-by-march-31,0
1028,will-russia-enter-shevchenko-by-april-30,will-russia-enter-shevchenko-by-march-31,0
1029,will-russia-enter-svitle-by-may-31,will-russia-enter-svitle-by-march-31,0
1030,will-russia-enter-svitle-by-june-30,will-russia-enter-svitle-by-march-31,0
1031,will-russia-enter-svitle-by-september-30,will-russia-enter-svitle-by-march-31,0
1032,will-russia-enter-svitle-by-march-31,will-russia-enter-svitle-by-march-31,0
1033,will-russia-enter-svitle-by-april-30,will-russia-enter-svitle-by-march-31,0
1034,will-russia-enter-krasnoiarske-by-may-31,will-russia-enter-krasnoiarske-by-march-31,0
1035,will-russia-enter-krasnoiarske-by-december-31-671,will-russia-enter-krasnoiarske-by-march-31,0
1036,will-russia-enter-krasnoiarske-by-july-31,will-russia-enter-krasnoiarske-by-march-31,0
1037,will-russia-enter-krasnoiarske-by-september-30,will-russia-enter-krasnoiarske-by-march-31,0
1038,will-russia-enter-krasnoiarske-by-march-31,will-russia-enter-krasnoiarske-by-march-31,0
1039,will-russia-enter-krasnoiarske-by-april-30,will-russia-enter-krasnoiarske-by-march-31,0
1040,will-ukraine-re-enter-maliivka-by-may-31,will-ukraine-re-enter-maliivka-by-march-31,0
1041,will-ukraine-re-enter-maliivka-by-december-31,will-ukraine-re-enter-maliivka-by-march-31,0
1042,will-ukraine-re-enter-maliivka-by-september-30,will-ukraine-re-enter-maliivka-by-march-31,0
1043,will-ukraine-re-enter-maliivka-by-march-31,will-ukraine-re-enter-maliivka-by-march-31,0
1044,will-ukraine-re-enter-maliivka-by-april-30,will-ukraine-re-enter-maliivka-by-march-31,0
1045,will-ukraine-re-enter-obratne-or-temyrivka-by-may-31,will-ukraine-re-enter-obratne-or-temyrivka-by-march-31,0
1046,will-ukraine-re-enter-obratne-or-temyrivka-by-december-31-973,will-ukraine-re-enter-obratne-or-temyrivka-by-march-31,0
1047,will-ukraine-re-enter-obratne-or-temyrivka-by-september-30,will-ukraine-re-enter-obratne-or-temyrivka-by-march-31,0
1048,will-ukraine-re-enter-obratne-or-temyrivka-by-march-31,will-ukraine-re-enter-obratne-or-temyrivka-by-march-31,0
1049,will-ukraine-re-enter-obratne-or-temyrivka-by-april-30,will-ukraine-re-enter-obratne-or-temyrivka-by-march-31,0
1050,russia-x-ukraine-ceasefire-before-us-x-iran-ceasefire,russia-x-ukraine-ceasefire-before-us-x-iran-ceasefire,0
1051,russia-military-action-against-kyiv-municipality-by-march-20,russia-military-action-against-kyiv-municipality-by-march-20,0
1052,russia-military-action-against-kyiv-municipality-by-march-23,russia-military-action-against-kyiv-municipality-by-march-23,0
1053,will-russia-enter-vasylivka-by-may-31-2026,will-russia-enter-vasylivka-by,0
1054,will-russia-enter-vasylivka-by-july-31-2026,will-russia-enter-vasylivka-by,0
1055,will-russia-enter-vasylivka-by-march-31-2026,will-russia-enter-vasylivka-by,0
1056,will-russia-enter-vasylivka-by-april-30-2026,will-russia-enter-vasylivka-by,0
1057,will-russia-enter-novooleksandrivka-by-may-31-2026,will-russia-enter-novooleksandrivka-by,0
1058,will-russia-enter-novooleksandrivka-by-june-30-2026,will-russia-enter-novooleksandrivka-by,0
1059,will-russia-enter-novooleksandrivka-by-september-30-2026-358,will-russia-enter-novooleksandrivka-by,0
1060,will-russia-enter-novooleksandrivka-by-july-31-2026,will-russia-enter-novooleksandrivka-by,0
1061,will-russia-enter-novooleksandrivka-by-march-31-2026,will-russia-enter-novooleksandrivka-by,0
1062,will-russia-enter-novooleksandrivka-by-april-30-2026,will-russia-enter-novooleksandrivka-by,0
1063,will-russia-enter-myrne-by-may-31-2026,will-russia-enter-myrne-by,0
1064,will-russia-enter-myrne-by-july-31-2026,will-russia-enter-myrne-by,0
1065,will-russia-enter-myrne-by-august-31-2026,will-russia-enter-myrne-by,0
1066,will-russia-enter-myrne-by-march-31-2026,will-russia-enter-myrne-by,0
1067,will-russia-enter-myrne-by-april-30-2026,will-russia-enter-myrne-by,0
1068,will-russia-enter-lyman-by-april-30,will-russia-enter-lyman-by-april-30,0
1069,will-ukraine-re-enter-rodynske-by-may-31,will-ukraine-re-enter-rodynske-by-april-30,0
1070,will-ukraine-re-enter-rodynske-by-april-30,will-ukraine-re-enter-rodynske-by-april-30,0
1071,russia-military-action-against-kyiv-municipality-by-march-27,russia-military-action-against-kyiv-municipality-by-march-27,0
1072,will-trump-talk-to-volodymyr-zelenskyy-in-april,who-will-trump-talk-to-in-april,0
1073,will-trump-talk-to-vladimir-putin-in-april,who-will-trump-talk-to-in-april,0
1074,will-trump-meet-with-volodymyr-zelenskyy-in-april-2026,who-will-trump-meet-with-in-april,0
1075,will-trump-meet-with-vladimir-putin-in-april-2026,who-will-trump-meet-with-in-april,0
1076,russia-military-action-against-kyiv-municipality-by-march-27-387,russia-military-action-against-kyiv-municipality-by-march-27-387,0
1077,will-russia-capture-serhiivka-by-may-31,will-russia-capture-serhiivka-by-april-30,0
1078,will-russia-capture-serhiivka-by-july-31,will-russia-capture-serhiivka-by-april-30,0
1079,will-russia-capture-serhiivka-by-december-31,will-russia-capture-serhiivka-by-april-30,0
1080,will-russia-capture-serhiivka-by-april-30,will-russia-capture-serhiivka-by-april-30,0
1081,russia-military-action-against-kyiv-municipality-by-march-31,russia-military-action-against-kyiv-municipality-by-march-31,0
1082,russia-x-ukraine-ceasefire-by-may-31-2026,russia-x-ukraine-ceasefire-by-may-31-2026,0
1083,russia-military-action-against-kyiv-municipality-by-april-3,russia-military-action-against-kyiv-municipality-by-april-3,0
1084,russia-x-ukraine-ceasefire-by-end-of-2027,russia-x-ukraine-ceasefire-by-end-of-2027,0
1085,russia-x-ukraine-ceasefire-by-june-30-2027,russia-x-ukraine-ceasefire-by-june-30-2027,0
1086,will-russia-capture-all-of-hryshyne-by-may-31,will-russia-capture-all-of-hryshyne-by-april-30,0
1087,will-russia-capture-all-of-hryshyne-by-june-30,will-russia-capture-all-of-hryshyne-by-april-30,0
1088,will-russia-capture-all-of-hryshyne-by-april-30,will-russia-capture-all-of-hryshyne-by-april-30,0
1089,will-russia-capture-all-of-bilytske-by-december-31,will-russia-capture-all-of-bilytske-by-june-30,0
1090,will-russia-capture-all-of-bilytske-by-june-30,will-russia-capture-all-of-bilytske-by-june-30,0
1091,russia-military-action-against-kyiv-municipality-by-april-10,russia-military-action-against-kyiv-municipality-by-april-10,0
1092,will-russia-capture-all-of-pokrovsk-by-april-30-2026,will-russia-capture-all-of-pokrovsk-by,0
1093,will-russia-capture-all-of-pokrovsk-by-may-31-2026,will-russia-capture-all-of-pokrovsk-by,0
1094,russia-military-action-against-kyiv-municipality-by-april-10-578,russia-military-action-against-kyiv-municipality-by-april-10-578,0
1095,will-ukraine-re-enter-myrnohrad-by-december-31,will-ukraine-re-enter-myrnohrad-by-may-31,0
1096,will-ukraine-re-enter-myrnohrad-by-may-31,will-ukraine-re-enter-myrnohrad-by-may-31,0
1097,russia-military-action-against-kyiv-municipality-by-april-17,russia-military-action-against-kyiv-municipality-by-april-17,0
1098,will-russia-enter-huliaipilske-by-april-30,will-russia-enter-huliaipilske-by-april-30,0
1099,will-russia-enter-huliaipilske-by-may-31,will-russia-enter-huliaipilske-by-april-30,0
1100,will-russia-enter-kupiansk-vuzlovyi-by-april-30,will-russia-enter-kupiansk-vuzlovyi-by,0
1101,will-russia-enter-kupiansk-vuzlovyi-by-may-31,will-russia-enter-kupiansk-vuzlovyi-by,0
1102,will-russia-capture-dovha-balka-by-april-30,will-russia-capture-dovha-balka-by,0
1103,will-russia-capture-dovha-balka-by-may-31,will-russia-capture-dovha-balka-by,0
1104,will-russia-capture-dovha-balka-by-june-30,will-russia-capture-dovha-balka-by,0
1105,will-russia-capture-dovha-balka-by-september-30,will-russia-capture-dovha-balka-by,0
1106,will-russia-capture-dovha-balka-by-december-31-2026,will-russia-capture-dovha-balka-by,0
1107,will-russia-capture-huliaipilske-by-april-30,will-russia-capture-huliaipilske-by,0
1108,will-russia-capture-huliaipilske-by-may-31,will-russia-capture-huliaipilske-by,0
1109,will-russia-capture-huliaipilske-by-june-30,will-russia-capture-huliaipilske-by,0
1110,will-russia-capture-huliaipilske-by-september-30,will-russia-capture-huliaipilske-by,0
1111,will-russia-capture-huliaipilske-by-december-31-2026,will-russia-capture-huliaipilske-by,0
1112,will-russia-enter-moskovka-by-april-30,will-russia-enter-moskovka-by,0
1113,will-russia-enter-moskovka-by-may-31,will-russia-enter-moskovka-by,0
1114,will-russia-enter-moskovka-by-july-31,will-russia-enter-moskovka-by,0
1115,will-russia-enter-moskovka-by-august-31,will-russia-enter-moskovka-by,0
1116,will-russia-enter-moskovka-by-september-30,will-russia-enter-moskovka-by,0
1117,will-russia-enter-moskovka-by-october-31,will-russia-enter-moskovka-by,0
1118,will-russia-capture-riasne-by-may-31,will-russia-capture-riasne-by-may-31,0
1119,will-russia-enter-riasne-by-may-31,will-russia-enter-riasne-by-may-31,0
1120,will-russia-capture-myropillia-by-may-31,will-russia-capture-myropillia-by-may-31,0
1121,will-russia-capture-myropillia-by-july-31,will-russia-capture-myropillia-by-may-31,0
1122,will-russia-capture-myropillia-by-december-31,will-russia-capture-myropillia-by-may-31,0
1123,will-russia-capture-verkhnia-tersa-by-may-31,will-russia-capture-verkhnia-tersa-by-may-31,0
1124,will-russia-capture-verkhnia-tersa-by-july-31,will-russia-capture-verkhnia-tersa-by-may-31,0
1125,will-russia-capture-verkhnia-tersa-by-september-30,will-russia-capture-verkhnia-tersa-by-may-31,0
1126,will-russia-capture-verkhnia-tersa-by-december-31-2026,will-russia-capture-verkhnia-tersa-by-may-31,0
1127,will-trump-talk-to-vladimir-putin-today,trump-today-april-26,0
1128,will-volodymyr-zelenskyy-be-the-next-leader-out-before-2027-397,next-leader-out-of-power-before-2027-no-orban,0
1129,will-vladimir-putin-be-the-next-leader-out-before-2027-417,next-leader-out-of-power-before-2027-no-orban,0
1130,will-trump-speak-to-volodymyr-zelenskyy-in-may,who-will-trump-speak-to-in-may,0
1131,will-trump-speak-to-vladimir-putin-in-may,who-will-trump-speak-to-in-may,0
1132,will-trump-meet-with-volodymyr-zelenskyy-in-may-2026,who-will-trump-meet-with-in-may,0
1133,will-trump-meet-with-vladimir-putin-in-may-2026,who-will-trump-meet-with-in-may,0
1134,will-russia-capture-prymorske-by-june-30-2026,will-russia-capture-prymorske-by,0
1135,will-russia-capture-prymorske-by-september-30-2026,will-russia-capture-prymorske-by,0
1136,will-russia-capture-prymorske-by-december-31-2026,will-russia-capture-prymorske-by,0
1137,will-russia-capture-rai-oleksandrivka-by-june-30,will-russia-capture-rai-oleksandrivka-by-june-30,0
1138,will-russia-capture-rai-oleksandrivka-by-december-31,will-russia-capture-rai-oleksandrivka-by-june-30,0
1139,will-russia-capture-rai-oleksandrivka-by-september-30,will-russia-capture-rai-oleksandrivka-by-june-30,0
1140,russia-x-ukraine-diplomatic-meeting-by-may-31-2026,russia-x-ukraine-diplomatic-meeting-by,0
1141,russia-x-ukraine-diplomatic-meeting-by-june-30-2026,russia-x-ukraine-diplomatic-meeting-by,0
1142,russia-x-ukraine-diplomatic-meeting-by-december-31-2026,russia-x-ukraine-diplomatic-meeting-by,0
1143,will-russia-capture-all-of-rodynske-again-by-may-31,will-russia-capture-all-of-rodynske-again-by,0
1144,will-russia-capture-all-of-rodynske-again-by-june-30,will-russia-capture-all-of-rodynske-again-by,0
1145,will-russia-capture-all-of-rodynske-again-by-july-31,will-russia-capture-all-of-rodynske-again-by,0
1146,will-russia-capture-all-of-rodynske-again-by-september-30,will-russia-capture-all-of-rodynske-again-by,0
1147,will-russia-enter-sloviansk-by-december-31-2026,which-cities-will-russia-enter-by-december-31,0
1148,will-russia-enter-sumy-by-december-31-2026,which-cities-will-russia-enter-by-december-31,0
1149,will-russia-enter-druzkhivka-by-december-31-2026,which-cities-will-russia-enter-by-december-31,0
1150,will-russia-enter-dopropillia-by-december-31-2026,which-cities-will-russia-enter-by-december-31,0
1151,will-russia-enter-kramatorsk-by-december-31-2026,which-cities-will-russia-enter-by-december-31,0
1152,will-russia-enter-kharkiv-by-december-31-2026,which-cities-will-russia-enter-by-december-31,0
1153,will-russia-enter-kherson-by-december-31-2026,which-cities-will-russia-enter-by-december-31,0
1154,will-russia-enter-zaporizhia-by-december-31-2026,which-cities-will-russia-enter-by-december-31,0
1155,russia-x-ukraine-ceasefire-agreement-by-may-31-2026,russia-x-ukraine-ceasefire-agreement-by,0
1156,russia-x-ukraine-ceasefire-agreement-by-june-30-2026,russia-x-ukraine-ceasefire-agreement-by,0
1157,russia-x-ukraine-ceasefire-agreement-by-october-31-2026,russia-x-ukraine-ceasefire-agreement-by,0
1158,russia-x-ukraine-ceasefire-agreement-by-december-31-2026,russia-x-ukraine-ceasefire-agreement-by,0
1159,russia-x-ukraine-ceasefire-agreement-by-august-31-2026,russia-x-ukraine-ceasefire-agreement-by,0
1160,russia-x-ukraine-ceasefire-agreement-by-march-31-2027,russia-x-ukraine-ceasefire-agreement-by,0
1161,russia-x-ukraine-ceasefire-agreement-by-june-30-2027,russia-x-ukraine-ceasefire-agreement-by,0
1162,russia-x-ukraine-ceasefire-agreement-by-april-30-2027,russia-x-ukraine-ceasefire-agreement-by,0
1163,russia-x-ukraine-ceasefire-agreement-by-may-31-2027,russia-x-ukraine-ceasefire-agreement-by,0
1164,russia-x-ukraine-ceasefire-agreement-by-july-31-2027,russia-x-ukraine-ceasefire-agreement-by,0
1165,russia-x-ukraine-ceasefire-agreement-by-september-30-2027,russia-x-ukraine-ceasefire-agreement-by,0
1166,russia-x-ukraine-ceasefire-agreement-by-august-31-2027,russia-x-ukraine-ceasefire-agreement-by,0
1167,russia-x-ukraine-ceasefire-agreement-by-october-31-2027,russia-x-ukraine-ceasefire-agreement-by,0
1168,russia-x-ukraine-ceasefire-agreement-by-december-31-2027,russia-x-ukraine-ceasefire-agreement-by,0
1169,russia-x-ukraine-ceasefire-agreement-by-november-30-2027,russia-x-ukraine-ceasefire-agreement-by,0
1170,russia-x-ukraine-ceasefire-agreement-by-january-31-2027,russia-x-ukraine-ceasefire-agreement-by,0
1171,russia-x-ukraine-ceasefire-agreement-by-february-28-2027,russia-x-ukraine-ceasefire-agreement-by,0
1172,russia-x-ukraine-ceasefire-agreement-by-november-30-2026,russia-x-ukraine-ceasefire-agreement-by,0
1173,russia-coup-attempt-in-2026,russia-coup-attempt-in-2026,0
1174,russia-x-ukraine-ceasefire-by-may-31-2026-415,russia-x-ukraine-ceasefire-by,0
1175,russia-x-ukraine-ceasefire-by-june-30-2026-631,russia-x-ukraine-ceasefire-by,0
1176,russia-x-ukraine-ceasefire-by-october-31-2026,russia-x-ukraine-ceasefire-by,0
1177,russia-x-ukraine-ceasefire-by-december-31-2026,russia-x-ukraine-ceasefire-by,0
1178,will-russia-capture-mala-tokmachka-by-june-30-2026,will-russia-capture-mala-tokmachka-by,0
1179,will-russia-capture-mala-tokmachka-by-september-30-2026,will-russia-capture-mala-tokmachka-by,0
1180,will-russia-capture-mala-tokmachka-by-december-31-2026,will-russia-capture-mala-tokmachka-by,0
1181,will-russia-capture-orikhiv-by-september-30-2026,will-russia-capture-orikhiv-by,0
1182,will-russia-capture-orikhiv-by-december-31-2026,will-russia-capture-orikhiv-by,0
1183,will-russia-capture-borova-by-december-31-2026,will-russia-capture-borova-by-december-31-2026,0
1184,will-russia-capture-all-of-chasiv-yar-by-september-30,will-russia-capture-all-of-chasiv-yar-by,0
1185,will-russia-capture-all-of-chasiv-yar-by-december-31,will-russia-capture-all-of-chasiv-yar-by,0
1186,trump-meets-with-putin-by-june-30,trump-meets-with-putin-by,0
1187,trump-meets-with-putin-by-september-30,trump-meets-with-putin-by,0
1188,trump-meets-with-putin-by-december-31,trump-meets-with-putin-by,0
1189,trump-meets-with-putin-by-november-30,trump-meets-with-putin-by,0
1190,trump-meets-with-putin-by-october-31,trump-meets-with-putin-by,0
1191,will-russia-enter-riasne-by-may-31-2026,will-russia-enter-riasne-again-by,0
1192,will-russia-enter-riasne-by-june-30-2026,will-russia-enter-riasne-again-by,0
1193,will-russia-capture-kupiansk-by-september-30-2026,will-russia-capture-kupiansk-by-387,0
1194,will-russia-capture-kupiansk-by-december-31-2026,will-russia-capture-kupiansk-by-387,0
1195,us-agrees-to-give-ukraine-security-guarantee-by-december-31,us-agrees-to-give-ukraine-security-guarantee-by-december-31,0
1196,will-ukraine-re-enter-kamianske-by-june-30,will-ukraine-re-enter-kamianske-by-june-30,0
1197,will-ukraine-re-enter-kamianske-by-september-30,will-ukraine-re-enter-kamianske-by-june-30,0
1198,will-ukraine-re-enter-kamianske-by-december-31-2026,will-ukraine-re-enter-kamianske-by-june-30,0
1199,will-trump-speak-to-volodymyr-zelenskyy-in-june,who-will-trump-speak-to-in-june,0
1200,will-trump-speak-to-vladimir-putin-in-june,who-will-trump-speak-to-in-june,0
1201,will-trump-meet-with-volodymyr-zelenskyy-in-june-2026,who-will-trump-meet-with-in-june,0
1202,will-trump-meet-with-vladimir-putin-in-june-2026,who-will-trump-meet-with-in-june,0
1203,will-russia-capture-dorozhnie-by-june-30-2026,will-russia-capture-dorozhnie-by,0
1204,will-russia-capture-dorozhnie-by-july-31-2026,will-russia-capture-dorozhnie-by,0
1205,will-russia-enter-stavky-by-june-30,will-russia-enter-stavky-by-june-30,0
1206,will-russia-enter-stavky-by-september-30,will-russia-enter-stavky-by-june-30,0
1207,will-russia-enter-stavky-by-december-31-2026,will-russia-enter-stavky-by-june-30,0
1208,will-russia-capture-stavky-by-july-31,will-russia-capture-stavky-by-july-31,0
1209,will-russia-capture-stavky-by-september-30,will-russia-capture-stavky-by-july-31,0
1210,will-russia-capture-stavky-by-december-31-2026,will-russia-capture-stavky-by-july-31,0
1211,will-ukraine-re-enter-hryshyne-by-june-30-20260604220043034,will-ukraine-re-enter-hryshyne-byptptpt-20260604220409322,0
1212,will-ukraine-re-enter-hryshyne-by-july-31-20260604220043035,will-ukraine-re-enter-hryshyne-byptptpt-20260604220409322,0
1213,will-ukraine-re-enter-hryshyne-by-september-30,will-ukraine-re-enter-hryshyne-byptptpt-20260604220409322,0
1214,will-ukraine-re-enter-hryshyne-by-december-31-2026,will-ukraine-re-enter-hryshyne-byptptpt-20260604220409322,0
1215,russia-x-ukraine-diplomatic-meeting-by-june-30-2026-20260609011545512,russia-x-ukraine-any-diplomatic-meeting-byptptpt-20260609011544748,0
1216,russia-x-ukraine-diplomatic-meeting-by-september-30-2026-20260609011545513,russia-x-ukraine-any-diplomatic-meeting-byptptpt-20260609011544748,0
1217,russia-x-ukraine-diplomatic-meeting-by-december-31-2026-20260609011545514,russia-x-ukraine-any-diplomatic-meeting-byptptpt-20260609011544748,0
1218,will-ukraine-sign-an-eu-accession-treaty-by-december-31-2027-20260611204943691,will-ukraine-sign-an-eu-accession-treaty-by-december-31-2027-20260611204943691,0
1219,russia-ukraine-peace-talks-by-june-30-2026-20260609012542187,russia-x-ukraine-peace-talks-byptptpt-20260609012540716,0
1220,russia-ukraine-peace-talks-by-september-30-2026-20260609012542188,russia-x-ukraine-peace-talks-byptptpt-20260609012540716,0
1221,russia-ukraine-peace-talks-by-december-31-2026-20260609012542189-588,russia-x-ukraine-peace-talks-byptptpt-20260609012540716,0
1222,russia-ukraine-peace-talks-by-october-15-2026,russia-x-ukraine-peace-talks-byptptpt-20260609012540716,0
1223,russia-ukraine-peace-talks-by-october-31-2026,russia-x-ukraine-peace-talks-byptptpt-20260609012540716,0
1224,russia-ukraine-peace-talks-by-november-30-2026,russia-x-ukraine-peace-talks-byptptpt-20260609012540716,0
1225,ukraine-signs-peace-deal-with-russia-by-august-31-20260619003108240,ukraine-signs-peace-deal-with-russia-by-august-31-20260619003108240,0
1226,ukraine-agrees-not-to-join-nato-by-august-31-20260619004335094,ukraine-agrees-not-to-join-nato-by-august-31-20260619004335094,0
1227,will-putin-meet-with-zelenskyy-by-august-31-2026-20260619004734475,will-putin-meet-with-zelenskyy-by-august-31-2026-20260619004734475,0
1228,will-trump-meet-with-volodymyr-zelenskyy-in-july-2026-20260626153701906,who-will-trump-meet-with-in-july-20260626153701904,0
1229,will-trump-meet-with-vladimir-putin-in-july-2026-20260626153701909,who-will-trump-meet-with-in-july-20260626153701904,0
1230,will-trump-speak-to-volodymyr-zelenskyy-in-july-20260626154217425,who-will-trump-speak-to-in-july-20260626154217421,0
1231,will-trump-speak-to-vladimir-putin-in-july-20260626154217428,who-will-trump-speak-to-in-july-20260626154217421,0
1232,untitled-market-1-20260629155005352,russia-x-ukraine-any-diplomatic-meeting-byptptpt-20260629155934230,0
1233,will-russia-and-ukraine-hold-any-diplomatic-meeting-by-august-31-2026-20260629155934232-846,russia-x-ukraine-any-diplomatic-meeting-byptptpt-20260629155934230,0
1234,will-russia-and-ukraine-hold-any-diplomatic-meeting-by-august-15-2026,russia-x-ukraine-any-diplomatic-meeting-byptptpt-20260629155934230,0
1235,will-russia-and-ukraine-hold-any-diplomatic-meeting-by-september-30-2026,russia-x-ukraine-any-diplomatic-meeting-byptptpt-20260629155934230,0
1236,will-russia-and-ukraine-hold-any-diplomatic-meeting-by-december-31-2026,russia-x-ukraine-any-diplomatic-meeting-byptptpt-20260629155934230,0
1237,untitled-market-1-20260630004444282,will-russia-capture-kozacha-lopan-byptptpt-20260630005737619,0
1238,will-russia-capture-kozacha-lopan-by-december-31-2026-20260630005737621,will-russia-capture-kozacha-lopan-byptptpt-20260630005737619,0
1239,will-volodymyr-zelenskyy-be-the-next-leader-out-before-2027-20260630194627373,next-leader-out-of-power-before-2027-no-starmer-or-petro-20260630194619406,0
1240,will-vladimir-putin-be-the-next-leader-out-before-2027-20260630194627374,next-leader-out-of-power-before-2027-no-starmer-or-petro-20260630194619406,0
1241,moscow-air-traffic-suspended-by-july-15-20260702184246098,moscow-air-traffic-suspended-byptptpt-20260702184246097,0
1242,moscow-air-traffic-suspended-by-july-31-20260702184246099,moscow-air-traffic-suspended-byptptpt-20260702184246097,0
1243,moscow-air-traffic-suspended-by-august-31-20260702184246100,moscow-air-traffic-suspended-byptptpt-20260702184246097,0
1244,will-russia-enter-oleksiievo-druzhkivka-by-september-30-20260706175201730,will-russia-enter-oleksiievo-druzhkivka-byptptpt-20260706175201729,0
1245,will-russia-enter-oleksiievo-druzhkivka-by-december-31-20260706175201731,will-russia-enter-oleksiievo-druzhkivka-byptptpt-20260706175201729,0
1246,moscow-air-traffic-suspended-by-july-17-20260708152920012,moscow-air-traffic-suspended-byptptpt-20260708135545841,0
1247,moscow-air-traffic-suspended-by-july-31-20260708134955088,moscow-air-traffic-suspended-byptptpt-20260708135545841,0
1248,moscow-air-traffic-suspended-by-august-31-20260708134955089,moscow-air-traffic-suspended-byptptpt-20260708135545841,0
1249,will-russia-capture-oleksiievo-druzhkivka-by-september-30-2026-20260706174556070,will-russia-capture-oleksiievo-druzhkivka-byptptpt-20260706174556069,0
1250,will-russia-capture-oleksiievo-druzhkivka-by-december-31-2026-20260706174556071,will-russia-capture-oleksiievo-druzhkivka-byptptpt-20260706174556069,0
1251,will-russia-capture-oleksiievo-druzhkivka-by-march-31-2027,will-russia-capture-oleksiievo-druzhkivka-byptptpt-20260706174556069,0
1252,moscow-air-traffic-suspended-by-july-24-20260713153341191,moscow-air-traffic-suspended-byptptpt-20260713153341190,0
1253,moscow-air-traffic-suspended-by-july-31-20260713153341192,moscow-air-traffic-suspended-byptptpt-20260713153341190,0
1254,will-russia-capture-novodmytrivka-by-july-31-20260714215009495,will-russia-capture-novodmytrivka-byptptpt-20260714215009494,0
1255,will-russia-capture-novodmytrivka-by-september-30-20260714215009496,will-russia-capture-novodmytrivka-byptptpt-20260714215009494,0
1256,will-russia-capture-novodmytrivka-by-december-31,will-russia-capture-novodmytrivka-byptptpt-20260714215009494,0
1257,mykhailo-fedorov-reinstated-as-ukrainian-defense-minister-by-july-17-2026-20260716190353337,mykhailo-fedorov-reinstated-as-ukrainian-defense-minister-byptptpt-20260716185015029,0
1258,mykhailo-fedorov-reinstated-as-ukrainian-defense-minister-by-july-24-2026-20260716190353338,mykhailo-fedorov-reinstated-as-ukrainian-defense-minister-byptptpt-20260716185015029,0
1259,mykhailo-fedorov-reinstated-as-ukrainian-defense-minister-by-july-31-2026-20260716190353339,mykhailo-fedorov-reinstated-as-ukrainian-defense-minister-byptptpt-20260716185015029,0
1260,mykhailo-fedorov-reinstated-as-ukrainian-defense-minister-by-august-31-2026-20260722051644333,mykhailo-fedorov-reinstated-as-ukrainian-defense-minister-byptptpt-20260716185015029,0
1261,andrii-sybiha-appointed-as-ukrainian-minister-of-foreign-affairs-by-july-31-20260716170642931,andrii-sybiha-appointed-as-ukrainian-minister-of-foreign-affairs-by-july-31-20260716170642931,0
1262,yevhen-khmara-appointed-as-ukrainian-minister-of-defence-by-july-31-20260716170825742-638,yevhen-khmara-appointed-as-ukrainian-minister-of-defence-by-july-31-20260716170825742,0
1263,yevhen-khmara-appointed-as-ukrainian-minister-of-defence-by-august-31,yevhen-khmara-appointed-as-ukrainian-minister-of-defence-by-july-31-20260716170825742,0
1264,will-oleksandr-syrskyi-be-out-as-ukraines-commander-in-chief-by-july-31-2026-20260716215104507,oleksandr-syrskyi-out-as-ukraines-commander-in-chief-byptptpt-20260716215007861,0
1265,will-oleksandr-syrskyi-be-out-as-ukraines-commander-in-chief-by-december-31-2026-20260716215104508,oleksandr-syrskyi-out-as-ukraines-commander-in-chief-byptptpt-20260716215007861,0
1266,moscow-air-traffic-suspended-by-july-22-20260720160032860,moscow-air-traffic-suspended-byptptpt-20260720160042592,0
1267,moscow-air-traffic-suspended-by-july-25-20260720160032861,moscow-air-traffic-suspended-byptptpt-20260720160042592,0
1268,moscow-air-traffic-suspended-by-july-31-20260720155944304,moscow-air-traffic-suspended-byptptpt-20260720160042592,0
1269,moscow-air-traffic-suspended-by-august-31-20260720155944305,moscow-air-traffic-suspended-byptptpt-20260720160042592,0
1270,will-mykhailo-drapatyi-be-appointed-as-the-next-commander-in-chief-of-the-armed-forces-of-ukraine-in-2026-20260720173143949,who-will-be-ukraines-next-commander-in-chief-in-2026-20260720173143948,0
1271,will-andrii-biletskyi-be-appointed-as-the-next-commander-in-chief-of-the-armed-forces-of-ukraine-in-2026-20260720173416333,who-will-be-ukraines-next-commander-in-chief-in-2026-20260720173143948,0
1272,will-volodymyr-horbatiuk-be-appointed-as-the-next-commander-in-chief-of-the-armed-forces-of-ukraine-in-2026-20260720173143951,who-will-be-ukraines-next-commander-in-chief-in-2026-20260720173143948,0
1273,will-oleh-apostol-be-appointed-as-the-next-commander-in-chief-of-the-armed-forces-of-ukraine-in-2026-20260720173143952,who-will-be-ukraines-next-commander-in-chief-in-2026-20260720173143948,0
1274,will-ihor-obolienskyi-be-appointed-as-the-next-commander-in-chief-of-the-armed-forces-of-ukraine-in-2026-20260720173646542,who-will-be-ukraines-next-commander-in-chief-in-2026-20260720173143948,0
1275,will-denys-prokopenko-be-appointed-as-the-next-commander-in-chief-of-the-armed-forces-of-ukraine-in-2026-20260720173143954,who-will-be-ukraines-next-commander-in-chief-in-2026-20260720173143948,0
1276,will-viktor-nikoliuk-be-appointed-as-the-next-commander-in-chief-of-the-armed-forces-of-ukraine-in-2026-20260720173845895,who-will-be-ukraines-next-commander-in-chief-in-2026-20260720173143948,0
1277,will-there-be-no-change-to-ukraines-commander-in-chief-in-2026-20260720173143956,who-will-be-ukraines-next-commander-in-chief-in-2026-20260720173143948,0
1278,will-russia-enter-matiasheve-by-august-31-20260724170338273,will-russia-enter-matiasheve-byptptpt-20260724170338272,0
1279,will-russia-enter-matiasheve-by-october-31-20260724170338274,will-russia-enter-matiasheve-byptptpt-20260724170338272,0
1280,will-russia-capture-vodianske-by-september-30-20260724162613571,will-russia-capture-vodianske-byptptpt-20260724162613570,0
1281,will-russia-capture-vodianske-by-december-31-20260724162613572,will-russia-capture-vodianske-byptptpt-20260724162613570,0
1282,will-russia-capture-novyi-donbas-by-august-31-20260724163321935,will-russia-capture-novyi-donbas-byptptpt-20260724163321934,0
1283,will-russia-capture-novyi-donbas-by-october-31-20260724163321936,will-russia-capture-novyi-donbas-byptptpt-20260724163321934,0
1284,will-russia-capture-kucheriv-yar-by-august-31-20260724165221453,will-russia-capture-kucheriv-yar-byptptpt-20260724165221452,0
1285,will-russia-capture-kucheriv-yar-by-october-31-20260724165221454,will-russia-capture-kucheriv-yar-byptptpt-20260724165221452,0
1286,will-ukraine-re-enter-rodynske-by-september-30-2026-20260724164113824,will-ukraine-re-enter-rodynske-byptptpt-20260724164113823,0
1287,will-ukraine-re-enter-rodynske-by-december-31-2026-20260724164113825,will-ukraine-re-enter-rodynske-byptptpt-20260724164113823,0
1288,nato-downs-another-russian-drone-by-july-31-20260726215001930,nato-downs-another-russian-drone-byptptpt-20260726214930818,0
1289,nato-downs-another-russian-drone-by-august-31-20260726215001931,nato-downs-another-russian-drone-byptptpt-20260726214930818,0
1290,another-nato-article-4-invocation-by-august-31-2026-20260726214511852,another-nato-article-4-byptptpt-20260726214235871,0
1291,another-nato-article-4-invocation-by-october-31-2026-20260726214511853,another-nato-article-4-byptptpt-20260726214235871,0
1292,another-nato-article-4-invocation-by-december-31-2026-20260726214511854,another-nato-article-4-byptptpt-20260726214235871,0
1293,ukraine-strikes-another-tanker-in-the-caspian-sea-by-july-31-2026-20260726221135932,ukraine-strikes-another-tanker-in-caspian-sea-byptptpt-20260726221135931,0
1294,ukraine-strikes-another-tanker-in-the-caspian-sea-by-august-31-2026-20260726221135933,ukraine-strikes-another-tanker-in-caspian-sea-byptptpt-20260726221135931,0
1295,ukraine-strikes-another-tanker-in-the-caspian-sea-by-september-30-2026,ukraine-strikes-another-tanker-in-caspian-sea-byptptpt-20260726221135931,0
1296,will-ukraine-target-moscow-by-july-31-2026-20260727233336448,will-ukraine-target-moscow-byptptpt-20260727233336447,0
1297,will-ukraine-target-moscow-by-august-31-2026-20260727233336449,will-ukraine-target-moscow-byptptpt-20260727233336447,0
1298,will-russia-target-kyiv-by-july-31-2026-20260727233830631,will-russia-target-kyiv-byptptpt-20260727233830630,0
1299,will-russia-target-kyiv-by-august-31-2026-20260727233830632,will-russia-target-kyiv-byptptpt-20260727233830630,0
1300,will-iran-target-ukraine-by-august-31-2026-20260727234956917,will-iran-target-ukraine-byptptpt-20260727234956916,0
1301,will-iran-target-ukraine-by-september-30-2026-20260727234956918,will-iran-target-ukraine-byptptpt-20260727234956916,0
1302,ukraine-strikes-another-vessel-in-the-black-sea-by-july-31-2026-20260727160618746,ukraine-strikes-another-vessel-in-black-sea-byptptpt-20260727160618745,0
1303,ukraine-strikes-another-vessel-in-the-black-sea-by-august-31-2026-20260727160618747,ukraine-strikes-another-vessel-in-black-sea-byptptpt-20260727160618745,0
1304,will-russia-enter-hannivka-by-september-30-2026-20260729205140183,will-russia-enter-hannivka-byptptpt-20260729205150054,0
1305,will-russia-enter-hannivka-by-december-31-2026-20260729205140184,will-russia-enter-hannivka-byptptpt-20260729205150054,0
1306,will-russia-enter-hannivka-by-august-31-2026-20260811165006763,will-russia-enter-hannivka-byptptpt-20260729205150054,0
1307,will-trump-meet-with-volodymyr-zelenskyy-in-august-2026-20260731154202609,who-will-trump-meet-with-in-august-20260731154151454,0
1308,will-trump-meet-with-vladimir-putin-in-august-2026-20260731154202612,who-will-trump-meet-with-in-august-20260731154151454,0
1309,will-trump-speak-to-volodymyr-zelenskyy-in-august-20260731154203515,who-will-trump-speak-to-in-august-20260731154151454,0
1310,will-trump-speak-to-vladimir-putin-in-august-20260731154203518,who-will-trump-speak-to-in-august-20260731154151454,0
1311,will-russia-target-kyiv-by-august-7-2026-20260731142815987,will-russia-target-kyiv-byptptpt-20260731142815986,0
1312,will-russia-target-kyiv-by-august-14-2026-20260731142815988,will-russia-target-kyiv-byptptpt-20260731142815986,0
1313,will-russia-target-kyiv-by-august-7-2026-20260801211334044,will-russia-target-kyiv-byptptpt-20260801211403829,0
1314,will-russia-target-kyiv-by-august-14-2026-20260801211334045,will-russia-target-kyiv-byptptpt-20260801211403829,0
1315,will-ukraine-target-moscow-by-august-7-2026-20260801211847596,will-ukraine-target-moscow-byptptpt-20260801211847595,0
1316,will-ukraine-target-moscow-by-august-14-2026-20260801211847597,will-ukraine-target-moscow-byptptpt-20260801211847595,0
1317,ukraine-strikes-another-vessel-in-the-black-sea-by-august-8-2026-20260804183343484,ukraine-strikes-another-vessel-in-black-sea-byptptpt-20260804183343483,0
1318,ukraine-strikes-another-vessel-in-the-black-sea-by-august-15-2026-20260804183343485,ukraine-strikes-another-vessel-in-black-sea-byptptpt-20260804183343483,0
1319,will-russia-enter-mykolaivka-by-september-30-2026-20260805154948090,will-russia-enter-mykolaivka-byptptpt-20260805154948089,0
1320,will-russia-enter-mykolaivka-by-december-31-2026-20260805154948091,will-russia-enter-mykolaivka-byptptpt-20260805154948089,0
1321,will-russia-enter-mykolaivka-by-october-31-2026,will-russia-enter-mykolaivka-byptptpt-20260805154948089,0
1322,will-ukraine-re-enter-huliaipole-by-october-31-2026-20260805160946469,will-ukraine-re-enter-huliaipole-byptptpt-20260805160946468,0
1323,will-ukraine-re-enter-huliaipole-by-december-31-2026-20260805160946470,will-ukraine-re-enter-huliaipole-byptptpt-20260805160946468,0
1324,will-russia-capture-svitle-by-august-31-20260805161409630,will-russia-capture-svitle-byptptpt-20260805161409629,0
1325,will-russia-capture-svitle-by-october-31-20260805161409631,will-russia-capture-svitle-byptptpt-20260805161409629,0
1326,will-russia-capture-shevchenko-by-august-31-20260805162837388,will-russia-capture-shevchenko-byptptpt-20260805162837387,0
1327,will-russia-capture-shevchenko-by-october-31-20260805162837389,will-russia-capture-shevchenko-byptptpt-20260805162837387,0
1328,russia-strikes-another-vessel-in-the-black-sea-by-august-8-2026-20260805160021491,russia-strikes-another-vessel-in-black-sea-byptptpt-20260805160021490,0
1329,russia-strikes-another-vessel-in-the-black-sea-by-august-15-2026-20260805160021492,russia-strikes-another-vessel-in-black-sea-byptptpt-20260805160021490,0
1330,will-ukraine-target-moscow-by-august-10-2026-20260807123552989,will-ukraine-target-moscow-byptptpt-20260807123552988,0
1331,will-ukraine-target-moscow-by-august-14-2026-20260807123536607,will-ukraine-target-moscow-byptptpt-20260807123552988,0
1332,will-russia-target-kyiv-by-august-10-2026-20260809090428975,will-russia-target-kyiv-byptptpt-20260809090433109,0
1333,will-russia-target-kyiv-by-august-14-2026-20260809090411471,will-russia-target-kyiv-byptptpt-20260809090433109,0
1334,will-russia-target-kyiv-on-august-11-2026-20260810162903046,will-russia-target-kyiv-onptptpt-20260810162903045,0
1335,will-russia-target-kyiv-on-august-12-2026-20260810162903047,will-russia-target-kyiv-onptptpt-20260810162903045,0
1336,will-russia-target-kyiv-on-august-13-2026-20260810162903048,will-russia-target-kyiv-onptptpt-20260810162903045,0
1337,will-russia-target-kyiv-on-august-14-2026-20260810162903049,will-russia-target-kyiv-onptptpt-20260810162903045,0
1338,will-russia-target-kyiv-on-august-15-2026-20260810162903050,will-russia-target-kyiv-onptptpt-20260810162903045,0
1339,will-russia-target-kyiv-on-august-16-2026-20260810162903051,will-russia-target-kyiv-onptptpt-20260810162903045,0
1340,will-russia-target-kyiv-on-august-17-2026-20260810162903052,will-russia-target-kyiv-onptptpt-20260810162903045,0
1341,will-russia-target-kyiv-on-august-18-2026-20260810162903053,will-russia-target-kyiv-onptptpt-20260810162903045,0
1342,will-russia-target-kyiv-on-august-19-2026-20260810162903054,will-russia-target-kyiv-onptptpt-20260810162903045,0
1343,will-russia-target-kyiv-on-august-20-2026-20260810162903055,will-russia-target-kyiv-onptptpt-20260810162903045,0
1344,will-russia-target-kyiv-on-august-21-2026-20260810162903056,will-russia-target-kyiv-onptptpt-20260810162903045,0
1345,will-russia-target-kyiv-on-august-22-2026-20260810162903057,will-russia-target-kyiv-onptptpt-20260810162903045,0
1346,will-russia-target-kyiv-on-august-23-2026-20260810162903058,will-russia-target-kyiv-onptptpt-20260810162903045,0
1347,will-russia-target-kyiv-on-august-24-2026-20260810162903059,will-russia-target-kyiv-onptptpt-20260810162903045,0
1348,will-russia-target-kyiv-on-august-25-2026-20260810162903060,will-russia-target-kyiv-onptptpt-20260810162903045,0
1349,will-russia-target-kyiv-on-august-26-2026-20260810162903061,will-russia-target-kyiv-onptptpt-20260810162903045,0
1350,will-russia-target-kyiv-on-august-27-2026-20260810162903062,will-russia-target-kyiv-onptptpt-20260810162903045,0
1351,will-russia-target-kyiv-on-august-28-2026-20260810162903063,will-russia-target-kyiv-onptptpt-20260810162903045,0
1352,will-russia-target-kyiv-on-august-29-2026-20260810162903064,will-russia-target-kyiv-onptptpt-20260810162903045,0
1353,will-russia-target-kyiv-on-august-30-2026-20260810162903065,will-russia-target-kyiv-onptptpt-20260810162903045,0
1354,will-russia-target-kyiv-on-august-31-2026-20260810162903066,will-russia-target-kyiv-onptptpt-20260810162903045,0
1355,russia-strikes-another-vessel-in-the-black-sea-by-august-12-2026-20260810142759483,russia-strikes-another-vessel-in-black-sea-byptptpt-20260810142759482,0
1356,russia-strikes-another-vessel-in-the-black-sea-by-august-16-2026-20260810142759484,russia-strikes-another-vessel-in-black-sea-byptptpt-20260810142759482,0
1357,ukraine-strikes-another-vessel-in-the-black-sea-by-august-22-2026-20260817131147482,ukraine-strikes-another-vessel-in-black-sea-byptptpt-20260817131147481,0
1358,ukraine-strikes-another-vessel-in-the-black-sea-by-august-31-2026-20260817131147483,ukraine-strikes-another-vessel-in-black-sea-byptptpt-20260817131147481,0
1359,will-russia-target-kyiv-by-august-22-2026-20260817131147485,will-russia-target-kyiv-byptptpt-20260817131147484,0
1360,will-russia-target-kyiv-by-august-31-2026-20260817131147486,will-russia-target-kyiv-byptptpt-20260817131147484,0
1361,moscow-air-traffic-suspended-by-august-31-20260818,moscow-air-traffic-suspended-byptptpt-20260818,0
1362,moscow-air-traffic-suspended-by-september-15-20260818,moscow-air-traffic-suspended-byptptpt-20260818,0
1363,moscow-air-traffic-suspended-by-september-30-20260818,moscow-air-traffic-suspended-byptptpt-20260818,0
1364,will-russia-capture-the-royal-cafe-alex-in-kostyantynivka-by-september-30-2026,will-russia-capture-the-royal-cafe-alex-in-kostyantynivka-byptptpt,0
1365,will-russia-capture-the-royal-cafe-alex-in-kostyantynivka-by-october-31-2026,will-russia-capture-the-royal-cafe-alex-in-kostyantynivka-byptptpt,0
1366,will-russia-capture-the-royal-cafe-alex-in-kostyantynivka-by-december-31-2026,will-russia-capture-the-royal-cafe-alex-in-kostyantynivka-byptptpt,0
1367,will-russia-capture-the-royal-cafe-alex-in-kostyantynivka-by-november-30-2026,will-russia-capture-the-royal-cafe-alex-in-kostyantynivka-byptptpt,0
1368,will-russia-capture-the-royal-cafe-alex-in-kostyantynivka-by-march-31-2027,will-russia-capture-the-royal-cafe-alex-in-kostyantynivka-byptptpt,0
1369,will-russia-target-kyiv-by-august-22-2026,will-russia-target-kyiv-byptptpt,0
1370,will-russia-target-kyiv-by-august-31-2026,will-russia-target-kyiv-byptptpt,0
1371,russia-strikes-another-vessel-in-the-black-sea-by-august-21-2026,russia-strikes-another-vessel-in-black-sea-byptptpt,0
1372,russia-strikes-another-vessel-in-the-black-sea-by-august-28-2026,russia-strikes-another-vessel-in-black-sea-byptptpt,0
1373,will-russia-and-ukraine-hold-any-diplomatic-meeting-by-august-31-2026-20260819,russia-x-ukraine-any-diplomatic-meeting-byptptpt-20260819,0
1374,will-russia-and-ukraine-hold-any-diplomatic-meeting-by-september-30-2026-20260819-521,russia-x-ukraine-any-diplomatic-meeting-byptptpt-20260819,0
1375,will-russia-and-ukraine-hold-any-diplomatic-meeting-by-december-31-2026-20260819-697-428,russia-x-ukraine-any-diplomatic-meeting-byptptpt-20260819,0
1376,will-russia-and-ukraine-hold-any-diplomatic-meeting-by-september-15-2026,russia-x-ukraine-any-diplomatic-meeting-byptptpt-20260819,0
1377,will-russia-and-ukraine-hold-any-diplomatic-meeting-by-october-31-2026,russia-x-ukraine-any-diplomatic-meeting-byptptpt-20260819,0
1378,will-russia-and-ukraine-hold-any-diplomatic-meeting-by-october-15-2026,russia-x-ukraine-any-diplomatic-meeting-byptptpt-20260819,0
1379,will-ukraine-target-moscow-by-august-24-2026,will-ukraine-target-moscow-byptptpt-20260820081004723,0
1380,will-ukraine-target-moscow-by-august-31-2026,will-ukraine-target-moscow-byptptpt-20260820081004723,0
1381,will-russia-capture-mykolaivka-by-october-31-2026,will-russia-capture-mykolaivka-byptptpt,0
1382,will-russia-capture-mykolaivka-by-december-31-2026,will-russia-capture-mykolaivka-byptptpt,0
1383,will-ukraine-target-moscow-by-august-26-2026,will-ukraine-target-moscow-byptptpt-august-26-31,0
1384,will-ukraine-target-moscow-by-august-31-2026-v2,will-ukraine-target-moscow-byptptpt-august-26-31,0
1385,will-russia-target-kyiv-by-august-26-2026,will-russia-target-kyiv-byptptpt-august-26-31,0
1386,will-russia-target-kyiv-by-august-31-2026-v2,will-russia-target-kyiv-byptptpt-august-26-31,0
1387,moscow-air-traffic-suspended-by-august-31-20260824,moscow-air-traffic-suspended-byptptpt-20260824,0
1388,moscow-air-traffic-suspended-by-september-15-20260824,moscow-air-traffic-suspended-byptptpt-20260824,0
1389,will-russia-announce-a-new-forced-mobilization-by-september-30-2026,will-russia-announce-a-new-forced-mobilization-byptptpt,0
1390,will-russia-announce-a-new-forced-mobilization-by-october-31-2026,will-russia-announce-a-new-forced-mobilization-byptptpt,0
1391,will-russia-announce-a-new-forced-mobilization-by-december-31-2026,will-russia-announce-a-new-forced-mobilization-byptptpt,0
1392,will-russia-capture-dobropillia-by-october-31-2026,will-russia-capture-dobropillia-byptptpt,0
1393,will-russia-capture-dobropillia-by-december-31-2026,will-russia-capture-dobropillia-byptptpt,0
1394,will-trump-meet-with-volodymyr-zelenskyy-in-september-2026-20260826,who-will-trump-meet-with-in-september-20260826,0
1395,will-trump-meet-with-vladimir-putin-in-september-2026-20260826,who-will-trump-meet-with-in-september-20260826,0
1396,will-trump-speak-to-volodymyr-zelenskyy-in-september,who-will-trump-speak-to-in-september,0
1397,will-trump-speak-to-vladimir-putin-in-september,who-will-trump-speak-to-in-september,0
1398,ukraine-signs-peace-deal-with-russia-by-october-31,ukraine-signs-peace-deal-with-russia-by-october-31,0
1399,will-putin-meet-with-zelenskyy-by-december-31-2026,will-putin-meet-with-zelenskyy-by-december-31-2026,0
1400,nato-downs-another-russian-drone-by-september-15-20260828,nato-downs-another-russian-drone-byptptpt-20260828,0
1401,nato-downs-another-russian-drone-by-september-30-20260828,nato-downs-another-russian-drone-byptptpt-20260828,0
1402,will-russia-target-kyiv-on-september-1-2026,will-russia-target-kyiv-on-september-2026,0
1403,will-russia-target-kyiv-on-september-2-2026,will-russia-target-kyiv-on-september-2026,0
1404,will-russia-target-kyiv-on-september-3-2026,will-russia-target-kyiv-on-september-2026,0
1405,will-russia-target-kyiv-on-september-4-2026,will-russia-target-kyiv-on-september-2026,0
1406,will-russia-target-kyiv-on-september-5-2026,will-russia-target-kyiv-on-september-2026,0
1407,will-russia-target-kyiv-on-september-6-2026,will-russia-target-kyiv-on-september-2026,0
1408,will-russia-target-kyiv-on-september-7-2026,will-russia-target-kyiv-on-september-2026,0
1409,will-russia-target-kyiv-on-september-8-2026,will-russia-target-kyiv-on-september-2026,0
1410,will-russia-target-kyiv-on-september-9-2026,will-russia-target-kyiv-on-september-2026,0
1411,will-russia-target-kyiv-on-september-10-2026,will-russia-target-kyiv-on-september-2026,0
1412,will-russia-target-kyiv-on-september-11-2026,will-russia-target-kyiv-on-september-2026,0
1413,will-russia-target-kyiv-on-september-12-2026,will-russia-target-kyiv-on-september-2026,0
1414,will-russia-target-kyiv-on-september-13-2026,will-russia-target-kyiv-on-september-2026,0
1415,will-russia-target-kyiv-on-september-14-2026,will-russia-target-kyiv-on-september-2026,0
1416,will-russia-target-kyiv-on-september-15-2026,will-russia-target-kyiv-on-september-2026,0
1417,will-russia-target-kyiv-on-september-16-2026,will-russia-target-kyiv-on-september-2026,0
1418,will-russia-target-kyiv-on-september-17-2026,will-russia-target-kyiv-on-september-2026,0
1419,will-russia-target-kyiv-on-september-18-2026,will-russia-target-kyiv-on-september-2026,0
1420,will-russia-target-kyiv-on-september-19-2026,will-russia-target-kyiv-on-september-2026,0
1421,will-russia-target-kyiv-on-september-20-2026,will-russia-target-kyiv-on-september-2026,0
1422,will-russia-target-kyiv-on-september-21-2026,will-russia-target-kyiv-on-september-2026,0
1423,will-russia-target-kyiv-on-september-22-2026,will-russia-target-kyiv-on-september-2026,0
1424,will-russia-target-kyiv-on-september-23-2026,will-russia-target-kyiv-on-september-2026,0
1425,will-russia-target-kyiv-on-september-24-2026,will-russia-target-kyiv-on-september-2026,0
1426,will-russia-target-kyiv-on-september-25-2026,will-russia-target-kyiv-on-september-2026,0
1427,will-russia-target-kyiv-on-september-26-2026,will-russia-target-kyiv-on-september-2026,0
1428,will-russia-target-kyiv-on-september-27-2026,will-russia-target-kyiv-on-september-2026,0
1429,will-russia-target-kyiv-on-september-28-2026,will-russia-target-kyiv-on-september-2026,0
1430,will-russia-target-kyiv-on-september-29-2026,will-russia-target-kyiv-on-september-2026,0
1431,will-russia-target-kyiv-on-september-30-2026,will-russia-target-kyiv-on-september-2026,0
1432,will-russia-target-kyiv-by-september-4-2026,will-russia-target-kyiv-byptptpt-september-4-11,0
1433,will-russia-target-kyiv-by-september-11-2026,will-russia-target-kyiv-byptptpt-september-4-11,0
1434,will-ukraine-target-moscow-by-september-4-2026,will-ukraine-target-moscow-byptptpt-september-4-11,0
1435,will-ukraine-target-moscow-by-september-11-2026,will-ukraine-target-moscow-byptptpt-september-4-11,0
1436,will-russia-enter-oleksiievo-druzhkivka-by-september-30-20260831,will-russia-enter-oleksiievo-druzhkivka-again-byptptpt,0
1437,will-russia-enter-oleksiievo-druzhkivka-by-october-31-20260831,will-russia-enter-oleksiievo-druzhkivka-again-byptptpt,0
1438,will-russia-enter-oleksiievo-druzhkivka-by-december-31-20260831,will-russia-enter-oleksiievo-druzhkivka-again-byptptpt,0
1439,will-russia-target-kyiv-by-september-7-2026-20260903,will-russia-target-kyiv-byptptpt-20260903,0
1440,will-russia-target-kyiv-by-september-11-2026-20260903,will-russia-target-kyiv-byptptpt-20260903,0
1441,will-ukraine-target-moscow-by-september-7-2026-20260903,will-ukraine-target-moscow-byptptpt-20260903,0
1442,will-ukraine-target-moscow-by-september-11-2026-20260903,will-ukraine-target-moscow-byptptpt-20260903,0
1443,will-any-aircraft-land-or-take-off-at-kyiv-boryspil-airport-by-september-30,will-any-aircraft-land-or-take-off-at-kyiv-boryspil-airport-by,0
1444,will-any-aircraft-land-or-take-off-at-kyiv-boryspil-airport-by-october-31,will-any-aircraft-land-or-take-off-at-kyiv-boryspil-airport-by,0
1445,will-any-aircraft-land-or-take-off-at-kyiv-boryspil-airport-by-december-31,will-any-aircraft-land-or-take-off-at-kyiv-boryspil-airport-by,0
1446,will-ukraine-re-enter-kolodiazi-by-october-31-2026,will-ukraine-re-enter-kolodiazi-by,0
1447,will-ukraine-re-enter-kolodiazi-by-december-31-2026,will-ukraine-re-enter-kolodiazi-by,0
1448,will-russia-enter-preobrazhenka-by-october-31-2026,will-russia-enter-preobrazhenka-by,0
1449,will-russia-enter-preobrazhenka-by-december-31-2026,will-russia-enter-preobrazhenka-by,0
1450,will-ukraine-target-moscow-by-september-11-2026-20260907,will-ukraine-target-moscow-by-20260907,0
1451,will-ukraine-target-moscow-by-september-15-2026-20260907,will-ukraine-target-moscow-by-20260907,0
1452,will-russia-target-kyiv-by-september-11-2026-20260907,will-russia-target-kyiv-by-20260907,0
1453,will-russia-target-kyiv-by-september-15-2026-20260907,will-russia-target-kyiv-by-20260907,0
1454,will-russia-target-kyiv-by-september-13-2026-20260909,will-russia-target-kyiv-by-20260909,0
1455,will-russia-target-kyiv-by-september-17-2026-20260909,will-russia-target-kyiv-by-20260909,0
1456,will-russia-target-kyiv-by-september-14-2026-20260910,will-russia-target-kyiv-by-20260910,0
1457,will-russia-target-kyiv-by-september-18-2026-20260910,will-russia-target-kyiv-by-20260910,0
1458,trump-vetoes-russia-sanctions-bill,trump-vetoes-russia-sanctions-bill,0
1459,eu-country-blames-russia-for-new-sabotage-attack-by-october-31-2026,eu-country-blames-russia-for-new-sabotage-attack-by,0
1460,eu-country-blames-russia-for-new-sabotage-attack-by-december-31-2026,eu-country-blames-russia-for-new-sabotage-attack-by,0
1461,russia-military-action-against-eu-country-by-september-30-2026,russia-military-action-against-eu-country-byptptpt,0
1462,russia-military-action-against-eu-country-by-december-31-2026,russia-military-action-against-eu-country-byptptpt,0
1463,russia-military-action-against-an-eu-country-by-december-31-2027,russia-military-action-against-eu-country-byptptpt,0
1464,eu-country-expels-russian-ambassador-by-december-31,eu-country-expels-russian-ambassador-by-december-31,0
1465,will-ukraine-target-moscow-on-september-23-2026,will-ukraine-target-moscow-on-september-2026,0
1466,will-ukraine-target-moscow-on-september-24-2026,will-ukraine-target-moscow-on-september-2026,0
1467,will-ukraine-target-moscow-on-september-25-2026,will-ukraine-target-moscow-on-september-2026,0
1468,will-ukraine-target-moscow-on-september-26-2026,will-ukraine-target-moscow-on-september-2026,0
1469,will-ukraine-target-moscow-on-september-27-2026,will-ukraine-target-moscow-on-september-2026,0
1470,will-ukraine-target-moscow-on-september-28-2026,will-ukraine-target-moscow-on-september-2026,0
1471,will-ukraine-target-moscow-on-september-29-2026,will-ukraine-target-moscow-on-september-2026,0
1472,will-ukraine-target-moscow-on-september-30-2026,will-ukraine-target-moscow-on-september-2026,0
1473,nato-downs-another-russian-drone-by-september-30-copy,nato-downs-another-russian-drone-byptptpt-copy,0
1474,nato-downs-another-russian-drone-by-october-15,nato-downs-another-russian-drone-byptptpt-copy,0
1475,nato-downs-another-russian-drone-by-october-31-copy,nato-downs-another-russian-drone-byptptpt-copy,0
1476,will-no-qualifying-russia-x-ukraine-peace-talks-take-place-by-december-31-2027,where-will-the-next-russia-x-ukraine-peace-talks-take-place,0
1477,will-the-next-russia-x-ukraine-peace-talks-take-place-in-turkey-by-december-31-2027,where-will-the-next-russia-x-ukraine-peace-talks-take-place,0
1478,will-the-next-russia-x-ukraine-peace-talks-take-place-in-switzerland-by-december-31-2027,where-will-the-next-russia-x-ukraine-peace-talks-take-place,0
1479,will-the-next-russia-x-ukraine-peace-talks-take-place-in-hungary-by-december-31-2027,where-will-the-next-russia-x-ukraine-peace-talks-take-place,0
1480,will-the-next-russia-x-ukraine-peace-talks-take-place-in-the-united-states-by-december-31-2027,where-will-the-next-russia-x-ukraine-peace-talks-take-place,0
1481,will-the-next-russia-x-ukraine-peace-talks-take-place-in-china-by-december-31-2027,where-will-the-next-russia-x-ukraine-peace-talks-take-place,0
1482,will-the-next-russia-x-ukraine-peace-talks-take-place-in-russia-by-december-31-2027,where-will-the-next-russia-x-ukraine-peace-talks-take-place,0
1483,will-the-next-russia-x-ukraine-peace-talks-take-place-in-ukraine-by-december-31-2027,where-will-the-next-russia-x-ukraine-peace-talks-take-place,0
1484,will-the-next-russia-x-ukraine-peace-talks-take-place-in-germany-by-december-31-2027,where-will-the-next-russia-x-ukraine-peace-talks-take-place,0
1485,will-the-next-russia-x-ukraine-peace-talks-take-place-in-saudi-arabia-by-december-31-2027,where-will-the-next-russia-x-ukraine-peace-talks-take-place,0
1486,will-the-next-russia-x-ukraine-peace-talks-take-place-in-the-uae-by-december-31-2027,where-will-the-next-russia-x-ukraine-peace-talks-take-place,0
1487,will-the-next-russia-x-ukraine-peace-talks-take-place-in-qatar-by-december-31-2027,where-will-the-next-russia-x-ukraine-peace-talks-take-place,0
1488,will-the-next-russia-x-ukraine-peace-talks-take-place-in-vatican-city-by-december-31-2027,where-will-the-next-russia-x-ukraine-peace-talks-take-place,0
1489,will-the-next-russia-x-ukraine-peace-talks-take-place-in-italy-by-december-31-2027,where-will-the-next-russia-x-ukraine-peace-talks-take-place,0
1490,will-the-next-russia-x-ukraine-peace-talks-take-place-in-austria-by-december-31-2027,where-will-the-next-russia-x-ukraine-peace-talks-take-place,0
1491,will-the-next-russia-x-ukraine-peace-talks-take-place-in-slovakia-by-december-31-2027,where-will-the-next-russia-x-ukraine-peace-talks-take-place,0
1492,will-the-next-russia-x-ukraine-peace-talks-take-place-in-finland-by-december-31-2027,where-will-the-next-russia-x-ukraine-peace-talks-take-place,0
1493,will-the-next-russia-x-ukraine-peace-talks-take-place-in-belarus-by-december-31-2027,where-will-the-next-russia-x-ukraine-peace-talks-take-place,0
1494,will-the-next-russia-x-ukraine-peace-talks-take-place-in-kazakhstan-by-december-31-2027,where-will-the-next-russia-x-ukraine-peace-talks-take-place,0
1495,will-the-next-russia-x-ukraine-peace-talks-take-place-in-india-by-december-31-2027,where-will-the-next-russia-x-ukraine-peace-talks-take-place,0
1496,will-the-next-russia-x-ukraine-peace-talks-take-place-in-poland-by-december-31-2027,where-will-the-next-russia-x-ukraine-peace-talks-take-place,0
1497,will-the-next-russia-x-ukraine-peace-talks-take-place-in-serbia-by-december-31-2027,where-will-the-next-russia-x-ukraine-peace-talks-take-place,0
1498,will-the-next-russia-x-ukraine-peace-talks-take-place-in-azerbaijan-by-december-31-2027,where-will-the-next-russia-x-ukraine-peace-talks-take-place,0
1499,will-the-next-russia-x-ukraine-peace-talks-take-place-in-egypt-by-december-31-2027,where-will-the-next-russia-x-ukraine-peace-talks-take-place,0
1500,will-the-next-russia-x-ukraine-peace-talks-take-place-in-brazil-by-december-31-2027,where-will-the-next-russia-x-ukraine-peace-talks-take-place,0
1501,will-the-next-russia-x-ukraine-peace-talks-take-place-in-south-africa-by-december-31-2027,where-will-the-next-russia-x-ukraine-peace-talks-take-place,0
1502,will-the-next-russia-x-ukraine-peace-talks-take-place-in-another-european-country-by-december-31-2027,where-will-the-next-russia-x-ukraine-peace-talks-take-place,0
1503,will-the-next-russia-x-ukraine-peace-talks-take-place-in-another-middle-eastnorth-africa-country-by-december-31-2027,where-will-the-next-russia-x-ukraine-peace-talks-take-place,0
1504,will-the-next-russia-x-ukraine-peace-talks-take-place-in-another-country-by-december-31-2027,where-will-the-next-russia-x-ukraine-peace-talks-take-place,0
1505,will-putin-meet-with-zelenskyy-by-march-31-2027,will-putin-meet-with-zelenskyy-by,0
1506,will-putin-meet-with-zelenskyy-by-june-30-2027,will-putin-meet-with-zelenskyy-by,0
1507,will-putin-meet-with-zelenskyy-by-december-31-2027,will-putin-meet-with-zelenskyy-by,0
1508,eu-country-blames-russia-for-new-sabotage-attack-by-october-31-2026-20260929185549208,eu-country-blames-russia-for-new-sabotage-attack-by-20260929185549208,0
1509,eu-country-blames-russia-for-new-sabotage-attack-by-december-31-2026-20260929185549208,eu-country-blames-russia-for-new-sabotage-attack-by-20260929185549208,0
1510,will-russia-target-kyiv-on-october-1-2026,will-russia-target-kyiv-on-october-2026,0
1511,will-russia-target-kyiv-on-october-2-2026,will-russia-target-kyiv-on-october-2026,0
1512,will-russia-target-kyiv-on-october-3-2026,will-russia-target-kyiv-on-october-2026,0
1513,will-russia-target-kyiv-on-october-4-2026,will-russia-target-kyiv-on-october-2026,0
1514,will-russia-target-kyiv-on-october-5-2026,will-russia-target-kyiv-on-october-2026,0
1515,will-russia-target-kyiv-on-october-6-2026,will-russia-target-kyiv-on-october-2026,0
1516,will-russia-target-kyiv-on-october-7-2026,will-russia-target-kyiv-on-october-2026,0
1517,will-russia-target-kyiv-on-october-8-2026,will-russia-target-kyiv-on-october-2026,0
1518,will-russia-target-kyiv-on-october-9-2026,will-russia-target-kyiv-on-october-2026,0
1519,will-russia-target-kyiv-on-october-10-2026,will-russia-target-kyiv-on-october-2026,0
1520,will-russia-target-kyiv-on-october-11-2026,will-russia-target-kyiv-on-october-2026,0
1521,will-russia-target-kyiv-on-october-12-2026,will-russia-target-kyiv-on-october-2026,0
1522,will-russia-target-kyiv-on-october-13-2026,will-russia-target-kyiv-on-october-2026,0
1523,will-russia-target-kyiv-on-october-14-2026,will-russia-target-kyiv-on-october-2026,0
1524,will-russia-target-kyiv-on-october-15-2026,will-russia-target-kyiv-on-october-2026,0
1525,will-russia-target-kyiv-on-october-16-2026,will-russia-target-kyiv-on-october-2026,0
1526,will-russia-target-kyiv-on-october-17-2026,will-russia-target-kyiv-on-october-2026,0
1527,will-russia-target-kyiv-on-october-18-2026,will-russia-target-kyiv-on-october-2026,0
1528,will-russia-target-kyiv-on-october-19-2026,will-russia-target-kyiv-on-october-2026,0
1529,will-russia-target-kyiv-on-october-20-2026,will-russia-target-kyiv-on-october-2026,0
1530,will-russia-target-kyiv-on-october-21-2026,will-russia-target-kyiv-on-october-2026,0
1531,will-russia-target-kyiv-on-october-22-2026,will-russia-target-kyiv-on-october-2026,0
1532,will-russia-target-kyiv-on-october-23-2026,will-russia-target-kyiv-on-october-2026,0
1533,will-russia-target-kyiv-on-october-24-2026,will-russia-target-kyiv-on-october-2026,0
1534,will-russia-target-kyiv-on-october-25-2026,will-russia-target-kyiv-on-october-2026,0
1535,will-russia-target-kyiv-on-october-26-2026,will-russia-target-kyiv-on-october-2026,0
1536,will-russia-target-kyiv-on-october-27-2026,will-russia-target-kyiv-on-october-2026,0
1537,will-russia-target-kyiv-on-october-28-2026,will-russia-target-kyiv-on-october-2026,0
1538,will-russia-target-kyiv-on-october-29-2026,will-russia-target-kyiv-on-october-2026,0
1539,will-russia-target-kyiv-on-october-30-2026,will-russia-target-kyiv-on-october-2026,0
1540,will-russia-target-kyiv-on-october-31-2026,will-russia-target-kyiv-on-october-2026,0
1541,will-trump-speak-to-volodymyr-zelenskyy-by-october-31,who-will-trump-speak-to-by-october-31,0
1542,will-trump-speak-to-vladimir-putin-by-october-31,who-will-trump-speak-to-by-october-31,0
1543,will-trump-meet-with-volodymyr-zelenskyy-by-october-31-2026,who-will-trump-meet-with-by-october-31,0
1544,will-trump-meet-with-vladimir-putin-by-october-31-2026,who-will-trump-meet-with-by-october-31,0
1545,will-ukraine-target-moscow-on-october-3-2026,will-ukraine-target-moscow-on-october-2026,0
1546,will-ukraine-target-moscow-on-october-4-2026,will-ukraine-target-moscow-on-october-2026,0
1547,will-ukraine-target-moscow-on-october-5-2026,will-ukraine-target-moscow-on-october-2026,0
1548,will-ukraine-target-moscow-on-october-6-2026,will-ukraine-target-moscow-on-october-2026,0
1549,will-ukraine-target-moscow-on-october-7-2026,will-ukraine-target-moscow-on-october-2026,0
1550,will-ukraine-target-moscow-on-october-8-2026,will-ukraine-target-moscow-on-october-2026,0
1551,will-ukraine-target-moscow-on-october-9-2026,will-ukraine-target-moscow-on-october-2026,0
1552,will-ukraine-target-moscow-on-october-10-2026,will-ukraine-target-moscow-on-october-2026,0
1553,will-ukraine-target-moscow-on-october-11-2026,will-ukraine-target-moscow-on-october-2026,0
1554,will-ukraine-target-moscow-on-october-12-2026,will-ukraine-target-moscow-on-october-2026,0
1555,will-ukraine-target-moscow-on-october-13-2026,will-ukraine-target-moscow-on-october-2026,0
1556,will-ukraine-target-moscow-on-october-14-2026,will-ukraine-target-moscow-on-october-2026,0
1557,will-ukraine-target-moscow-on-october-15-2026,will-ukraine-target-moscow-on-october-2026,0
1558,will-ukraine-target-moscow-on-october-16-2026,will-ukraine-target-moscow-on-october-2026,0
1559,will-ukraine-target-moscow-on-october-17-2026,will-ukraine-target-moscow-on-october-2026,0
1560,will-ukraine-target-moscow-on-october-18-2026,will-ukraine-target-moscow-on-october-2026,0
1561,will-ukraine-target-moscow-on-october-19-2026,will-ukraine-target-moscow-on-october-2026,0
1562,will-ukraine-target-moscow-on-october-20-2026,will-ukraine-target-moscow-on-october-2026,0
1563,will-ukraine-target-moscow-on-october-21-2026,will-ukraine-target-moscow-on-october-2026,0
1564,will-ukraine-target-moscow-on-october-22-2026,will-ukraine-target-moscow-on-october-2026,0
1565,will-ukraine-target-moscow-on-october-23-2026,will-ukraine-target-moscow-on-october-2026,0
1566,will-ukraine-target-moscow-on-october-24-2026,will-ukraine-target-moscow-on-october-2026,0
1567,will-ukraine-target-moscow-on-october-25-2026,will-ukraine-target-moscow-on-october-2026,0
1568,will-ukraine-target-moscow-on-october-26-2026,will-ukraine-target-moscow-on-october-2026,0
1569,will-ukraine-target-moscow-on-october-27-2026,will-ukraine-target-moscow-on-october-2026,0
1570,will-ukraine-target-moscow-on-october-28-2026,will-ukraine-target-moscow-on-october-2026,0
1571,will-ukraine-target-moscow-on-october-29-2026,will-ukraine-target-moscow-on-october-2026,0
1572,will-ukraine-target-moscow-on-october-30-2026,will-ukraine-target-moscow-on-october-2026,0
1573,will-ukraine-target-moscow-on-october-31-2026,will-ukraine-target-moscow-on-october-2026,0
1574,will-ukraine-re-enter-terny-by-october-31-2026,will-ukraine-re-enter-terny-by,0
1575,will-ukraine-re-enter-terny-by-december-31-2026,will-ukraine-re-enter-terny-by,0
CN03,will-china-invade-taiwan-by-june-30-2026,will-china-invade-taiwan-by-june-30-2026,1
CN04,will-china-invade-taiwan-in-2025,will-china-invade-taiwan-in-2025,1
CN05,will-china-invade-taiwan-by-march-31-2026,will-china-invade-taiwan-by-march-31-2026,1
CN06,will-china-blockade-taiwan-by-june-30,will-china-blockade-taiwan-by-june-30,1
CN07,will-china-blockade-taiwan-by-december-31,will-china-blockade-taiwan-by-december-31,1
CN08,will-china-invade-taiwan-in-may,will-china-invade-taiwan-in-may,1
CN09,will-china-blockade-taiwan-by-in-2026,will-china-blockade-taiwan-by-in-2026,1
CN10,will-china-invade-taiwan-by-september-30-2026,will-china-invade-taiwan-by-september-30-2026,1
CN11,will-china-invade-taiwan-by-december-31-2027,will-china-invade-taiwan-by-december-31-2027,1
CN12,will-china-invade-taiwan-by-june-30-2027,will-china-invade-taiwan-by-june-30-2027,1
CN13,will-china-invade-taiwan-before-2027,will-china-invade-taiwan-before-2027,1
CN14,china-x-taiwan-military-clash-before-2027,china-x-taiwan-military-clash-before-2027,1
CN15,will-china-invade-taiwan-in-2024,will-china-invade-taiwan-in-2024,1
CN16,will-china-invade-taiwan-in-2023,will-china-invade-taiwan-in-2023,1
CN17,us-travel-ban-for-china-in-2023,us-travel-ban-for-china-in-2023,1
CN18,did-the-alaska-balloon-come-from-china,did-the-alaska-balloon-come-from-china,1
CN19,china-x-taiwan-military-clash-by,china-x-taiwan-military-clash-by,1
CN20,china-x-taiwan-military-clash-by,china-x-taiwan-military-clash-by,1
CN21,china-x-philippines-military-clash-by,china-x-philippines-military-clash-by,1
CN22,china-x-philippines-military-clash-by,china-x-philippines-military-clash-by,1
CN23,china-x-india-military-clash-by-december-31,china-x-india-military-clash-by-december-31,1
CN24,china-x-india-military-clash-by-december-31,china-x-india-military-clash-by-december-31,1
CN25,china-x-india-military-clash-by-december-31,china-x-india-military-clash-by-december-31,1
CN26,chinese-soldier-caught-in-ukraine-before-may,chinese-soldier-caught-in-ukraine-before-may,1
CN27,what-will-happen-before-gta-vi,what-will-happen-before-gta-vi,1
CN28,china-coup-attempt-in-2025,china-coup-attempt-in-2025,1
CN29,china-coup-attempt-before-2027,china-coup-attempt-before-2027,1
CN30,china-x-japan-military-clash-before-2027,china-x-japan-military-clash-before-2027,1
CN31,china-x-japan-sever-diplomatic-relations-in-2025,china-x-japan-sever-diplomatic-relations-in-2025,1
CN32,us-x-china-military-clash-before-2027,us-x-china-military-clash-before-2027,1
CN33,trump-xi-summit-what-will-trump-announce-by-may-22,trump-xi-summit-what-will-trump-announce-by-may-22,1
CN34,trump-endorses-chinas-claim-to-taiwan-this-week,trump-endorses-chinas-claim-to-taiwan-this-week,1
CN35,china-ballistic-missile-launch-by-december-31-20260706145934670,china-ballistic-missile-launch-by-december-31-20260706145934670,1
CN36,china-x-philippines-military-clash-before-2027,china-x-philippines-military-clash-before-2027,1
CN37,china-x-philippines-military-clash-before-2027-20260723214807932,china-x-philippines-military-clash-before-2027-20260723214807932,1
CN38,trump-endorses-chinas-claim-to-taiwan-by-end-of-xi-summit,trump-endorses-chinas-claim-to-taiwan-by-end-of-xi-summit,1
