frame_row,slug,event_slug,expand
5,will-iran-qualify-from-group-b,world-cup-2022-group-stage,0
6,will-iran-win-the-2022-world-cup,which-country-will-win-the-2022-world-cup,0
7,world-cup-2022-monday-will-england-beat-iran,world-cup-2022-monday-will-england-beat-iran,0
8,world-cup-2022-friday-will-wales-beat-iran,world-cup-matches,0
9,world-cup-tuesday-will-united-states-beat-iran,world-cup-matches,0
10,will-ali-khamenei-remain-supreme-leader-of-iran-through-june-30-2023,world-leaders-will-they-remain-in-power-through-june-30,0
11,will-israel-win-eurovision-2023,which-country-will-win-eurovision-2023,0
12,ufc-287-will-israel-adesanya-win-by-finish,ufc-287,0
13,will-hezbollah-deploy-ground-forces-in-israel-by-oct-14,will-hezbollah-deploy-ground-forces-in-israel-by-oct-14,0
14,will-israel-regain-control-of-all-territory-by-oct-8,will-israel-regain-control-of-all-territory-by-oct-8,0
15,iran-in-possession-of-nuclear-weapons-by-eoy,iran-in-possession-of-nuclear-weapons-by-eoy,0
16,will-israel-regain-control-of-all-territory-by-oct-15,will-israel-regain-control-of-all-territory-by-oct-15,0
17,will-israel-regain-control-of-all-territory-by-oct-9,will-israel-regain-control-of-all-territory-by,0
18,will-israel-regain-control-of-all-territory-by-oct-10,will-israel-regain-control-of-all-territory-by,0
19,will-israel-regain-control-of-all-territory-by-oct-11,will-israel-regain-control-of-all-territory-by,0
20,saudi-and-israel-peace-deal-by-march-2024,saudi-and-israel-peace-deal-by-march-2024,0
21,will-netanyahu-still-be-prime-minister-of-israel-by-the-end-of-2023,will-netanyahu-still-be-prime-minister-of-israel-by-the-end-of-2023,0
22,will-ayatollah-khamenei-still-be-in-power-in-iran-by-the-end-of-2023,will-ayatollah-khamenei-still-be-in-power-in-iran-by-the-end-of-2023,0
23,will-bashar-al-assad-still-be-in-power-in-syria-by-the-end-of-2023,will-bashar-al-assad-still-be-in-power-in-syria-by-the-end-of-2023,0
24,will-the-us-publicly-state-that-iran-was-directly-involved-with-the-recent-attack-on-israel-in-2023,will-the-us-publicly-state-that-iran-was-directly-involved-with-the-recent-attack-on-israel-in-2023,0
25,will-israel-officially-state-they-were-subject-to-a-cyber-attack-on-october-7th,will-israel-officially-state-they-were-subject-to-a-cyber-attack-on-october-7th,0
26,will-israel-have-full-control-of-its-territory-on-nov-1,will-israel-have-full-control-of-its-territory-on-nov-1,0
27,did-israeli-intelligence-have-advanced-knowledge-of-the-attack,did-israeli-intelligence-have-advanced-knowledge-of-the-attack,0
28,will-any-major-iranian-oil-refinery-be-taken-out-by-nov-30,will-any-major-iranian-oil-refinery-be-taken-out-by-nov-30,0
29,will-iran-officially-join-the-war-in-2023,will-iran-officially-join-the-war-in-2023,0
30,will-hezbollah-officially-join-the-war-in-2023,will-hezbollah-officially-join-the-war-in-2023,0
31,will-biden-visit-israel-by-end-of-week,will-biden-visit-israel-by-end-of-week,0
32,will-iran-close-the-strait-of-hormuz-in-2023,will-iran-close-the-strait-of-hormuz-in-2023,0
33,will-trump-visit-israel-by-nov-15,will-trump-visit-israel-by-nov-15,0
34,will-hezbollah-officially-join-the-war-by-nov-30,will-hezbollah-officially-join-the-war-by-nov-30,0
35,will-us-attack-iran-by-nov-30,will-us-attack-iran-by-nov-30,0
36,american-aid-to-israel-by-nov-15,american-aid-to-israel-by-nov-15,0
37,will-zelensky-visit-israel-by-nov-10,will-zelensky-visit-israel-by-nov-10,0
38,american-aid-to-israel-by-nov-30,american-aid-to-israel-by-nov-30,0
39,will-israel-announce-24h-humanitarian-pause-by-nov-30,will-israel-announce-24h-humanitarian-pause-by-nov-30,0
40,american-aid-to-israel-by-dec-31,american-aid-to-israel-by-dec-31,0
41,will-houthis-seize-another-ship-by-december-8,will-houthis-seize-another-ship-by-december-8,0
42,will-us-attack-iran-in-2023,will-us-attack-iran-in-2023,0
43,will-us-attack-yemen-in-2023,will-us-attack-yemen-in-2023,0
44,saudi-arabia-and-yemeni-houthis-peace-deal-by-end-of-2023,saudi-arabia-and-yemeni-houthis-peace-deal-by-end-of-2023,0
45,ayatollah-khamenei-still-in-power-in-iran-by-june-30,ayatollah-khamenei-still-in-power-in-iran-by-june-30,0
46,will-us-attack-yemen-before-february,will-us-attack-yemen-before-february,0
48,netanyahu-out-by-june-30,netanyahu-out-by-june-30,0
49,will-iran-officially-join-the-war-before-february,will-iran-officially-join-the-war-before-february,0
50,will-hezbollah-deploy-ground-forces-in-israel-in-january,will-hezbollah-deploy-ground-forces-in-israel-in-january,0
51,will-israel-invade-lebanon-by-january-20,will-israel-invade-lebanon-by-january-20,0
52,will-the-icj-find-israel-guilty-of-genocide-before-april,will-the-icj-find-israel-guilty-of-genocide-before-april,0
53,us-strike-against-houthis-by-friday,us-strike-against-houthis-by-friday,0
54,continued-us-strikes-against-houthis,continued-us-strikes-against-houthis,0
55,will-pakistan-strike-iran-by-saturday,will-pakistan-strike-iran-by-saturday,0
56,will-iran-or-pakistan-declare-war-against-the-other-in-january,will-iran-or-pakistan-declare-war-against-the-other-in-january,0
57,houthis-strike-us-military-by-end-of-january,houthis-strike-us-military-by-end-of-january,0
59,will-us-attack-iran-by-february-15,will-us-attack-iran-by-february-15,0
60,will-israel-attack-iran-by-february-15,will-israel-attack-iran-by-february-15,0
61,usiran-declare-war-before-march,usiran-declare-war-before-march,0
62,us-response-to-irans-drone-attack-by-jan-31,us-response-to-irans-drone-attack-by-jan-31,0
63,israel-ground-offensive-in-rafah-by-next-friday,israel-ground-offensive-in-rafah-by-next-friday,0
64,israel-ground-offensive-in-rafah-by-march-15,israel-ground-offensive-in-rafah-by-march-15,0
66,israel-ground-offensive-in-rafah-by-march-31,israel-ground-offensive-in-rafah-by-march-31,0
68,israel-ground-offensive-in-rafah-by-april-30,israel-ground-offensive-in-rafah-by-april-30,0
69,iran-response-to-israel-by-wednesday,iran-response-to-israel-by-wednesday,0
70,iran-response-to-israel-by-monday,iran-response-to-israel-by-monday,0
71,iran-response-to-israel-by-friday-apr-12,iran-response-to-israel-by-friday-apr-12,0
72,no-israel-ground-offensive-in-rafah-before-april-19,israel-ground-offensive-in-rafah-when,0
73,israel-ground-offensive-in-rafah-between-april-13-19,israel-ground-offensive-in-rafah-when,0
74,israel-ground-offensive-in-rafah-between-april-8-12,israel-ground-offensive-in-rafah-when,0
75,israel-military-action-on-iran-by-april-15,israel-military-action-against-iran-by-april-15,0
76,us-military-action-against-iran-by-april-15,us-military-action-against-iran-by-april-15,0
77,iran-response-to-israel-by-april-14,iran-response-to-israel-by-april-14,0
78,iran-response-to-israel-by-april-19,iran-response-to-israel-by-april-19,0
79,israel-military-action-against-iran-by-friday,israel-military-action-against-iran-by-friday,0
80,iran-nuke-by-july-31,iran-nuke-by-july-31,0
81,israel-aid-package-by-april-30,israel-aid-package-by-april-30,0
82,israel-and-saudi-arabia-normalize-relations-before-us-election,israel-and-saudi-arabia-normalize-relations-before-us-election,0
83,will-columbia-divest-from-israel-by-end-of-may,will-columbia-divest-from-israel-by-end-of-may,0
84,icc-arrest-warrants-for-israeli-leaders-by-may-15,icc-arrest-warrants-for-israeli-leaders-by-may-15,0
85,new-iranian-president-by-friday,new-iranian-president-by-friday,0
86,iran-blames-israel-for-helicopter-crash,iran-blames-israel-for-helicopter-crash,0
87,will-iran-president-raisi-be-found-today,will-iran-president-raisi-be-found-today,0
88,icc-issues-an-arrest-warrant-for-netanyahu,icc-issues-an-arrest-warrant-for-netanyahu,0
89,will-hassan-rouhani-be-the-next-president-of-iran,next-president-of-iran,0
90,will-another-person-be-the-next-president-of-iran-kmbd,next-president-of-iran,0
91,will-mohammad-mokhber-be-the-next-president-of-iran,next-president-of-iran,0
92,will-gholam-hossein-esmaeili-be-the-next-president-of-iran,next-president-of-iran,0
93,will-moshen-rezaee-be-the-next-president-of-iran,next-president-of-iran,0
94,will-saeed-jalili-be-the-next-president-of-iran,next-president-of-iran,0
95,will-mehrdad-bazrpash-be-the-next-president-of-iran,next-president-of-iran,0
96,will-ali-larijani-be-the-next-president-of-iran,next-president-of-iran,0
97,will-javad-zarif-be-the-next-president-of-iran,next-president-of-iran,0
98,will-ali-akbar-salehi-be-the-next-president-of-iran,next-president-of-iran,0
99,will-abdolnaser-hemmati-be-the-next-president-of-iran,next-president-of-iran,0
100,will-ali-shamkhani-be-the-next-president-of-iran,next-president-of-iran,0
101,will-mohammad-bagher-ghalibaf-be-the-next-president-of-iran,next-president-of-iran,0
102,will-mojtaba-khamenei-be-the-next-president-of-iran,next-president-of-iran,0
103,will-israel-halt-rafah-operation-in-may,will-israel-halt-rafah-operation-in-may,0
104,netanyahu-out-by-october-31,netanyahu-out-by-october-31,0
105,netanyahu-adress-us-congress-in-june,netanyahu-adress-us-congress-in-june,0
106,israel-military-action-against-iran-by-end-of-2024,israel-military-action-against-iran-by-end-of-2024,0
107,iran-response-to-israel-by-sunday,iran-response-to-israel-by-sunday,0
108,israel-election-called-before-july,israel-election-called-before-july,0
110,israel-parliament-dissolves-in-2024,israel-parliament-dissolves-in-2024,0
111,nasrallah-remains-leaderl-of-hezbollah-through-july,nasrallah-remains-leaderl-of-hezbollah-through-july,0
112,fact-check-iran-behind-attempt-on-trump,fact-check-iran-behind-attempt-on-trump,0
113,israel-military-action-against-yemen-by-monday,israel-military-action-against-yemen-by-monday,0
114,will-netanyahu-meet-with-biden,will-netanyahu-meet-with-biden,0
115,nasrallah-remains-leader-of-hezbollah-through-august,nasrallah-remains-leader-of-hezbollah-through-august,0
116,will-israel-invade-lebanon-by-friday,will-israel-invade-lebanon-by-friday,0
117,turkey-suspends-diplomatic-relations-with-israel,turkey-suspends-diplomatic-relations-with-israel,0
118,ben-gvir-out-as-israel-minister-of-national-security-by-august-31,ben-gvir-out-as-israel-minister-of-national-security-by-august-31,0
119,will-beirut-airport-close-by-august-5,will-beirut-airport-close-by-august-5,0
120,us-evacuates-beirut-embassy-by-august-31,us-evacuates-beirut-embassy-by-august-31,0
121,us-military-action-against-hezbollah-in-lebanon-by-monday,us-military-action-against-hezbollah-in-lebanon-by-monday,0
122,iran-military-response-today,iran-military-response-today,0
123,us-military-action-against-iran-by-monday,us-military-action-against-iran-by-monday,0
124,iran-military-action-against-israel-by-friday,iran-military-action-against-israel-by-friday,0
125,iran-nuke-in-2024,iran-nuke-in-2024,0
126,iran-military-response-by-august-12,iran-military-response-by-august-12,0
127,israel-military-action-against-iran-in-august,israel-military-action-against-iran-in-august,0
128,iran-military-response-by-sunday,iran-military-response-by-sunday,0
129,will-israel-invade-lebanon-by-friday-aug-9,will-israel-invade-lebanon-by-friday-aug-9,0
130,hezbollah-enters-israel-in-august,hezbollah-enters-israel-in-august,0
131,iran-military-response-tonight,iran-military-response-tonight,0
132,iran-military-action-against-us-military-in-august,iran-military-action-against-us-military-in-august,0
133,iran-military-response-by-tuesday,iran-military-response-by-tuesday,0
134,iran-military-response-by-friday,iran-military-response-by-friday,0
136,iran-action-by-friday,iran-action-by-friday,0
137,iran-military-response-by-august-23,iran-military-response-by-august-23,0
138,iran-military-response-before-october,iran-military-response-before-october,0
139,us-military-action-against-iran-by-august-31,us-military-action-against-iran-by-august-31,0
141,us-military-action-against-iran-by-september-30,us-military-action-against-iran-by-september-30,0
142,iran-military-response-by-friday-aug-30,iran-military-response-by-friday-aug-30,0
143,iran-military-response-by-monday,iran-military-response-by-monday,0
144,iran-military-response-by-friday-sept-6,iran-military-response-by-friday-sept-6,0
145,will-israel-invade-syria-in-2024,will-israel-invade-syria-in-2024,0
146,israel-military-action-against-yemen-by-friday,israel-military-action-against-yemen-by-friday,0
147,hezbollah-enters-israel-in-september,hezbollah-enters-israel-in-september,0
148,us-evacuates-beirut-embassy-by-september-30,us-evacuates-beirut-embassy-by-september-30,0
149,nasrallah-remains-leader-of-hezbollah-through-october-31,nasrallah-remains-leader-of-hezbollah-through-october-31,0
150,will-israel-claim-responsibility-for-hezbollah-pager-attack,will-israel-claim-responsibility-for-hezbollah-pager-attack,0
151,will-israel-invade-lebanon-in-september,will-israel-invade-lebanon-in-september,0
152,israeli-forces-enters-lebanon-in-september,israeli-forces-enters-lebanon-in-september,0
153,did-biden-campaign-use-info-from-iran-hack,did-biden-campaign-use-info-from-iran-hack,0
155,us-military-action-against-iran-before-november,us-military-action-against-iran-before-november,0
156,us-military-strike-on-lebanon-before-november,us-military-strike-on-lebanon-before-november,0
157,israel-military-action-against-yemen-before-november-1,israel-military-action-against-yemen-before-november-1,0
158,iran-strike-on-israel-before-november,iran-strike-on-israel-before-november,0
159,israel-x-hezbollah-ceasefire-in-2024,israel-x-hezbollah-ceasefire-in-2024,0
160,israel-x-hezbollah-ceasefire-in-september,israel-x-hezbollah-ceasefire-in-september,0
161,us-evacuates-beirut-embassy-by-october-31,us-evacuates-beirut-embassy-by-october-31,0
162,israeli-forces-enters-lebanon-before-november,israeli-forces-enters-lebanon-before-november,0
163,will-israel-troops-enter-beirut-by-october-31,will-israel-troops-enter-beirut-by-october-31,0
164,will-israeli-troops-enter-bint-jbeil-by-october-15,will-israeli-troops-enter-bint-jbeil-by-october-15,0
165,khamenei-out-as-supreme-leader-of-iran-in-2024,khamenei-out-as-supreme-leader-of-iran-in-2024,0
166,israel-military-action-against-yemen-before-november-2024,israel-military-action-against-yemen-before-november-2024,0
167,iran-strike-on-israel-today,iran-strike-on-israel-today,0
168,israel-military-response-against-iran-today,israel-military-response-against-iran-today,0
169,israel-military-response-against-iran-by-friday,israel-military-response-against-iran-by-friday,0
170,israel-declares-war-on-iran-in-october,israel-declares-war-on-iran-in-october,0
171,will-israel-target-an-iranian-nuclear-facility,what-will-israel-target-in-iran,0
172,will-israel-target-an-iranian-oil-or-gas-facility,what-will-israel-target-in-iran,0
173,will-israel-target-tehran,what-will-israel-target-in-iran,0
174,another-iran-strike-on-israel-by-friday,another-iran-strike-on-israel-by-friday,0
175,israel-military-response-against-iran-today-oct-2,israel-military-response-against-iran-today-oct-2,0
176,israel-military-response-against-iran-by-next-friday-oct-11,israel-military-response-against-iran-by-next-friday-oct-11,0
177,israel-strikes-iranian-oil-in-october,israel-strikes-iranian-oil-in-october,0
178,israel-strike-on-iranian-nuclear-facility-in-2024,israel-strike-on-iranian-nuclear-facility-in-2024,0
179,another-iran-strike-on-israel-in-october,another-iran-strike-on-israel-in-october,0
180,israel-military-response-against-iran-in-october,israel-military-response-against-iran-in-october,0
181,israel-military-response-against-iran-tomorrow-oct-3,israel-military-response-against-iran-tomorrow-oct-3,0
182,will-iran-strike-gulf-oil-facilities-in-october,will-iran-strike-gulf-oil-facilities-in-october,0
183,israel-military-action-against-iraq-by-sunday,israel-military-action-against-iraq-by-sunday,0
184,israel-military-response-against-iran-by-sunday,israel-military-response-against-iran-by-sunday,0
185,will-israel-strike-iran-on-monday,israel-military-response-against-iran-when,0
186,will-israel-strike-iran-on-tuesday,israel-military-response-against-iran-when,0
187,will-israel-strike-iran-on-wednesday,israel-military-response-against-iran-when,0
188,will-israel-strike-iran-on-thursday,israel-military-response-against-iran-when,0
189,will-israel-strike-iran-on-friday,israel-military-response-against-iran-when,0
190,will-israel-strike-iran-on-saturday,israel-military-response-against-iran-when,0
191,will-israel-strike-iran-on-sunday,israel-military-response-against-iran-when,0
192,no-israel-strike-on-iran-by-sunday,israel-military-response-against-iran-when,0
193,israel-military-action-against-iraq-by-friday,israel-military-action-against-iraq-by-friday,0
194,israel-military-response-against-iran-by-next-friday-oct-18,israel-military-response-against-iran-by-next-friday-oct-18,0
195,israel-withdraws-from-lebanon-before-november,israel-withdraws-from-lebanon-before-november,0
196,will-israel-strike-iran-on-monday-or-earlier,israel-military-response-against-iran-when-oct-14-20,0
197,will-israel-strike-iran-on-tuesday-oct-15,israel-military-response-against-iran-when-oct-14-20,0
198,will-israel-strike-iran-on-wednesday-oct-16,israel-military-response-against-iran-when-oct-14-20,0
199,will-israel-strike-iran-on-thursday-oct-17,israel-military-response-against-iran-when-oct-14-20,0
200,will-israel-strike-iran-on-friday-oct-18,israel-military-response-against-iran-when-oct-14-20,0
201,will-israel-strike-iran-on-saturday-oct-19,israel-military-response-against-iran-when-oct-14-20,0
202,will-israel-strike-iran-on-sunday-oct-20,israel-military-response-against-iran-when-oct-14-20,0
203,no-israel-strike-iran-by-sunday-oct-20,israel-military-response-against-iran-when-oct-14-20,0
204,israel-military-action-against-iraq-before-november,israel-military-action-against-iraq-before-november,0
205,us-arms-embargo-on-israel-in-2024,us-arms-embargo-on-israel-in-2024,0
206,israel-military-response-against-iran-by-friday-oct-25,israel-military-response-against-iran-by-friday-oct-25,0
207,will-israel-strike-iran-on-monday-or-earlier-Oct-21,israel-military-response-against-iran-when-oct-20-27,0
208,will-israel-strike-iran-on-tuesday-oct-22,israel-military-response-against-iran-when-oct-20-27,0
209,will-israel-strike-iran-on-wednesday-oct-23,israel-military-response-against-iran-when-oct-20-27,0
210,will-israel-strike-iran-on-thursday-oct-24,israel-military-response-against-iran-when-oct-20-27,0
211,will-israel-strike-iran-on-friday-oct-25,israel-military-response-against-iran-when-oct-20-27,0
212,will-israel-strike-iran-on-saturday-oct-26,israel-military-response-against-iran-when-oct-20-27,0
213,will-israel-strike-iran-on-sunday-oct-27,israel-military-response-against-iran-when-oct-20-27,0
214,no-israel-strike-iran-on-by-sunday-oct-27,israel-military-response-against-iran-when-oct-20-27,0
215,israel-x-iran-peace-deal-in-2024,israel-x-iran-peace-deal-in-2024,0
216,us-military-action-against-iran-in-2024,us-military-action-against-iran-in-2024,0
217,us-military-action-against-yemen-in-2024,us-military-action-against-yemen-in-2024,0
218,us-evacuates-beirut-embassy-2024,us-evacuates-beirut-embassy-2024,0
219,israel-withdraws-from-lebanon-before-december,israel-withdraws-from-lebanon-before-december,0
220,netanyahu-out-in-2024,netanyahu-out-in-2024,0
221,another-iran-strike-on-israel-in-2024,another-iran-strike-on-israel-in-2024,0
222,another-israeli-military-action-against-iran-in-2024,another-israeli-military-action-against-iran-in-2024,0
223,another-israeli-military-action-against-iran-before-the-election,another-israeli-military-action-against-iran-before-the-election,0
225,iran-strike-on-israel-by-nov-8,iran-strike-on-israel-by-nov-8,0
226,israel-military-response-against-iran-in-november,israel-military-response-against-iran-in-november,0
227,iran-strike-on-israel-on-nov-5,iran-strike-on-israel-on-nov-5,0
228,israel-strikes-iranian-oil-in-2024,israel-strikes-iranian-oil-in-2024,0
229,iran-strike-on-israel-by-nov-15,iran-strike-on-israel-by-nov-15,0
230,will-trump-nominate-peter-deutsch-for-israeli-ambassador,who-will-trump-nominate-for-israeli-ambassador,0
231,will-trump-nominate-miriam-adelson-for-israeli-ambassador,who-will-trump-nominate-for-israeli-ambassador,0
232,will-trump-nominate-howard-lutnick-for-israeli-ambassador,who-will-trump-nominate-for-israeli-ambassador,0
233,will-trump-nominate-andrew-wheeler-for-israeli-ambassador,who-will-trump-nominate-for-israeli-ambassador,0
234,israel-action-against-iraq-before-december,israel-action-against-iraq-before-december,0
235,will-mike-huckabee-be-confirmed-as-ambassador-to-israel,which-trump-picks-will-be-confirmed,0
236,will-trump-nominate-person-a-for-israeli-ambassador,who-will-trump-nominate-for-israeli-ambassador,0
237,will-trump-nominate-person-b-for-israeli-ambassador,who-will-trump-nominate-for-israeli-ambassador,0
238,will-trump-nominate-person-c-for-israeli-ambassador,who-will-trump-nominate-for-israeli-ambassador,0
239,will-trump-nominate-another-person-for-israeli-ambassador,who-will-trump-nominate-for-israeli-ambassador,0
240,will-assad-remain-president-of-syria-through-2024,will-assad-remain-president-of-syria-through-2024,0
241,icc-arrest-warrant-for-netanyahu-before-inauguration,icc-arrest-warrant-for-netanyahu-before-inauguration,0
242,benjamin-netanyahu-arrested-in-2024,benjamin-netanyahu-arrested-in-2024,0
243,will-icc-withdraw-its-arrest-warrant-against-netanyahu-before-july,will-icc-withdraw-its-arrest-warrant-against-netanyahu-before-july,0
244,assad-out-as-president-of-syria-by-march-31-2025,assad-out-as-president-of-syria-by-march-31-2025,0
245,will-russia-abandon-syrian-naval-base-before-april-2025,will-russia-abandon-syrian-naval-base-before-april-2025,0
246,will-russia-pull-out-of-syria,will-russia-pull-out-of-syria,0
247,khamenei-out-as-supreme-leader-of-iran-by-june-30,khamenei-out-as-supreme-leader-of-iran-by-june-30,0
248,will-the-us-abandon-syrian-base-before-april-2025,will-the-us-abandon-syrian-base-before-april-2025,0
249,assad-leaves-syria-before-2025,assad-leaves-syria-before-2025,0
250,will-syria-hold-national-elections-by-january-31,will-syria-hold-national-elections-by-january-31,0
251,will-russia-abandon-syrian-naval-base-before-2025,will-russia-abandon-syrian-naval-base-before-2025,0
252,will-syria-hold-national-elections-before-july,will-syria-hold-national-elections-before-july,0
253,us-recognizes-syrian-government-in-2024,us-recognizes-syrian-government-in-2024,0
254,will-the-us-recognize-syrian-government-by-march-31,who-will-recognize-syrian-government-by-march-31,0
255,will-russia-recognize-syrian-government-by-march-31,who-will-recognize-syrian-government-by-march-31,0
256,will-an-eu-nation-recognize-syrian-government-by-march-31,who-will-recognize-syrian-government-by-march-31,0
257,will-trkiye-recognize-syrian-government-by-march-31,who-will-recognize-syrian-government-by-march-31,0
258,will-saudi-arabia-recognize-syrian-government-by-march-31,who-will-recognize-syrian-government-by-march-31,0
259,netanyahu-out-before-april,netanyahu-out-before-april,0
260,israel-and-saudi-arabia-normalize-relations-before-may,israel-and-saudi-arabia-normalize-relations-before-may,0
261,will-netanyahu-visit-egypt-in-2024,will-netanyahu-visit-egypt-in-2024,0
262,will-netanyahu-meet-with-mbs-before-july,will-netanyahu-meet-with-mbs-before-july,0
263,khamenei-out-as-supreme-leader-of-iran-in-2025,khamenei-out-as-supreme-leader-of-iran-in-2025,0
264,netanyahu-out-in-2025-492,netanyahu-out-in-2025,0
265,will-erdogan-visit-syria-by-january,will-erdogan-visit-syria-by-january,0
266,will-benjamin-netanyahu-attend-presidential-inauguration,who-will-attend-trump-inauguration,0
267,will-russia-abandon-syrian-naval-base-before-april,will-russia-abandon-syrian-naval-base-before-april,0
268,israel-x-egypt-sever-diplomatic-relations-before-february,israel-x-egypt-sever-diplomatic-relations-before-february,0
269,israel-parliament-dissolves-by-jan-31,israel-parliament-dissolves-by,0
270,israel-parliament-dissolves-by-march-31,israel-parliament-dissolves-by,0
271,netanyahu-attends-auschwitz-commemoration-in-poland,netanyahu-attends-auschwitz-commemoration-in-poland,0
272,israel-announces-ceasefire-by-thursday,israel-announces-ceasefire-by-thursday,0
273,israel-withdraws-from-lebanon-before-february,israel-withdraws-from-lebanon-before-february,0
274,israel-withdraws-from-syria-before-april,israel-withdraws-from-syria-before-april,0
275,will-israel-annex-syrian-territory-before-july,will-israel-annex-syrian-territory-before-july,0
276,will-israel-annex-lebanese-territory-before-july,will-israel-annex-lebanese-territory-before-july,0
277,will-israel-withdraw-from-philadelphi-corridor-by-march-8,will-israel-withdraw-from-philadelphi-corridor-by-march-8,0
278,israel-announces-ceasefire-by-tomorrow,israel-announces-ceasefire-by-tomorrow,0
279,israel-announces-ceasefire-by-sunday,israel-announces-ceasefire-by-sunday,0
280,which-countries-will-donald-trump-visit-in-2025-will-donald-trump-visit-israel-in-2025,which-countries-will-donald-trump-visit-in-2025,0
281,will-iran-close-the-strait-of-hormuz-in-2025,will-iran-close-the-strait-of-hormuz-in-2025,0
282,will-trump-meet-with-benjamin-netanyahu-in-his-first-100-days,who-will-trump-meet-with-in-first-100-days,0
283,will-trump-meet-with-ali-khamenei-in-his-first-100-days,who-will-trump-meet-with-in-first-100-days,0
284,israel-withdraws-from-lebanon-before-march,israel-withdraws-from-lebanon-before-march,0
285,israel-and-saudi-arabia-normalize-relations-in-2025,israel-and-saudi-arabia-normalize-relations-in-2025,0
286,will-trump-meet-with-benjamin-netanyahu-by-next-friday,will-trump-meet-with-benjamin-netanyahu-by-next-friday,0
287,iran-nuke-in-2025,iran-nuke-in-2025,0
288,us-x-iran-nuclear-deal-in-2025,us-x-iran-nuclear-deal-in-2025,0
289,will-trump-announce-withdrawal-from-syria-in-first-100-days-2025,will-trump-announce-withdrawal-from-syria-in-first-100-days-2025,0
290,us-withdraws-from-syria-before-july,us-withdraws-from-syria-before-july,0
291,will-the-us-abandon-syrian-base-before-august,will-the-us-abandon-syrian-base-before-august,0
292,israel-x-egypt-sever-diplomatic-relations-before-july,israel-x-egypt-sever-diplomatic-relations-before-july,0
293,israel-withdraws-from-lebanon-before-july,israel-withdraws-from-lebanon-before-july,0
294,will-trump-meet-with-ali-khamenei-in-2025,who-will-trump-meet-with-in-2025,0
295,israel-withdraws-from-syria-before-july,israel-withdraws-from-syria-before-july,0
296,will-iran-enrich-uranium-to-90-before-june,will-iran-enrich-uranium-to-90-before-june,0
297,will-benjamin-netanyahu-be-the-first-leader-out-in-2025,first-leader-out-of-power-in-2025,0
298,will-ali-khamenei-be-the-first-leader-out-in-2025,first-leader-out-of-power-in-2025,0
299,houthis-agree-to-stop-attacks-shipping-before-may,houthis-agree-to-stop-attacks-shipping-before-may,0
300,will-suez-canal-traffic-recover-to-pre-houthi-levels-before-july,will-suez-canal-traffic-recover-to-pre-houthi-levels-before-july,0
301,us-forces-in-yemen-in-2025,us-forces-in-yemen-in-2025,0
302,houthis-successfully-attack-shipping-in-march,houthis-successfully-attack-shipping-in-march,0
303,israeli-military-action-against-iran-by-friday,israeli-military-action-against-iran-by-friday,0
304,israel-military-action-against-iran-in-march,israel-military-action-against-iran-in-march,0
306,fact-check-did-the-us-hit-iranian-spy-ship,fact-check-did-the-us-hit-iranian-spy-ship,0
307,israel-military-action-against-iranian-nuclear-facility-in-march,israel-military-action-against-iranian-nuclear-facility-in-march,0
308,israel-retaliates-against-houthis-in-march,israel-retaliates-against-houthis-in-march,0
309,israel-retaliates-against-houthis-by-friday,israel-retaliates-against-houthis-by-friday,0
310,israel-military-action-against-iran-before-july,israel-military-action-against-iran-before-july,0
312,israel-retaliates-against-houthis-before-may,israel-retaliates-against-houthis-before-may,0
313,us-military-action-against-iran-in-april,us-military-action-against-iran-in-april,0
314,israel-x-turkey-military-clash-by,israel-x-turkey-military-clash-by,0
315,israel-military-action-against-iran-in-april,israel-military-action-against-iran-in-april,0
316,will-trump-lower-tariffs-on-israel-next,which-country-will-trump-lower-tariffs-on-first,0
317,will-israel-counter-tariff-the-us-in-april,which-countries-will-counter-tariff-the-us,0
318,will-trump-reduce-or-pause-tariffs-on-syria-in-april,which-countries-will-trump-reduce-tariffs-on-in-april,0
319,turkish-airbase-in-syria-before-may,turkish-airbase-in-syria-before-may,0
320,houthis-agree-to-end-attacks-on-shipping-before-july,houthis-agree-to-end-attacks-on-shipping-before-july,0
321,houthis-agree-to-end-attacks-on-shipping-before-june,houthis-agree-to-end-attacks-on-shipping-before-june,0
322,will-the-us-agree-to-a-trade-deal-with-israel-before-july,which-countries-will-the-us-agree-to-trade-deals-with-before-july,0
323,us-iran-nuclear-deal-before-july,us-iran-nuclear-deal-before-july,0
324,will-trump-announce-withdrawal-from-syria-before-july,will-trump-announce-withdrawal-from-syria-before-july,0
325,us-withdraws-from-syria-in-2025,us-withdraws-from-syria-in-2025,0
326,israel-military-action-against-iran-before-june,israel-military-action-against-iran-before-june,0
327,israel-military-action-on-yemen-before-june,israel-military-action-on-yemen-before-june,0
328,israel-military-action-on-yemen-by-friday,israel-military-action-on-yemen-by-friday,0
329,another-israel-military-action-on-yemen-by-friday,another-israel-military-action-on-yemen-by-friday,0
330,another-israel-military-action-on-yemen-by-friday-may-9,another-israel-military-action-on-yemen-by-friday-may-9,0
332,us-military-action-on-yemen-by-friday-may-9,us-military-action-on-yemen-by-friday-may-9,0
333,will-trump-visit-israel-in-may,will-trump-visit-israel-in-may,0
334,will-trump-meet-with-netanyahu-before-june,will-trump-meet-with-netanyahu-before-june,0
335,will-donald-trump-publicly-disparage-benjamin-netanyahu-before-june,will-donald-trump-publicly-disparage-benjamin-netanyahu-before-june,0
336,israel-parliament-dissolved-in-2025,israel-parliament-dissolved-in-2025,0
337,another-israel-military-action-on-yemen-in-may,another-israel-military-action-on-yemen-in-may,0
338,another-houthi-strike-on-israel-in-may,another-houthi-strike-on-israel-in-may,0
339,will-trump-recognize-syrian-government-before-august,will-trump-recognize-syrian-government-before-august,0
340,another-israel-military-action-on-yemen-by-friday-468,another-israel-military-action-on-yemen-by-friday-468,0
341,another-israel-military-action-on-yemen-by-friday-may-23,another-israel-military-action-on-yemen-by-friday-may-23,0
342,will-israel-strike-an-iranian-nuclear-facility-before-july,will-israel-strike-an-iranian-nuclear-facility-before-july,0
343,will-israel-strike-an-iranian-nuclear-facility-in-may,will-israel-strike-an-iranian-nuclear-facility-in-may,0
344,israel-military-action-on-yemen-before-june-519,israel-military-action-on-yemen-before-june-519,0
345,will-trump-meet-with-netanyahu-before-july,will-trump-meet-with-netanyahu-before-july,0
346,another-houthi-strike-on-israel-before-july,houthi-strike-on-israel-before-july,0
348,another-israel-military-action-on-yemen-before-july,another-israel-military-action-on-yemen-before-july,0
349,another-israel-military-action-on-yemen-in-may-721,another-israel-military-action-on-yemen-in-may-721,0
350,israel-and-lebanon-normalize-relations-in-2025,israel-and-lebanon-normalize-relations-in-2025,0
351,israel-military-action-against-iran-before-2026,israel-military-action-against-iran-before-2026,0
352,israel-and-syria-normalize-relations-in-2025,israel-and-syria-normalize-relations-in-2025,0
353,will-israel-raid-greta-thunbergs-ship-by-monday,will-israel-raid-greta-thunbergs-ship-by-monday,0
354,us-iran-nuclear-deal-before-august,us-iran-nuclear-deal-before-august,0
355,another-israel-military-action-on-yemen-before-july-476,another-israel-military-action-on-yemen-before-july-476,0
356,iran-strike-on-israel-in-june,iran-strike-on-israel-in-june,0
357,israel-military-action-against-iran-before-august,israel-military-action-against-iran-before-august,0
358,us-military-action-against-iran-before-august,us-military-action-against-iran-before-august,0
359,israel-military-action-against-iran-by-friday-477,israel-military-action-against-iran-by-friday-477,0
360,israel-strikes-iranian-oil-in-june,israel-strikes-iranian-oil-in-june,0
361,israel-military-action-against-iraq-by-friday-148,israel-military-action-against-iraq-by-friday-148,0
362,trump-exits-iran-nucelar-negotiations-before-july,trump-exits-iran-nucelar-negotiations-before-july,0
363,israel-strike-on-tehran-before-july,israel-strike-on-tehran-before-july,0
364,major-cyberattack-on-iran-in-june,major-cyberattack-on-iran-in-june,0
365,will-iran-enrich-uranium-to-90-before-august,will-iran-enrich-uranium-to-90-before-august,0
366,iran-behind-june-12-internet-outages,iran-behind-june-12-internet-outages,0
367,israel-military-action-against-iran-by-monday,israel-military-action-against-iran-by-monday,0
368,iran-strike-on-israel-by-monday,iran-strike-on-israel-by-monday,0
369,iran-strike-on-israel-by-friday,iran-strike-on-israel-by-friday,0
370,will-iran-strike-gulf-oil-facilities-before-july,will-iran-strike-gulf-oil-facilities-before-july,0
371,will-iran-declare-war-on-israel-by-friday,will-iran-declare-war-on-israel-by-friday,0
372,israel-military-action-against-iran-in-july,israel-military-action-against-iran-in-july,0
373,israel-announces-end-of-military-operations-against-iran-by-next-friday,israel-announces-end-of-military-operations-against-iran-by-next-friday,0
374,will-the-united-states-officially-declare-war-on-iran-before-july,will-the-united-states-officially-declare-war-on-iran-before-july,0
375,iran-x-israel-conflict-ends-by-next-friday,iran-x-israel-conflict-ends-by-next-friday,0
376,will-israel-declare-war-on-iran-by-next-friday,will-israel-declare-war-on-iran-by-next-friday,0
377,israel-strike-on-iran-on-june-18-386-281,israel-strike-on-iran-on,0
378,israel-strike-on-iran-on-june-19-749-362,israel-strike-on-iran-on,0
379,israel-strike-on-iran-on-june-14-386-324,israel-strike-on-iran-on,0
380,israel-strike-on-iran-on-june-17-375-678,israel-strike-on-iran-on,0
381,israel-strike-on-iran-on-june-20-844-618,israel-strike-on-iran-on,0
382,israel-strike-on-iran-on-june-15-494-312,israel-strike-on-iran-on,0
383,israel-strike-on-iran-on-june-16-317-587,israel-strike-on-iran-on,0
384,iran-ballistic-missile-strike-on-israel-by-friday,iran-ballistic-missile-strike-on-israel-by-friday,0
385,strike-on-israels-dimonah-nuclear-base-in-june,strike-on-israels-dimonah-nuclear-base-in-june,0
386,will-reza-pahlavi-enter-iran-before-september,will-reza-pahlavi-enter-iran-before-september,0
387,us-recognizes-reza-pahlavi-as-leader-of-iran-before-august,us-recognizes-reza-pahlavi-as-leader-of-iran-before-august,0
388,iranian-coup-attempt-before-july,iranian-coup-attempt-before-july,0
389,iran-nuclear-test-in-2025,iran-nuclear-test-in-2025,0
390,israel-x-iran-ceasefire-by-friday,israel-x-iran-ceasefire-by-friday,0
391,israel-x-iran-ceasefire-before-july,israel-x-iran-ceasefire-before-july,0
392,fordow-nuclear-facility-destroyed-before-july,fordow-nuclear-facility-destroyed-before-july,0
393,trump-blames-biden-for-iran-israel-escalation-by-friday,trump-blames-biden-for-iran-israel-escalation-by-friday,0
394,israel-confirms-it-has-nuclear-weapons-in-2025,israel-confirms-it-has-nuclear-weapons-in-2025,0
395,us-x-iran-nuclear-talks-resume-before-july,us-x-iran-nuclear-talks-resume-before-july,0
396,iran-agrees-to-end-enrichment-of-uranium-before-august,iran-agrees-to-end-enrichment-of-uranium-before-august,0
397,israel-announces-end-of-military-operations-against-iran-before-july,israel-announces-end-of-military-operations-against-iran-before-july,0
398,will-iran-declare-war-on-israel-before-july,will-iran-declare-war-on-israel-before-july,0
399,will-iran-close-the-strait-of-hormuz-before-july,will-iran-close-the-strait-of-hormuz-before-july,0
400,khamenei-out-as-supreme-leader-of-iran-by-friday,khamenei-out-as-supreme-leader-of-iran-by-friday,0
401,iran-x-israel-conflict-ends-before-july,iran-x-israel-conflict-ends-before-july,0
402,will-khamenei-leave-iran-before-july,will-khamenei-leave-iran-before-july,0
403,israel-x-iran-ceasefire-before-july-15,israel-x-iran-ceasefire-before-july-15,0
404,will-israels-ben-gurion-airport-reopen-before-july,will-israels-ben-gurion-airport-reopen-before-july,0
405,will-the-iranian-regime-fall-in-2025,will-the-iranian-regime-fall-in-2025,0
406,will-the-iranian-regime-fall-before-july,will-the-iranian-regime-fall-before-july,0
407,will-iranian-officials-visit-the-white-house-in-june,will-iranian-officials-visit-the-white-house-in-june,0
408,us-x-iran-nuclear-talks-resume-by-friday,us-x-iran-nuclear-talks-resume-by-friday,0
409,will-trump-meet-with-khamenei-before-august,will-trump-meet-with-khamenei-before-august,0
410,trump-x-khamenei-talk-before-july,trump-x-khamenei-talk-before-july,0
411,us-military-action-against-iran-by-friday,us-military-action-against-iran-by-friday,0
412,will-the-us-invade-iran-in-2025,will-the-us-invade-iran-in-2025,0
414,will-the-us-strike-fordow-nuclear-facility-before-july,will-the-us-strike-fordow-nuclear-facility-before-july,0
415,us-forces-in-iran-before-august,us-forces-in-iran-before-august,0
416,will-trump-announce-military-actions-against-iran-by-friday,will-trump-announce-military-actions-against-iran-by-friday,0
417,us-military-action-against-iran-by-thursday,us-military-action-against-iran-by-thursday,0
418,us-refuels-israeli-jets-for-strikes-on-iran-before-july,us-refuels-israeli-jets-for-strikes-on-iran-before-july,0
419,will-israel-invade-iran-before-july-818,will-israel-invade-iran-before-july-818,0
420,khamenei-out-as-supreme-leader-of-iran-by-july-31,khamenei-out-as-supreme-leader-of-iran-by-july-31,0
421,uk-strike-on-iran-before-july,uk-strike-on-iran-before-july,0
422,will-the-iranian-regime-survive-us-military-strikes,will-the-iranian-regime-survive-us-military-strikes,0
423,will-israel-declare-war-on-iran-before-july-989,will-israel-declare-war-on-iran-before-july-989,0
424,khamenei-seen-in-public-in-june,khamenei-seen-in-public-in-june,0
425,israel-strike-on-iran-on-june-21,israel-strike-on-iran-on,0
426,israel-strike-on-iran-on-june-22,israel-strike-on-iran-on,0
427,israel-strike-on-iran-on-june-22-884,israel-strike-on-iran-on,0
428,israel-strike-on-iran-on-june-24,israel-strike-on-iran-on,0
429,israel-strike-on-iran-on-june-25,israel-strike-on-iran-on,0
430,israel-strike-on-iran-on-june-26,israel-strike-on-iran-on,0
431,israel-strike-on-iran-on-june-28,israel-strike-on-iran-on,0
432,israel-strike-on-iran-on-june-27,israel-strike-on-iran-on,0
433,israel-strike-on-iran-on-june-29,israel-strike-on-iran-on,0
434,israel-strike-on-iran-on-june-30,israel-strike-on-iran-on,0
435,us-military-action-against-iran-by-saturday,us-military-action-against-iran-by-saturday,0
436,us-military-action-against-iran-by-monday-177,us-military-action-against-iran-by-monday-177,0
437,us-military-action-against-iran-by-sunday-225,us-military-action-against-iran-by-sunday-225,0
438,will-trump-announce-military-action-against-iran-before-july,will-trump-announce-military-action-against-iran-before-july,0
439,israeli-ground-operation-against-fordow-before-august,israeli-ground-operation-against-fordow-before-august,0
440,will-iran-strike-a-us-facility-by-sunday-june-22,iran-military-response-by,0
441,will-iran-strike-a-us-facility-by-monday-june-23,iran-military-response-by,0
442,will-iran-strike-a-us-facility-by-friday-june-27,iran-military-response-by,0
443,will-iran-strike-a-us-facility-by-monday-june-30,iran-military-response-by,0
444,another-us-strike-fordow-nuclear-facility-before-july,another-us-strike-fordow-nuclear-facility-before-july,0
445,another-us-military-action-against-iran-by-sunday,another-us-military-action-against-iran-by-sunday,0
446,another-us-military-action-against-iran-by-monday,another-us-military-action-against-iran-by-monday,0
447,us-strike-on-iran-on-june-23,us-strikes-iran-on-526,0
448,us-strike-on-iran-on-june-30,us-strikes-iran-on-526,0
449,us-strike-on-iran-on-june-29,us-strikes-iran-on-526,0
450,us-strike-on-iran-on-june-25,us-strikes-iran-on-526,0
451,us-strike-on-iran-on-june-26,us-strikes-iran-on-526,0
452,us-strike-on-iran-on-june-22,us-strikes-iran-on-526,0
453,us-strike-on-iran-on-june-27,us-strikes-iran-on-526,0
454,us-strike-on-iran-on-june-28,us-strikes-iran-on-526,0
455,us-strike-on-iran-on-june-24,us-strikes-iran-on-526,0
456,another-us-military-action-against-iran-by-june-30,another-us-military-action-against-iran-by-june-30,0
457,will-the-us-officially-declare-war-on-iran-before-august,will-the-us-officially-declare-war-on-iran-before-august,0
458,will-the-us-officially-declare-war-on-iran-in-2025,will-the-us-officially-declare-war-on-iran-in-2025,0
459,us-forces-in-iran-in-2025,us-forces-in-iran-in-2025,0
460,will-iran-strike-gulf-oil-facilities-before-september,will-iran-strike-gulf-oil-facilities-before-september,0
461,trump-announces-end-of-military-operations-against-iran-before-july,trump-announces-end-of-military-operations-against-iran-before-july,0
462,us-x-iran-ceasefire-before-july,us-x-iran-ceasefire-before-july,0
463,us-x-iran-ceasefire-before-august,us-x-iran-ceasefire-before-august,0
464,iran-strike-on-qatar-today,iran-strike-on-qatar-today,0
465,another-us-military-action-against-iran-by-tuesday,another-us-military-action-against-iran-by-tuesday,0
466,another-us-military-action-against-iran-by-wednesday,another-us-military-action-against-iran-by-wednesday,0
467,another-us-military-action-against-iran-by-friday,another-us-military-action-against-iran-by-friday,0
468,will-trump-declare-war-on-iran-by-friday,will-trump-declare-war-on-iran-by-friday,0
469,congress-authorizes-military-force-against-iran-before-july,congress-authorizes-military-force-against-iran-before-july,0
470,congress-authorizes-military-force-against-iran-in-2025,congress-authorizes-military-force-against-iran-in-2025,0
471,congress-authorizes-military-force-against-iran-before-august,congress-authorizes-military-force-against-iran-before-august,0
472,will-trump-declare-war-on-iran-before-august,will-trump-declare-war-on-iran-before-august,0
473,qatar-military-action-against-iran-by-friday,qatar-military-action-against-iran-by-friday,0
474,trump-announces-end-of-military-operations-against-iran-by-july-15,trump-announces-end-of-military-operations-against-iran-by-july-15,0
475,will-iran-withdraw-from-the-npt-before-august,will-iran-withdraw-from-the-npt-before-august,0
476,israel-x-iran-ceasefire-broken-by-july-11,israel-x-iran-ceasefire-broken-by,0
477,israel-x-iran-ceasefire-broken-by-june-27,israel-x-iran-ceasefire-broken-by,0
481,will-trump-visit-israel-before-august,will-trump-visit-israel-before-august,0
482,houthi-strike-on-israel-before-august,houthi-strike-on-israel-before-august,0
483,will-the-iranian-regime-fall-before-august,will-the-iranian-regime-fall-before-august,0
484,iranian-coup-attempt-before-august,iranian-coup-attempt-before-august,0
485,strike-on-israels-dimonah-nuclear-base-before-august,strike-on-israels-dimonah-nuclear-base-before-august,0
486,will-iranian-officials-visit-the-white-house-before-july,will-iranian-officials-visit-the-white-house-before-july,0
487,israel-strikes-iran-before-july,israel-strikes-iran-before-july,0
488,israel-strikes-iran-before-august,israel-strikes-iran-before-august,0
489,israel-strikes-iran-before-2026,israel-strikes-iran-before-2026,0
490,israel-x-syria-territorial-agreement-by-end-of-2025,israel-x-syria-territorial-agreement-by-end-of-2025,0
491,israeli-parliament-dissolve-by-end-of-july,israeli-parliament-dissolve-by-end-of-july,0
492,will-trump-meet-with-netanyahu-before-august,will-trump-meet-with-netanyahu-before-august,0
493,trump-x-khamenei-talk-in-2025,trump-x-khamenei-talk-in-2025,0
494,will-trump-announce-withdrawal-from-syria-before-october-842,will-trump-announce-withdrawal-from-syria-before-october-842,0
495,another-us-military-action-against-iran-before-2026,another-us-military-action-against-iran-before-2026,0
497,us-x-iran-nuclear-talks-resume-before-august,us-x-iran-nuclear-talks-resume-before-august,0
498,will-lebanon-join-the-abraham-accords-in-2025-554-616,which-country-will-join-abraham-accords-in-2025,0
499,will-syria-join-the-abraham-accords-in-2025-567-437,which-country-will-join-abraham-accords-in-2025,0
500,israel-x-iran-ceasefire-broken-by-august-31,israel-x-iran-ceasefire-broken-by,0
501,israel-x-iran-ceasefire-broken-by-july-31,israel-x-iran-ceasefire-broken-by,0
502,netanyahu-meeting-with-al-sharaa-by-august,netanyahu-meeting-with-al-sharaa-by-august,0
503,will-israel-strike-yemen-by-friday,will-israel-strike-yemen-by-friday,0
504,abed-al-malik-al-houthi-out-as-leader-of-the-houthi-government-by-august,abed-al-malik-al-houthi-out-as-leader-of-the-houthi-government-by-august,0
505,israel-withdraws-from-syria-before-ocotober,israel-withdraws-from-syria-before-ocotober,0
506,will-trump-agree-to-a-tariff-agreement-with-israel-in-july,which-countries-will-the-us-agree-to-tariff-agreements-with-before-august,0
507,will-suez-canal-traffic-recover-to-pre-houthi-levels-before-september,will-suez-canal-traffic-recover-to-pre-houthi-levels-before-september,0
509,iranian-hackers-release-trump-emails-by-next-friday,iranian-hackers-release-trump-emails-by-next-friday,0
510,us-iran-nuclear-deal-before-september,us-iran-nuclear-deal-before-september,0
511,israel-strikes-iran-before-september-141,israel-strikes-iran-before-september-141,0
512,israel-strikes-yemen-by-friday,israel-strikes-yemen-by-friday,0
513,israel-strikes-yemen-by-monday,israel-strikes-yemen-by-monday,0
514,another-successful-houthis-attack-shipping-in-july,another-successful-houthis-attack-shipping-in-july,0
515,another-israel-strike-on-yemen-in-july,another-israel-strike-on-yemen-in-july,0
516,another-israel-strike-on-yemen-by-friday,another-israel-strike-on-yemen-by-friday,0
517,israel-strikes-on-yemen-by-friday,israel-strikes-on-yemen-by-friday,0
518,will-israeli-soldiers-enter-as-suwayda-province-of-syria-before-september-2025,will-israeli-soldiers-enter-as-suwayda-province-of-syria-before-september-2025,0
519,ahmed-al-sharaa-out-as-leader-of-syria-in-2025,ahmed-al-sharaa-out-as-leader-of-syria-in-2025,0
520,ahmed-al-sharaa-out-as-leader-of-syria-by-august-31,ahmed-al-sharaa-out-as-leader-of-syria-by-august-31,0
521,will-israeli-troops-enter-damascus-by-october-31,will-israeli-troops-enter-damascus-by-october-31,0
522,israel-strike-on-damascus-by-july-31,israel-strike-on-damascus-by-july-31,0
523,us-x-iran-nuclear-talks-resume-by-august-31,us-x-iran-nuclear-talks-resume-by-august-31,0
524,another-israel-strike-on-damascus-by-july-31,another-israel-strike-on-damascus-by-july-31,0
525,syria-strikes-israel-before-by-friday,syria-strikes-israel-before-by-friday,0
526,will-israel-strike-syria-on-july-17,israel-strikes-syria-on,0
527,will-israel-strike-syria-on-july-19,israel-strikes-syria-on,0
528,will-israel-strike-syria-on-july-20,israel-strikes-syria-on,0
529,will-israel-strike-syria-on-july-22,israel-strikes-syria-on,0
530,will-israel-strike-syria-on-july-18,israel-strikes-syria-on,0
531,will-israel-strike-syria-on-july-21,israel-strikes-syria-on,0
532,will-israel-strike-syria-on-july-23,israel-strikes-syria-on,0
534,will-israeli-troops-enter-suwayda-in-2025,will-israeli-troops-enter-suwayda-in-2025,0
535,netanyahu-out-by-august-31,netanyahu-out-by-august-31,0
536,israel-withdraws-from-syria-in-2025,israel-withdraws-from-syria-in-2025,0
537,israel-strike-on-damascus-by-august-31,israel-strike-on-damascus-by-august-31,0
538,another-israel-strike-on-yemen-by-friday-758,another-israel-strike-on-yemen-by-friday-758,0
539,israel-strikes-syria-by-july-31,israel-strikes-syria-by-july-31,0
540,another-israel-strike-on-yemen-by-july-31,another-israel-strike-on-yemen-by-july-31,0
542,israel-strikes-syria-by-friday,israel-strikes-syria-by-friday,0
543,will-hezbollah-to-disarm-before-in-2025,will-hezbollah-to-disarm-before-in-2025,0
544,will-israel-annex-any-territory-by-december-31,will-israel-annex-any-territory-by-december-31,0
546,houthi-strike-on-israel-by-august-31,houthi-strike-on-israel-by-august-31,0
548,israel-x-iran-ceasefire-broken-by-december-31-374,israel-x-iran-ceasefire-broken-by,0
549,israel-x-iran-ceasefire-broken-by-october-31-879,israel-x-iran-ceasefire-broken-by,0
550,will-netanyahu-meet-with-ahmed-al-sharaa-in-2025-342,will-netanyahu-meet-with-ahmed-al-sharaa-in-2025,0
551,will-iran-withdraw-from-the-npt-in-2025,will-iran-withdraw-from-the-npt-in-2025,0
552,another-successful-houthi-attack-on-shipping-by-august-31,another-successful-houthi-attack-on-shipping-by-august-31,0
553,israeli-parliament-dissolved-by-august-31,israeli-parliament-dissolved-by-august-31,0
556,us-agrees-to-a-new-trade-deal-with-israel,which-countries-will-the-us-agree-to-new-trade-deals-with-in-2025,0
557,israel-strikes-yemen-by-august-31,israel-strikes-yemen-by-august-31,0
558,israel-strikes-yemen-by-august-15,israel-strikes-yemen-by-august-15,0
559,will-trump-talk-to-benjamin-netanyahu-in-august,who-will-trump-talk-to-in-august,0
560,will-trump-meet-with-benjamin-netanyahu-in-august,who-will-trump-meet-with-in-august,0
561,will-trump-agree-to-a-tariff-agreement-with-israel-in-august,which-countries-will-the-us-agree-to-tariff-agreements-with-in-august,0
562,chief-of-the-general-staff-of-the-idf-eyal-zamir-out-by-december-31-2025,chief-of-the-general-staff-of-the-idf-eyal-zamir-out-by-december-31-2025,0
563,lebanon-coup-attempt-by-december-31,lebanon-coup-attempt-by-december-31,0
564,will-israel-carry-out-an-airstrike-on-the-west-bank-by-september-30,will-israel-carry-out-an-airstrike-on-the-west-bank-by-september-30,0
565,eu-sanctions-on-iran-by-september-30,eu-sanctions-on-iran-by-september-30,0
566,israel-strikes-yemen-by-august-22-584,israel-strikes-yemen-by-august-22-584,0
567,israel-strikes-yemen-by-august-22,israel-strikes-yemen-by-august-22,0
568,will-israel-extradite-tom-alexandrovich-to-the-us-by-september-30,will-israel-extradite-tom-alexandrovich-to-the-us-by-september-30,0
569,israel-strikes-yemen-again-by-august-31,israel-strikes-yemen-again-by-august-31,0
570,another-houthi-strike-on-israel-by-august-31,another-houthi-strike-on-israel-by-august-31,0
571,israel-strikes-yemen-again-by-september-15,israel-strikes-yemen-again-by-september-15,0
572,another-houthi-strike-on-israel-by-september-15,another-houthi-strike-on-israel-by-september-15,0
573,us-x-iran-nuclear-talks-resume-by-december-31,us-x-iran-nuclear-talks-resume-by-december-31,0
575,israel-x-iran-ceasefire-broken-by-september-30,israel-x-iran-ceasefire-broken-by,0
576,will-netanyahu-meet-with-ahmed-al-sharaa-by-september-30,will-netanyahu-meet-with-ahmed-al-sharaa-in-2025,0
577,israel-x-syria-security-agreement-by-september-30,israel-x-syria-security-agreement-by-september-30,0
578,israel-strikes-iran-by-september-30,israel-strikes-iran-by-september-30,0
579,israel-strikes-iran-by-october-31,israel-strikes-iran-by-october-31,0
580,will-trump-agree-to-a-tariff-agreement-with-israel-in-september,which-countries-will-the-us-agree-to-tariff-agreements-with-in-september,0
581,will-trump-talk-to-benjamin-netanyahu-in-september,who-will-trump-talk-to-in-september,0
582,will-trump-meet-with-benjamin-netanyahu-in-september,who-will-trump-meet-with-in-september,0
583,netanyahu-out-by-september-30-243,netanyahu-out-in-2025,0
584,israel-strike-on-damascus-by-setpember-15,israel-strike-on-damascus-by-setpember-15,0
585,israel-strikes-syria-by-august-31-616,israel-strikes-syria-by-august-31-616,0
586,will-israel-strike-syria-on-monday-september-1,israel-strikes-syria-on-683,0
587,will-israel-strike-syria-on-friday-august-29,israel-strikes-syria-on-683,0
588,will-israel-strike-syria-on-sunday-august-31,israel-strikes-syria-on-683,0
589,will-israel-strike-syria-on-saturday-august-30,israel-strikes-syria-on-683,0
590,will-israel-strike-syria-on-tuesday-september-2,israel-strikes-syria-on-683,0
592,israel-strike-on-yemen-by-september-5,israel-strike-on-yemen-by-september-5,0
593,israel-strike-on-yemen-by-september-30,israel-strike-on-yemen-by-september-30,0
594,will-israel-annex-west-bank-territory-in-2025,will-israel-annex-west-bank-territory-in-2025,0
595,israel-strike-on-damascus-by-september-30,israel-strike-on-damascus-by-september-30,0
596,abdul-malik-out-as-leader-of-houthis-by-september-30,abdul-malik-out-as-leader-of-houthis-by-september-30,0
597,successful-houthi-attack-on-shipping-by-september-30,successful-houthi-attack-on-shipping-by-september-30,0
598,will-israel-strike-syria-by-september-15,will-israel-strike-syria-by-september-15,0
599,israel-strike-on-yemen-by-september-15,israel-strike-on-yemen-by-september-15,0
600,eu-sanctions-on-israel-by-december-31,eu-sanctions-on-israel-by-december-31,0
601,israeli-parliament-dissolved-by-october-31,israeli-parliament-dissolved-by-october-31,0
603,will-israel-strike-iraq-by-october-31,will-israel-strike-iraq-by-october-31,0
604,israel-military-action-against-qatar-in-2025,israel-military-action-against-qatar-in-2025,0
605,will-israel-strike-yemen-on-september-10-et,israel-strike-on-yemen-on,0
606,will-israel-strike-yemen-on-september-9-et,israel-strike-on-yemen-on,0
607,will-israel-strike-yemen-on-september-12-et,israel-strike-on-yemen-on,0
608,will-israel-strike-yemen-on-september-11-et,israel-strike-on-yemen-on,0
609,will-israel-strike-yemen-on-september-14-et,israel-strike-on-yemen-on,0
610,will-israel-strike-yemen-on-september-13-et,israel-strike-on-yemen-on,0
611,will-israel-strike-yemen-on-september-15-et,israel-strike-on-yemen-on,0
612,will-israel-not-strike-yemen-between-september-8-15-et,israel-strike-on-yemen-on,0
613,houthi-strike-on-israel-by-september-15-787,houthi-strike-on-israel-by-334,0
614,houthi-strike-on-israel-by-september-30-774,houthi-strike-on-israel-by-334,0
615,another-israel-military-action-against-qatar-by-september-30,another-israel-military-action-against-qatar-by-september-30,0
617,hezbollah-strike-on-israel-by-september-15,hezbollah-strike-on-israel-by,0
618,will-israel-strike-syria-by-september-30,will-israel-strike-syria-by-september-15,0
619,israel-strike-on-gulf-state-by-september-30,israel-strike-on-gulf-state-by-september-30,0
620,qatar-strike-on-israel-by-september-30,qatar-strike-on-israel-by-september-30,0
621,will-israel-strike-turkey-by-september-30,will-israel-strike-turkey-by,0
622,will-israel-strike-turkey-by-december-31,will-israel-strike-turkey-by,0
623,fact-check-flotilla-hit-by-israeli-drone,fact-check-flotilla-hit-by-israeli-drone,0
624,fact-check-did-us-refuel-israeli-aircraft-in-the-qatar-strike,fact-check-did-us-refuel-israeli-aircraft-in-the-qatar-strike,0
625,israel-strike-on-yemen-by-september-30-883-769,israel-strike-on-yemen-by,0
626,israel-strike-on-yemen-by-september-15-423,israel-strike-on-yemen-by,0
627,will-israel-strike-yemen-on-september-11-et-387,israel-strike-on-yemen-on-135,0
628,will-israel-strike-yemen-on-september-12-et-537,israel-strike-on-yemen-on-135,0
629,will-israel-strike-yemen-on-september-13-et-582,israel-strike-on-yemen-on-135,0
630,will-israel-strike-yemen-on-september-15-et-419,israel-strike-on-yemen-on-135,0
631,will-israel-strike-yemen-on-september-14-et-691,israel-strike-on-yemen-on-135,0
632,will-israel-not-strike-yemen-between-september-11-15-et,israel-strike-on-yemen-on-135,0
633,israel-strikes-3-different-countries-by-september-30,israel-strikes-3-different-countries-by-september-30,0
634,will-israel-strike-yemen-1-time-by-september-30,how-many-israeli-strikes-on-yemen-by-sep-30,0
635,will-israel-strike-yemen-0-times-by-september-30,how-many-israeli-strikes-on-yemen-by-sep-30,0
636,will-israel-strike-yemen-2-times-by-september-30,how-many-israeli-strikes-on-yemen-by-sep-30,0
637,will-israel-strike-yemen-3-times-by-september-30,how-many-israeli-strikes-on-yemen-by-sep-30,0
638,will-israel-strike-yemen-4-or-more-times-by-september-30,how-many-israeli-strikes-on-yemen-by-sep-30,0
639,israel-strike-on-yemen-by-september-19,israel-strike-on-yemen-by,0
640,will-israel-strike-yemen-on-september-16-et-678,israel-strike-on-yemen-on-384,0
641,will-israel-strike-yemen-on-september-17-et-596,israel-strike-on-yemen-on-384,0
642,will-israel-strike-yemen-on-september-18-et-931,israel-strike-on-yemen-on-384,0
643,will-israel-strike-yemen-on-september-19-et-579,israel-strike-on-yemen-on-384,0
644,will-israel-strike-yemen-on-september-20-et-875,israel-strike-on-yemen-on-384,0
645,will-israel-strike-yemen-on-september-22-et-387,israel-strike-on-yemen-on-384,0
646,will-israel-strike-yemen-on-september-21-et-716,israel-strike-on-yemen-on-384,0
647,will-israel-strike-yemen-on-september-23-et-817,israel-strike-on-yemen-on-384,0
648,will-israel-not-strike-yemen-by-september-23-et,israel-strike-on-yemen-on-384,0
649,israel-strike-on-yemen-by-september-22,israel-strike-on-yemen-by-september-22,0
650,israel-strike-on-yemen-by-september-30-328,israel-strike-on-yemen-by-september-30-328,0
651,israel-x-syria-security-agreement-by-december-31-629-842,israel-x-syria-security-agreement-by-september-30,0
652,israeli-parliament-dissolved-by-march-31-932,israeli-parliament-dissolved-by-october-31,0
653,israeli-parliament-dissolved-by-december-31,israeli-parliament-dissolved-by-october-31,0
654,will-israel-strike-yemen-on-september-24-et-328-668,israel-next-strike-on-yemen-on,0
655,will-israel-strike-yemen-on-september-26-et-993-912,israel-next-strike-on-yemen-on,0
656,will-israel-strike-yemen-on-september-25-et-223-368,israel-next-strike-on-yemen-on,0
657,will-israel-strike-yemen-on-september-28-et-798-617,israel-next-strike-on-yemen-on,0
658,will-israel-strike-yemen-on-september-27-et-775-398,israel-next-strike-on-yemen-on,0
659,will-israel-strike-yemen-on-september-29-et-548-884,israel-next-strike-on-yemen-on,0
660,will-israel-strike-yemen-on-september-30-et-851-185,israel-next-strike-on-yemen-on,0
661,will-israel-not-strike-yemen-by-september-30-et-324-899,israel-next-strike-on-yemen-on,0
662,will-israel-strike-yemen-on-or-before-september-23-et-942,israel-next-strike-on-yemen-on,0
663,will-israel-strike-yemen-on-or-before-september-22-et-913,israel-next-strike-on-yemen-on,0
664,houthi-strike-on-israel-by-october-15-318,houthi-strike-on-israel-by-495,0
665,houthi-strike-on-israel-by-september-30-263,houthi-strike-on-israel-by-495,0
666,will-netanyahus-un-speech-be-less-than-15-minutes-long,how-many-minutes-will-benjamin-netanyahus-un-speech-be,0
667,will-netanyahus-un-speech-be-be-between-15-20-minutes-long,how-many-minutes-will-benjamin-netanyahus-un-speech-be,0
668,will-netanyahus-un-speech-be-be-between-20-25-minutes-long,how-many-minutes-will-benjamin-netanyahus-un-speech-be,0
669,will-netanyahus-un-speech-be-be-between-30-35-minutes-long,how-many-minutes-will-benjamin-netanyahus-un-speech-be,0
670,will-netanyahus-un-speech-be-be-between-35-40-minutes-long,how-many-minutes-will-benjamin-netanyahus-un-speech-be,0
671,will-netanyahus-un-speech-be-be-between-25-30-minutes-long,how-many-minutes-will-benjamin-netanyahus-un-speech-be,0
672,will-netanyahus-un-speech-be-more-than-40-minutes-long,how-many-minutes-will-benjamin-netanyahus-un-speech-be,0
673,israel-strike-on-yemen-by-october-1,israel-strike-on-yemen-by-october-1,0
674,israel-x-syria-security-agreement-by-october-31,israel-x-syria-security-agreement-by-september-30,0
675,will-israel-strike-yemen-on-september-26-et-185,israel-next-strike-on-yemen-on-918,0
676,will-israel-strike-yemen-onseptember-27-et-826,israel-next-strike-on-yemen-on-918,0
677,will-israel-strike-yemen-on-september-28-et-196,israel-next-strike-on-yemen-on-918,0
678,will-israel-strike-yemen-on-october-1-et-941,israel-next-strike-on-yemen-on-918,0
679,will-israel-strike-yemen-on-september-30-et-442,israel-next-strike-on-yemen-on-918,0
680,will-israel-strike-yemen-on-september-29-et-446,israel-next-strike-on-yemen-on-918,0
681,will-israel-not-strike-yemen-by-october-1-et-781-729,israel-next-strike-on-yemen-on-918,0
682,will-israel-strike-yemen-on-september-25-et,israel-next-strike-on-yemen-on-918,0
683,israel-strike-on-gulf-state-by-december-31,israel-strike-on-gulf-state-by-september-30,0
684,israel-strike-on-damascus-by-october-31,israel-strike-on-damascus-by-september-30,0
686,will-israel-strike-0-countries-in-october-2025,how-many-countries-will-israel-strike-in-october,0
687,will-israel-strike-1-country-in-october-2025,how-many-countries-will-israel-strike-in-october,0
688,will-israel-strike-2-countries-in-october-2025,how-many-countries-will-israel-strike-in-october,0
689,will-israel-strike-3-countries-in-october-2025,how-many-countries-will-israel-strike-in-october,0
690,will-israel-strike-4-countries-in-october-2025,how-many-countries-will-israel-strike-in-october,0
691,will-israel-strike-5-or-more-countries-in-october-2025,how-many-countries-will-israel-strike-in-october,0
692,will-trump-meet-with-benjamin-netanyahu-in-october,who-will-trump-meet-with-in-october,0
693,israel-strikes-iran-by-october-5,israel-strikes-iran-by-october-5,0
694,successful-houthi-attack-on-shipping-by-october-15,successful-houthi-attack-on-shipping-by-october-15,0
695,abdul-malik-out-as-leader-of-houthis-by-december-31,abdul-malik-out-as-leader-of-houthis-by-september-30,0
696,us-strikes-iran-by-october-31,us-strikes-iran-by-october-3,0
697,us-strikes-iran-by-october-3,us-strikes-iran-by-october-3,0
698,will-trump-agree-to-a-tariff-agreement-with-israel-in-october,which-countries-will-the-us-agree-to-tariff-agreements-with-in-october,0
699,israel-strike-on-yemen-by-october-15,israel-strike-on-yemen-by-october-15,0
700,will-israel-strike-yemen-1-times-by-october-31,how-many-israeli-strikes-on-yemen-by-october-31,0
701,will-israel-strike-yemen-0-times-by-october-31,how-many-israeli-strikes-on-yemen-by-october-31,0
702,will-israel-strike-yemen-2-times-by-october-31,how-many-israeli-strikes-on-yemen-by-october-31,0
703,will-israel-strike-yemen-3-times-by-october-31,how-many-israeli-strikes-on-yemen-by-october-31,0
704,will-israel-strike-yemen-4-times-by-october-31,how-many-israeli-strikes-on-yemen-by-october-31,0
705,will-israel-strike-yemen-5-or-more-times-by-october-31,how-many-israeli-strikes-on-yemen-by-october-31,0
706,will-trump-talk-to-benjamin-netanyahu-in-october,who-will-trump-talk-to-in-october,0
707,will-israel-first-announce-ceasefire-on-october-8,when-will-israel-announce-ceasefire,0
708,will-israel-first-announce-ceasefire-on-october-7,when-will-israel-announce-ceasefire,0
709,will-israel-first-announce-ceasefire-on-october-9,when-will-israel-announce-ceasefire,0
710,will-israel-first-announce-ceasefire-on-october-10,when-will-israel-announce-ceasefire,0
711,will-israel-first-announce-ceasefire-on-october-11,when-will-israel-announce-ceasefire,0
712,will-israel-first-announce-ceasefire-on-october-12,when-will-israel-announce-ceasefire,0
713,will-israel-first-announce-ceasefire-on-october-14,when-will-israel-announce-ceasefire,0
714,will-israel-first-announce-ceasefire-on-october-13,when-will-israel-announce-ceasefire,0
715,will-israel-first-announce-ceasefire-on-october-15,when-will-israel-announce-ceasefire,0
716,will-israel-first-announce-ceasefire-on-october-16,when-will-israel-announce-ceasefire,0
717,will-israel-first-announce-ceasefire-on-october-17,when-will-israel-announce-ceasefire,0
718,will-israel-first-announce-ceasefire-on-october-18,when-will-israel-announce-ceasefire,0
719,will-israel-first-announce-ceasefire-on-october-20,when-will-israel-announce-ceasefire,0
720,will-israel-first-announce-ceasefire-on-october-19,when-will-israel-announce-ceasefire,0
721,will-israel-first-announce-ceasefire-on-october-21,when-will-israel-announce-ceasefire,0
722,will-israel-first-announce-ceasefire-on-october-23,when-will-israel-announce-ceasefire,0
723,will-israel-first-announce-ceasefire-on-october-22,when-will-israel-announce-ceasefire,0
724,will-israel-first-announce-ceasefire-on-october-24,when-will-israel-announce-ceasefire,0
725,will-israel-first-announce-ceasefire-on-october-25,when-will-israel-announce-ceasefire,0
726,will-israel-first-announce-ceasefire-on-october-27,when-will-israel-announce-ceasefire,0
727,will-israel-first-announce-ceasefire-on-october-26,when-will-israel-announce-ceasefire,0
728,will-israel-first-announce-ceasefire-on-october-29,when-will-israel-announce-ceasefire,0
729,will-israel-first-announce-ceasefire-on-october-28,when-will-israel-announce-ceasefire,0
730,will-israel-first-announce-ceasefire-on-october-30,when-will-israel-announce-ceasefire,0
731,will-israel-first-announce-ceasefire-on-october-31,when-will-israel-announce-ceasefire,0
732,will-israel-not-announce-ceasefire-in-october,when-will-israel-announce-ceasefire,0
733,israel-strike-on-damascus-by-december-31,israel-strike-on-damascus-by-september-30,0
734,will-trump-visit-israel-by-october-15,will-trump-visit-israel-by-october-15,0
735,will-trump-visit-israel-again-by-dec-31,will-trump-visit-israel-again-by-dec-31,0
736,will-ali-khamenei-be-the-next-leader-out-in-2025,next-leader-out-of-power-in-2025,0
737,will-benjamin-netanyahu-be-the-next-leader-out-in-2025,next-leader-out-of-power-in-2025,0
738,will-the-war-powers-resolution-on-iran-hconres38-be-signed-into-law-by-december-31-2025-891,what-bills-will-be-signed-into-law-by-december-31,0
739,joseph-aoun-out-as-president-of-lebanon-by-october-31-2025,joseph-aoun-out-as-president-of-lebanon-by,0
740,joseph-aoun-out-as-president-of-lebanon-by-december-31-2025,joseph-aoun-out-as-president-of-lebanon-by,0
741,will-trump-publicly-disparage-netanyahu-by-october-31,will-trump-publicly-disparage-netanyahu-by,0
742,will-trump-publicly-disparage-netanyahu-by-december-31,will-trump-publicly-disparage-netanyahu-by,0
743,israel-withdraws-from-lebanon-by-december-31,israel-withdraws-from-lebanon-by-december-31,0
744,will-israel-strike-lebanon-on-october-30,will-israel-strike-lebanon-on,0
745,will-israel-strike-lebanon-on-november-2,will-israel-strike-lebanon-on,0
746,will-israel-strike-lebanon-on-november-1,will-israel-strike-lebanon-on,0
747,will-israel-strike-lebanon-on-october-31,will-israel-strike-lebanon-on,0
748,will-israel-strike-lebanon-on-november-4,will-israel-strike-lebanon-on,0
749,will-israel-strike-lebanon-on-october-29,will-israel-strike-lebanon-on,0
750,will-israel-strike-lebanon-on-november-5,will-israel-strike-lebanon-on,0
751,will-israel-strike-lebanon-on-november-3,will-israel-strike-lebanon-on,0
752,will-israel-launch-a-major-ground-offensive-in-lebanon-by-december-31,will-israel-launch-a-major-ground-offensive-in-lebanon-by-december-31,0
753,will-trump-meet-with-benjamin-netanyahu-by-november-30,who-will-trump-meet-with-in-november,0
754,will-trump-talk-to-benjamin-netanyahu-in-november-933,who-will-trump-talk-to-in-november,0
758,will-israel-strike-0-countries-in-november-2025,how-many-different-countries-will-israel-strike-in-november,0
759,will-israel-strike-2-countries-in-november-2025,how-many-different-countries-will-israel-strike-in-november,0
760,will-israel-strike-1-country-in-november-2025,how-many-different-countries-will-israel-strike-in-november,0
761,will-israel-strike-3-countries-in-november-2025,how-many-different-countries-will-israel-strike-in-november,0
762,will-israel-strike-4-or-more-countries-in-november-2025,how-many-different-countries-will-israel-strike-in-november,0
763,will-trump-agree-to-a-tariff-agreement-with-israel-by-november-30,which-countries-will-the-us-agree-to-tariff-agreements-with-by-november-30,0
765,khamenei-out-as-supreme-leader-of-iran-by-december-31-2026,khamenei-out-as-supreme-leader-of-iran-by-december-31-2026,0
766,khamenei-out-as-supreme-leader-of-iran-by-june-30-747,khamenei-out-as-supreme-leader-of-iran-by-june-30-747,0
767,will-israel-strike-lebanon-on-november-9,will-israel-strike-lebanon-on,0
768,will-israel-strike-lebanon-on-november-7,will-israel-strike-lebanon-on,0
769,will-israel-strike-lebanon-on-november-6,will-israel-strike-lebanon-on,0
770,will-israel-strike-lebanon-on-november-8,will-israel-strike-lebanon-on,0
771,will-israel-strike-lebanon-on-november-10,will-israel-strike-lebanon-on,0
772,will-israel-strike-lebanon-on-november-11,will-israel-strike-lebanon-on,0
773,will-israel-strike-lebanon-on-november-12,will-israel-strike-lebanon-on,0
774,will-israel-strike-lebanon-on-november-13,will-israel-strike-lebanon-on,0
775,will-israel-strike-lebanon-on-november-14,will-israel-strike-lebanon-on,0
777,israel-strike-on-yemen-by-december-31,israel-strike-on-yemen-by-december-31,0
778,israel-strike-on-yemen-by-november-30,israel-strike-on-yemen-by-november-30,0
779,will-israel-strike-greater-beirut-by-december-31,will-israel-strike-beirut-by-september,0
781,will-iran-close-the-strait-of-hormuz-by-2027-969-911-654-431-667,will-iran-close-the-strait-of-hormuz-by-2027,0
784,us-iran-nuclear-deal-before-2027,us-iran-nuclear-deal-before-2027,0
785,israel-and-saudi-arabia-normalize-relations-by-march-31,israel-and-saudi-arabia-normalize-relations-by-march-31,0
789,will-hezbollah-disarm-by-march-31,will-hezbollah-disarm-by-march-31,0
797,will-trump-meet-with-ali-khamenei-in-2026,who-will-trump-meet-with-in-2026,0
799,israel-x-iran-ceasefire-broken-by-march-31-2026-312-682,israel-x-iran-ceasefire-broken-by,0
800,israel-x-syria-security-agreement-by-november-30,israel-x-syria-security-agreement-by-september-30,0
801,israel-x-syria-security-agreement-by-january-31,israel-x-syria-security-agreement-by-september-30,0
802,will-israel-strike-greater-beirut-by-november-30,will-israel-strike-beirut-by-september,0
803,israel-and-indonesia-normalize-relations-by-june-30-2026,israel-and-indonesia-normalize-relations-by,0
806,israel-and-syria-normalize-relations-by-june-30-2026,israel-and-syria-normalize-relations-in-2025,0
807,will-netanyahu-be-pardoned-in-2025,will-netanyahu-be-pardoned-in-2025,0
808,will-israel-strike-lebanon-on-november-18,will-israel-strike-lebanon-on,0
809,will-israel-strike-lebanon-on-november-15,will-israel-strike-lebanon-on,0
810,will-israel-strike-lebanon-on-november-19,will-israel-strike-lebanon-on,0
811,will-israel-strike-lebanon-on-november-17,will-israel-strike-lebanon-on,0
812,will-israel-strike-lebanon-on-november-16,will-israel-strike-lebanon-on,0
813,will-israel-strike-lebanon-on-november-20,will-israel-strike-lebanon-on,0
814,will-israel-strike-lebanon-on-november-21,will-israel-strike-lebanon-on,0
815,will-israel-strike-0-countries-in-2026,how-many-different-countries-will-israel-strike-in-2026,0
816,will-israel-strike-3-countries-in-2026,how-many-different-countries-will-israel-strike-in-2026,0
817,will-israel-strike-2-countries-in-2026,how-many-different-countries-will-israel-strike-in-2026,0
819,will-israel-strike-1-country-in-2026,how-many-different-countries-will-israel-strike-in-2026,0
833,will-israel-launch-a-major-ground-offensive-in-lebanon-by-march-31,will-israel-launch-a-major-ground-offensive-in-lebanon-by-march-31,0
834,us-x-iran-nuclear-talks-resume-by-march-31,us-x-iran-nuclear-talks-resume-by-march-31,0
835,us-embassy-in-damaskus-reopend-by-december-31-2025,us-embassy-in-damaskus-reopend-by,0
836,us-embassy-in-damaskus-reopend-by-june-30-2026-815,us-embassy-in-damaskus-reopend-by,0
865,will-benjamin-netanyahu-be-the-next-leader-out-before-2027,next-leader-out-of-power-before-2027,0
866,will-ali-khamenei-be-the-next-leader-out-before-2027,next-leader-out-of-power-before-2027,0
867,will-the-uk-designate-the-irgc-a-terrorist-organization-by-june-30,will-the-uk-designate-the-irgc-a-terrorist-organization-by-june-30,0
868,will-trump-meet-with-netanyahu-again-before-2026,will-trump-meet-with-netanyahu-again-before-2026,0
869,will-israel-strike-lebanon-on-november-26,will-israel-strike-lebanon-on,0
870,will-israel-strike-lebanon-on-november-22,will-israel-strike-lebanon-on,0
871,will-israel-strike-lebanon-on-november-23,will-israel-strike-lebanon-on,0
872,will-israel-strike-lebanon-on-november-25,will-israel-strike-lebanon-on,0
873,will-israel-strike-lebanon-on-november-24,will-israel-strike-lebanon-on,0
874,will-afghanistan-recognize-israel-by-june-30,which-countries-will-recognize-israel-by-june-30,0
875,will-indonesia-recognize-israel-by-june-30,which-countries-will-recognize-israel-by-june-30,0
876,will-qatar-recognize-israel-by-june-30,which-countries-will-recognize-israel-by-june-30,0
877,will-pakistan-recognize-israel-by-june-30,which-countries-will-recognize-israel-by-june-30,0
878,will-iraq-recognize-israel-by-june-30,which-countries-will-recognize-israel-by-june-30,0
879,will-malaysia-recognize-israel-by-june-30,which-countries-will-recognize-israel-by-june-30,0
880,will-saudi-arabia-recognize-israel-by-june-30,which-countries-will-recognize-israel-by-june-30,0
881,will-cuba-recognize-israel-by-june-30,which-countries-will-recognize-israel-by-june-30,0
882,will-syria-recognize-israel-by-june-30,which-countries-will-recognize-israel-by-june-30,0
883,will-tunisia-recognize-israel-by-june-30,which-countries-will-recognize-israel-by-june-30,0
884,will-venezuela-recognize-israel-by-june-30-115,which-countries-will-recognize-israel-by-june-30,0
885,will-kuwait-recognize-israel-by-june-30,which-countries-will-recognize-israel-by-june-30,0
886,will-north-korea-recognize-israel-by-june-30-585,which-countries-will-recognize-israel-by-june-30,0
887,will-lebanon-recognize-israel-by-june-30,which-countries-will-recognize-israel-by-june-30,0
888,will-bangladesh-recognize-israel-by-june-30,which-countries-will-recognize-israel-by-june-30,0
889,israel-strike-on-the-west-bank-by-december-31,israel-strike-on-the-west-bank-by-december-31,0
890,will-israel-strike-greater-beirut-by-november-30-289,will-israel-strike-greater-beirut-by,0
891,will-israel-strike-greater-beirut-by-november-25,will-israel-strike-greater-beirut-by,0
892,will-israel-strike-greater-beirut-by-december-31-699,will-israel-strike-greater-beirut-by,0
893,naim-qassem-out-as-hezbollahs-secretary-general-by-december-31,naim-qassem-out-as-hezbollahs-secretary-general-by-december-31,0
894,will-israel-annex-any-territory-by-june-30,will-israel-annex-any-territory-by-december-31,0
895,will-israel-strike-lebanon-on-november-27,will-israel-strike-lebanon-on,0
896,will-israel-strike-lebanon-on-november-29,will-israel-strike-lebanon-on,0
897,will-israel-strike-lebanon-on-november-28,will-israel-strike-lebanon-on,0
898,will-israel-strike-lebanon-on-november-30,will-israel-strike-lebanon-on,0
899,will-trump-talk-to-benjamin-netanyahu-in-december-846,who-will-trump-talk-to-in-december,0
900,will-trump-agree-to-a-tariff-agreement-with-israel-by-december-31,which-countries-will-the-us-agree-to-tariff-agreements-with-by-december-31,0
901,houthi-strike-on-israel-by-december-31,houthi-strike-on-israel-by-december-31,0
902,will-israel-strike-1-country-in-december-2025,how-many-different-countries-will-israel-strike-in-december,0
903,will-israel-strike-0-countries-in-december-2025,how-many-different-countries-will-israel-strike-in-december,0
904,will-israel-strike-2-countries-in-december-2025,how-many-different-countries-will-israel-strike-in-december,0
905,will-israel-strike-3-or-more-countries-in-december-2025,how-many-different-countries-will-israel-strike-in-december,0
906,israel-strike-on-the-west-bank-by-december-31-586,israel-strike-on-the-west-bank-by-december-31-586,0
907,will-israel-strike-lebanon-on-december-7,will-israel-strike-lebanon-on,0
908,will-israel-strike-lebanon-on-december-4,will-israel-strike-lebanon-on,0
909,will-israel-strike-lebanon-on-december-2,will-israel-strike-lebanon-on,0
910,will-israel-strike-lebanon-on-december-1,will-israel-strike-lebanon-on,0
911,will-israel-strike-lebanon-on-december-3,will-israel-strike-lebanon-on,0
912,will-israel-strike-lebanon-on-december-6,will-israel-strike-lebanon-on,0
913,will-israel-strike-lebanon-on-december-5,will-israel-strike-lebanon-on,0
914,will-netanyahu-be-pardoned-by-february-28,will-netanyahu-be-pardoned-by-february-28,0
915,will-israel-strike-iraq-by-december-31,will-israel-strike-iraq-by-december-31,0
918,will-israel-strike-lebanon-on-december-9,will-israel-strike-lebanon-on,0
919,will-israel-strike-lebanon-on-december-11,will-israel-strike-lebanon-on,0
920,will-israel-strike-lebanon-on-december-8,will-israel-strike-lebanon-on,0
921,will-israel-strike-lebanon-on-december-10,will-israel-strike-lebanon-on,0
922,will-israel-strike-lebanon-on-december-13,will-israel-strike-lebanon-on,0
923,will-israel-strike-lebanon-on-december-14,will-israel-strike-lebanon-on,0
924,will-israel-strike-lebanon-on-december-12,will-israel-strike-lebanon-on,0
925,netanyahu-arrested-by-march-31,netanyahu-arrested-by-march-31,0
926,will-netanyahu-visit-nyc-by-march-31,will-netanyahu-visit-nyc-by-march-31,0
928,israel-strike-on-damascus-by-march-31-2026,israel-strike-on-damascus-by-september-30,0
929,khamenei-out-as-supreme-leader-of-iran-by-march-31,khamenei-out-as-supreme-leader-of-iran-by-march-31,0
930,will-israel-strike-lebanon-on-december-21,will-israel-strike-lebanon-on,0
931,will-israel-strike-lebanon-on-december-20,will-israel-strike-lebanon-on,0
932,will-israel-strike-lebanon-on-december-15,will-israel-strike-lebanon-on,0
933,will-israel-strike-lebanon-on-december-19,will-israel-strike-lebanon-on,0
934,will-israel-strike-lebanon-on-december-16,will-israel-strike-lebanon-on,0
935,will-israel-strike-lebanon-on-december-18,will-israel-strike-lebanon-on,0
936,will-israel-strike-lebanon-on-december-17,will-israel-strike-lebanon-on,0
937,us-strike-on-syria-by-december-31,us-strike-on-syria-by,0
938,us-strike-on-syria-by-december-14,us-strike-on-syria-by,0
939,us-strike-on-syria-by-december-19,us-strike-on-syria-by,0
940,next-us-strike-on-syria-on-december-13,next-us-strike-on-syria-on,0
941,next-us-strike-on-syria-on-december-14,next-us-strike-on-syria-on,0
942,next-us-strike-on-syria-on-december-15,next-us-strike-on-syria-on,0
943,next-us-strike-on-syria-on-december-17,next-us-strike-on-syria-on,0
944,next-us-strike-on-syria-on-december-16,next-us-strike-on-syria-on,0
945,next-us-strike-on-syria-on-december-19,next-us-strike-on-syria-on,0
946,next-us-strike-on-syria-on-december-18,next-us-strike-on-syria-on,0
947,next-us-strike-on-syria-on-december-21,next-us-strike-on-syria-on,0
948,next-us-strike-on-syria-on-december-20,next-us-strike-on-syria-on,0
949,next-us-strike-on-syria-on-december-25,next-us-strike-on-syria-on,0
950,next-us-strike-on-syria-on-december-24,next-us-strike-on-syria-on,0
951,next-us-strike-on-syria-on-december-22,next-us-strike-on-syria-on,0
952,next-us-strike-on-syria-on-december-23,next-us-strike-on-syria-on,0
953,next-us-strike-on-syria-on-december-27,next-us-strike-on-syria-on,0
954,next-us-strike-on-syria-on-december-31,next-us-strike-on-syria-on,0
955,next-us-strike-on-syria-on-december-30,next-us-strike-on-syria-on,0
956,next-us-strike-on-syria-on-december-28,next-us-strike-on-syria-on,0
957,next-us-strike-on-syria-on-december-29,next-us-strike-on-syria-on,0
958,next-us-strike-on-syria-on-december-26,next-us-strike-on-syria-on,0
959,no-us-strike-on-syria-in-2025,next-us-strike-on-syria-on,0
960,naim-qassem-out-as-hezbollahs-secretary-general-by-march-31-2026,naim-qassem-out-as-hezbollahs-secretary-general-by-december-31,0
961,us-strike-on-syria-by-march-31,us-strike-on-syria-by,0
962,us-strike-on-syria-by-january-31,us-strike-on-syria-by,0
963,us-iran-nuclear-deal-by-june-30,us-iran-nuclear-deal-by-june-30,0
964,israel-x-iran-ceasefire-broken-by-june-30-2026-438-193,israel-x-iran-ceasefire-broken-by,0
965,will-the-iranian-regime-fall-by-march-31,will-the-iranian-regime-fall-by-march-31,0
966,will-the-iranian-regime-fall-by-june-30,will-the-iranian-regime-fall-by-june-30,0
967,will-israel-strike-lebanon-on-december-25,will-israel-strike-lebanon-on,0
968,will-israel-strike-lebanon-on-december-23,will-israel-strike-lebanon-on,0
969,will-israel-strike-lebanon-on-december-24,will-israel-strike-lebanon-on,0
970,will-israel-strike-lebanon-on-december-27,will-israel-strike-lebanon-on,0
971,will-israel-strike-lebanon-on-december-22,will-israel-strike-lebanon-on,0
972,will-israel-strike-lebanon-on-december-29,will-israel-strike-lebanon-on,0
973,will-israel-strike-lebanon-on-december-26,will-israel-strike-lebanon-on,0
974,will-israel-strike-lebanon-on-december-31-784,will-israel-strike-lebanon-on,0
975,will-israel-strike-lebanon-on-december-30,will-israel-strike-lebanon-on,0
976,will-israel-strike-lebanon-on-december-28,will-israel-strike-lebanon-on,0
977,us-strike-on-syria-by-december-31-426,us-strike-on-syria-by-529,0
978,us-strikes-iran-by-december-31-2025,us-strikes-iran-by,0
979,us-strikes-iran-by-june-30-2026-699-664-723-485-753-218-567-164-387-443-377-384-159-973-494-631-694-956-361-443-224-518-537-678-486-386-275-153-976-862-149-897-221-522-378-575-993-365-444-965-488-963-698-313-696-829-887-721-211-322-726-411-231-474-417-867,us-strikes-iran-by,0
980,us-strikes-iran-by-march-31-2026-393-881-954,us-strikes-iran-by,0
983,nothing-ever-happens-israel-edition,nothing-ever-happens-israel-edition,0
984,will-trump-meet-with-netanyahu-by-december-29-2025,will-trump-meet-with-netanyahu-by,0
985,will-trump-meet-with-netanyahu-by-january-2-2026,will-trump-meet-with-netanyahu-by,0
986,will-zelenskyy-meet-with-netanyahu-in-2025,will-zelenskyy-meet-with-netanyahu-in-2025,0
987,will-trump-and-netanyahu-hug-on-monday,will-trump-and-netanyahu-hug-on-monday,0
988,will-trump-and-netanyahu-handshake-last-less-than-2-seconds,how-long-will-trump-and-netanyahu-shake-hands-for-when-they-meet,0
989,will-trump-and-netanyahu-not-shake-hands,how-long-will-trump-and-netanyahu-shake-hands-for-when-they-meet,0
990,will-trump-and-netanyahu-handshake-last-26-seconds,how-long-will-trump-and-netanyahu-shake-hands-for-when-they-meet,0
991,will-trump-and-netanyahu-handshake-last-610-seconds,how-long-will-trump-and-netanyahu-shake-hands-for-when-they-meet,0
992,will-trump-and-netanyahu-handshake-last-1015-seconds,how-long-will-trump-and-netanyahu-shake-hands-for-when-they-meet,0
993,will-trump-and-netanyahu-handshake-last-15-seconds-or-longer,how-long-will-trump-and-netanyahu-shake-hands-for-when-they-meet,0
994,will-trump-and-netanyahu-only-be-photographed-together-without-a-clear-handshake,how-long-will-trump-and-netanyahu-shake-hands-for-when-they-meet,0
995,will-uae-strike-yemen-by-january-31,will-uae-strike-yemen-by-january-31,0
996,will-israel-strike-lebanon-on-january-7-2026,will-israel-strike-lebanon-on-928,0
997,will-israel-strike-lebanon-on-january-20-2026,will-israel-strike-lebanon-on-928,0
998,will-israel-strike-lebanon-on-january-10-2026,will-israel-strike-lebanon-on-928,0
999,will-israel-strike-lebanon-on-january-5-2026,will-israel-strike-lebanon-on-928,0
1000,will-israel-strike-lebanon-on-january-23-2026,will-israel-strike-lebanon-on-928,0
1001,will-israel-strike-lebanon-on-january-4-2026,will-israel-strike-lebanon-on-928,0
1002,will-israel-strike-lebanon-on-january-19-2026,will-israel-strike-lebanon-on-928,0
1003,will-israel-strike-lebanon-on-january-6-2026,will-israel-strike-lebanon-on-928,0
1004,will-israel-strike-lebanon-on-january-31-2026,will-israel-strike-lebanon-on-928,0
1005,will-israel-strike-lebanon-on-january-1-2026,will-israel-strike-lebanon-on-928,0
1006,will-israel-strike-lebanon-on-january-11-2026,will-israel-strike-lebanon-on-928,0
1007,will-israel-strike-lebanon-on-january-12-2026,will-israel-strike-lebanon-on-928,0
1008,will-israel-strike-lebanon-on-january-15-2026,will-israel-strike-lebanon-on-928,0
1009,will-israel-strike-lebanon-on-january-18-2026,will-israel-strike-lebanon-on-928,0
1010,will-israel-strike-lebanon-on-january-28-2026,will-israel-strike-lebanon-on-928,0
1011,will-israel-strike-lebanon-on-january-21-2026,will-israel-strike-lebanon-on-928,0
1012,will-israel-strike-lebanon-on-january-29-2026,will-israel-strike-lebanon-on-928,0
1013,will-israel-strike-lebanon-on-january-24-2026,will-israel-strike-lebanon-on-928,0
1014,will-israel-strike-lebanon-on-january-9-2026,will-israel-strike-lebanon-on-928,0
1015,will-israel-strike-lebanon-on-january-3-2026,will-israel-strike-lebanon-on-928,0
1016,will-israel-strike-lebanon-on-january-2-2026,will-israel-strike-lebanon-on-928,0
1017,will-israel-strike-lebanon-on-january-27-2026,will-israel-strike-lebanon-on-928,0
1018,will-israel-strike-lebanon-on-january-8-2026,will-israel-strike-lebanon-on-928,0
1019,will-israel-strike-lebanon-on-january-13-2026,will-israel-strike-lebanon-on-928,0
1020,will-israel-strike-lebanon-on-january-22-2026,will-israel-strike-lebanon-on-928,0
1021,will-israel-strike-lebanon-on-january-25-2026,will-israel-strike-lebanon-on-928,0
1022,will-israel-strike-lebanon-on-january-14-2026,will-israel-strike-lebanon-on-928,0
1023,will-israel-strike-lebanon-on-january-30-2026,will-israel-strike-lebanon-on-928,0
1024,will-israel-strike-lebanon-on-january-16-2026,will-israel-strike-lebanon-on-928,0
1025,will-israel-strike-lebanon-on-january-26-2026,will-israel-strike-lebanon-on-928,0
1026,will-israel-strike-lebanon-on-january-17-2026,will-israel-strike-lebanon-on-928,0
1027,will-saudi-arabia-strike-yemen-by-january-31-173,will-saudi-arabia-strike-yemen-by-january-31,0
1029,us-strikes-iran-by-january-31-2026-165,us-strikes-iran-by,0
1030,will-reza-pahlavi-enter-iran-by-june-30-555-947-362-379-213,will-reza-pahlavi-enter-iran-by-june-30,0
1031,khamenei-out-as-supreme-leader-of-iran-by-january-31,khamenei-out-as-supreme-leader-of-iran-by-january-31,0
1032,khameneiq-public-appearance-by-friday,khameneiq-public-appearance-by-friday,0
1033,will-khamenei-leave-iran-by-friday,will-khamenei-leave-iran-by-friday,0
1034,will-the-iranian-regime-fall-by-january-31,will-the-iranian-regime-fall-by-january-31,0
1035,will-khamenei-leave-iran-by-march-31-224-161-138-998,will-khamenei-leave-iran-by-friday,0
1036,will-khamenei-leave-iran-by-jan-31-322,will-khamenei-leave-iran-by-friday,0
1037,will-ali-khamenei-be-the-next-leader-out-before-2027-115,next-leader-out-of-power-before-2027-684,0
1038,will-benjamin-netanyahu-be-the-next-leader-out-before-2027-355,next-leader-out-of-power-before-2027-684,0
1040,will-israel-strike-2-countries-in-january-2026,how-many-different-countries-will-israel-strike-in-january,0
1041,will-israel-strike-1-countries-in-january-2026,how-many-different-countries-will-israel-strike-in-january,0
1042,will-israel-strike-3-countries-in-january-2026,how-many-different-countries-will-israel-strike-in-january,0
1043,will-israel-strike-4-countries-in-january-2026,how-many-different-countries-will-israel-strike-in-january,0
1044,israel-x-syria-security-agreement-by-june-30,israel-x-syria-security-agreement-by-september-30,0
1045,israel-x-syria-security-agreement-by-march-31,israel-x-syria-security-agreement-by-september-30,0
1046,will-the-bank-of-israel-decrease-the-bank-of-israel-interest-rate-after-the-march-decision,bank-of-israel-decision-in-march,0
1047,will-the-bank-of-israel-decrease-the-bank-of-israel-interest-rate-after-the-february-decision,bank-of-israel-decision-in-february,0
1048,will-the-bank-of-israel-increase-the-bank-of-israel-interest-rate-after-the-february-decision,bank-of-israel-decision-in-february,0
1049,will-the-bank-of-israel-make-no-change-to-the-bank-of-israel-interest-rate-after-the-february-decision,bank-of-israel-decision-in-february,0
1050,will-the-bank-of-israel-make-no-change-to-the-bank-of-israel-interest-rate-after-the-march-decision,bank-of-israel-decision-in-march,0
1051,will-the-bank-of-israel-increase-the-bank-of-israel-interest-rate-after-the-march-decision,bank-of-israel-decision-in-march,0
1052,will-israel-strike-greater-beirut-by-march-31,will-israel-strike-greater-beirut-by-319,0
1053,will-israel-strike-greater-beirut-by-january-31,will-israel-strike-greater-beirut-by-319,0
1054,nothing-ever-happens-khamenei,nothing-ever-happens-khamenei,0
1057,us-x-iran-military-engagement-by-march-31,us-x-iran-military-engagement-by,0
1058,us-x-iran-military-engagement-by-june-30,us-x-iran-military-engagement-by,0
1059,israel-strikes-iran-by-january-9-2026,israel-strikes-iran-by-january-9-2026,0
1060,israel-strikes-iran-by-january-16-2026-418,israel-strikes-iran-by-january-16-2026-418,0
1061,will-israel-strike-iraq-by-january-31,will-israel-strike-iraq-by-january-31,0
1062,iran-coup-attempt-by-june-30,iran-coup-attempt-by-june-30,0
1065,atch-will-israel-launch-a-major-ground-offensive-in-lebanon-by-january-31,atch-will-israel-launch-a-major-ground-offensive-in-lebanon-by-january-31,0
1066,will-israel-nuke-iran-by-january-31,will-israel-nuke-iran-by-january-31,0
1067,will-the-us-capture-khamenei-before-2027,will-the-us-capture-khamenei-before-2027,0
1068,will-reza-pahlavi-enter-iran-by-january-31-373,will-reza-pahlavi-enter-iran-by-june-30,0
1069,us-strikes-iran-by-january-11-2026-946,us-strikes-iran-by,0
1070,will-us-or-israel-strike-iran-by-january-8-2026,usisrael-strikes-iran-by,0
1071,will-us-or-israel-strike-iran-by-january-11-2026,usisrael-strikes-iran-by,0
1073,will-us-or-israel-strike-iran-by-january-10-2026,usisrael-strikes-iran-by,0
1074,will-us-or-israel-strike-iran-by-january-9-2026,usisrael-strikes-iran-by,0
1075,will-us-or-israel-strike-iran-by-january-12-2026,usisrael-strikes-iran-by,0
1076,will-us-or-israel-strike-iran-by-january-17-2026,usisrael-strikes-iran-by,0
1077,will-us-or-israel-strike-iran-by-january-18-2026,usisrael-strikes-iran-by,0
1078,will-us-or-israel-strike-iran-by-january-27-2026,usisrael-strikes-iran-by,0
1079,will-us-or-israel-strike-iran-by-january-21-2026,usisrael-strikes-iran-by,0
1080,will-us-or-israel-strike-iran-by-january-24-2026,usisrael-strikes-iran-by,0
1081,will-us-or-israel-strike-iran-by-january-28-2026,usisrael-strikes-iran-by,0
1082,will-us-or-israel-strike-iran-by-january-25-2026,usisrael-strikes-iran-by,0
1083,will-us-or-israel-strike-iran-by-january-22-2026,usisrael-strikes-iran-by,0
1084,will-us-or-israel-strike-iran-by-january-20-2026,usisrael-strikes-iran-by,0
1085,will-us-or-israel-strike-iran-by-january-19-2026,usisrael-strikes-iran-by,0
1086,will-us-or-israel-strike-iran-by-january-29-2026,usisrael-strikes-iran-by,0
1087,will-us-or-israel-strike-iran-by-january-23-2026,usisrael-strikes-iran-by,0
1088,will-us-or-israel-strike-iran-by-january-16-2026,usisrael-strikes-iran-by,0
1089,will-us-or-israel-strike-iran-by-january-26-2026,usisrael-strikes-iran-by,0
1090,will-us-or-israel-strike-iran-by-january-30-2026,usisrael-strikes-iran-by,0
1094,will-khamenei-visit-russia-by-march-31,khamenei-visits-russia-by,0
1095,will-khamenei-visit-russia-by-june-30,khamenei-visits-russia-by,0
1096,will-the-us-strike-yemen-next-966,next-country-us-strikes-759,0
1097,will-the-us-strike-syria-next,next-country-us-strikes-759,0
1098,will-the-us-strike-iran-next-985,next-country-us-strikes-759,0
1099,will-khamenei-leave-iran-by-jan-16-974,will-khamenei-leave-iran-by-friday,0
1100,will-israel-or-the-us-target-tehran,what-will-the-usisrael-target-in-iran-by-january-31,0
1101,israel-strikes-iran-by-january-11-2026,israel-strikes-iran-by-january-11-2026,0
1102,will-israel-or-the-us-target-an-iranian-oil-or-gas-facility,what-will-the-usisrael-target-in-iran-by-january-31,0
1103,will-israel-or-the-us-target-an-iranian-nuclear-facility,what-will-the-usisrael-target-in-iran-by-january-31,0
1104,us-strikes-iran-by-january-12-2026-314,us-strikes-iran-by,0
1105,israel-strikes-iran-by-january-13-2026,israel-strikes-iran-by-january-13-2026,0
1106,us-strikes-iran-by-january-13-2026-771,us-strikes-iran-by,0
1107,us-strikes-iran-by-january-16-2026-498,us-strikes-iran-by,0
1108,will-france-uk-or-germany-strike-iran-by-january-31,will-france-uk-or-germany-strike-iran-by-january-31,0
1109,will-the-us-strike-yemen-next-438,next-country-us-strikes-391,0
1110,will-the-us-strike-iran-next-784,next-country-us-strikes-391,0
1111,will-the-us-strike-syria-next-564,next-country-us-strikes-391,0
1114,will-iran-close-the-strait-of-hormuz-by-january-31,will-iran-close-the-strait-of-hormuz-by-2027,0
1116,will-the-us-next-strike-iran-on-january-13-2026-et-111,us-next-strikes-iran-on,0
1117,will-the-us-next-strike-iran-on-january-12-2026-et-456,us-next-strikes-iran-on,0
1118,will-the-us-not-strike-iran-by-january-31-2026-314,us-next-strikes-iran-on,0
1119,will-the-us-next-strike-iran-on-january-14-2026-et-369,us-next-strikes-iran-on,0
1120,will-the-us-next-strike-iran-on-january-16-2026-et-766,us-next-strikes-iran-on,0
1121,will-the-us-next-strike-iran-on-january-15-2026-et-421,us-next-strikes-iran-on,0
1122,will-the-us-next-strike-iran-on-january-18-2026-et-229,us-next-strikes-iran-on,0
1123,will-the-us-next-strike-iran-on-january-17-2026-et-219,us-next-strikes-iran-on,0
1124,will-the-us-next-strike-iran-on-january-19-2026-et-726,us-next-strikes-iran-on,0
1125,will-the-us-next-strike-iran-on-january-20-2026-et-992,us-next-strikes-iran-on,0
1126,will-the-us-next-strike-iran-on-january-22-2026-et-837,us-next-strikes-iran-on,0
1127,will-the-us-next-strike-iran-on-january-21-2026-et-774,us-next-strikes-iran-on,0
1128,will-the-us-next-strike-iran-on-january-23-2026-et-724,us-next-strikes-iran-on,0
1129,will-the-us-next-strike-iran-on-january-25-2026-et-395,us-next-strikes-iran-on,0
1130,will-the-us-next-strike-iran-on-january-24-2026-et-848,us-next-strikes-iran-on,0
1131,will-the-us-next-strike-iran-on-january-26-2026-et-241,us-next-strikes-iran-on,0
1132,will-the-us-next-strike-iran-on-january-27-2026-et-332,us-next-strikes-iran-on,0
1133,will-the-us-next-strike-iran-on-january-28-2026-et-699,us-next-strikes-iran-on,0
1134,will-the-us-next-strike-iran-on-january-31-2026-et-836,us-next-strikes-iran-on,0
1135,will-the-us-next-strike-iran-on-january-30-2026-et-866,us-next-strikes-iran-on,0
1136,will-the-us-next-strike-iran-on-january-29-2026-et-159,us-next-strikes-iran-on,0
1137,us-strikes-iran-by-january-23-2026-494-711-798-734-155,us-strikes-iran-by,0
1138,iran-strike-on-qatar-by-january-31-2026-222,iran-strike-on-qatar-by-january-31,0
1139,iran-strike-on-israel-by-january-15,iran-strike-on-israel-by,0
1142,israel-strikes-iran-by-january-23-2026,israel-strikes-iran-by-january-23-2026,0
1143,will-iranian-officials-visit-the-white-house-by-january-31,will-iranian-officials-visit-the-white-house-by-january-31,0
1146,internet-access-restored-in-iran-by-friday,internet-access-restored-in-iran-by-friday,0
1147,trump-invokes-war-powers-against-iran-by-january-31-2026,trump-invokes-war-powers-against-iran-by,0
1148,trump-invokes-war-powers-against-iran-by-march-31-2026,trump-invokes-war-powers-against-iran-by,0
1149,us-strikes-iran-by-january-18-2026-991,us-strikes-iran-by,0
1150,us-strikes-iran-by-january-15-2026-652-612,us-strikes-iran-by,0
1151,us-strikes-iran-by-january-14-2026-913,us-strikes-iran-by,0
1152,us-strikes-iran-by-january-17-2026-625,us-strikes-iran-by,0
1154,houthi-strike-on-israel-by-january-31,houthi-strike-on-israel-by-january-31,0
1155,will-the-us-conduct-a-cyberattack-on-iran-by-jan-31,will-the-us-conduct-a-cyberattack-on-iran-by-jan-31,0
1156,will-the-iranian-regime-survive-us-military-strikes-741,will-the-iranian-regime-survive-us-military-strikes-741,0
1157,israel-strikes-iran-by-january-15-2026,israel-strikes-iran-by-january-15-2026,0
1158,israel-strikes-iran-by-january-14-2026,israel-strikes-iran-by-january-14-2026,0
1160,will-the-us-strike-yemen-next-277,next-country-us-strikes-329,0
1161,will-the-us-strike-iran-next-736,next-country-us-strikes-329,0
1162,will-the-us-strike-syria-next-695,next-country-us-strikes-329,0
1163,khamenei-out-as-supreme-leader-of-iran-by-february-28,khamenei-out-as-supreme-leader-of-iran-by-february-28,0
1164,khamenei-public-appearance-by-friday,khamenei-public-appearance-by-friday,0
1165,will-usd-reach-1pt5m-iranian-rials-by-january-31,will-usd-reach-1pt5m-iranian-rials-by-january-31,0
1166,us-forcibly-removes-khamenei-from-power-by-march-31,us-forcibly-removes-khamenei-from-power-by-march-31,0
1167,us-mobileinternet-outages-caused-by-iran,us-mobileinternet-outages-caused-by-iran,0
1169,will-the-us-strike-yemen-next-184,next-country-us-strikes-918,0
1170,will-the-us-strike-iran-next-433,next-country-us-strikes-918,0
1171,will-the-us-strike-syria-next-492,next-country-us-strikes-918,0
1174,will-trump-talk-to-ali-khamenei-in-february,who-will-trump-talk-to-in-februrary,0
1175,will-trump-meet-with-ali-khamenei-in-february-2026,who-will-trump-meet-with-in-february,0
1176,nothing-ever-happens-iran-strike-edition,nothing-ever-happens-iran-strike-edition,0
1177,us-strikes-iran-by-february-28-2026-227-967-547-688-589-491-592-418-452-924-384-915-464-672-196-157-993-596-269-535-381-391-471-256-988-997-296-225-762-973-292-827-345-182-558-215-794-879-189-761,us-strikes-iran-by,0
1179,will-khamenei-leave-iran-by-february-28-2026-713-559,will-khamenei-leave-iran-by-friday,0
1182,will-reza-pahlavi-enter-iran-by-march-31-282,will-reza-pahlavi-enter-iran-by-june-30,0
1183,will-reza-pahlavi-enter-iran-by-february-28,will-reza-pahlavi-enter-iran-by-june-30,0
1185,internet-access-restored-in-iran-by-friday-972,internet-access-restored-in-iran-by-friday-972,0
1186,will-iran-close-the-strait-of-hormuz-by-june-30,will-iran-close-the-strait-of-hormuz-by-2027,0
1187,will-iran-close-the-strait-of-hormuz-by-march-31,will-iran-close-the-strait-of-hormuz-by-2027,0
1188,will-france-uk-or-germany-strike-iran-by-february-28,will-france-uk-or-germany-strike-iran-by-february-28,0
1189,will-israel-join-the-board-of-peace,which-countries-will-join-the-board-of-peace-by-march-31,0
1190,us-strikes-iran-by-january-26-2026-337-214-511,us-strikes-iran-by,0
1191,will-israel-strike-1-countries-in-february-2026,how-many-different-countries-will-israel-strike-in-february,0
1192,will-israel-strike-2-countries-in-february-2026,how-many-different-countries-will-israel-strike-in-february,0
1193,will-israel-strike-3-countries-in-february-2026,how-many-different-countries-will-israel-strike-in-february,0
1194,will-israel-strike-4-countries-in-february-2026,how-many-different-countries-will-israel-strike-in-february,0
1195,will-the-us-conduct-a-cyberattack-on-iran-by-march-31,will-the-us-conduct-a-cyberattack-on-iran-by-march-31,0
1196,us-strikes-iran-by-january-24-2026-318,us-strikes-iran-by,0
1197,us-strikes-iran-by-january-25-2026-759-796-449,us-strikes-iran-by,0
1198,israel-strikes-iran-by-january-24-2026,israel-strikes-iran-by-january-24-2026,0
1199,israel-strikes-iran-by-january-25-2026,israel-strikes-iran-by-january-25-2026,0
1200,israel-strikes-iran-by-january-26-2026,israel-strikes-iran-by-january-26-2026,0
1201,internet-access-restored-in-iran-by-friday-263,internet-access-restored-in-iran-by-friday-263,0
1202,will-the-us-strike-yemen-next-552,next-country-us-strikes-632,0
1203,will-the-us-strike-syria-next-916,next-country-us-strikes-632,0
1204,will-the-us-strike-iran-next-884,next-country-us-strikes-632,0
1205,us-strikes-iran-by-january-27-2026-458-884-547-617-932,us-strikes-iran-by,0
1206,us-strikes-iran-by-january-28-2026-117-856-648-735-438,us-strikes-iran-by,0
1207,us-strikes-iran-by-january-30-2026-273-584-555-114-476,us-strikes-iran-by,0
1208,us-strikes-iran-by-january-29-2026-183-883-657-383-499,us-strikes-iran-by,0
1209,us-strikes-iran-by-february-6-2026-242-933-289-312-673-611-155-294,us-strikes-iran-by,0
1210,us-strikes-iran-by-february-13-2026-721-759-497-124-197-797-992-641-418-789-676-262-791-574-169-647-275-931,us-strikes-iran-by,0
1211,israel-strikes-iran-by-january-30-2026,israel-strikes-iran-by-january-30-2026,0
1212,will-the-us-strike-yemen-next-348,next-country-us-strikes-785,0
1213,will-the-us-strike-iran-next-116,next-country-us-strikes-785,0
1214,will-the-us-strike-syria-next-268,next-country-us-strikes-785,0
1215,will-israel-strike-lebanon-on-february-14-2026,will-israel-strike-lebanon-on-431,0
1216,will-israel-strike-lebanon-on-february-13-2026,will-israel-strike-lebanon-on-431,0
1217,will-israel-strike-lebanon-on-february-12-2026,will-israel-strike-lebanon-on-431,0
1218,will-israel-strike-lebanon-on-february-24-2026,will-israel-strike-lebanon-on-431,0
1219,will-israel-strike-lebanon-on-february-21-2026,will-israel-strike-lebanon-on-431,0
1220,will-israel-strike-lebanon-on-february-3-2026,will-israel-strike-lebanon-on-431,0
1221,will-israel-strike-lebanon-on-february-20-2026,will-israel-strike-lebanon-on-431,0
1222,will-israel-strike-lebanon-on-february-19-2026,will-israel-strike-lebanon-on-431,0
1223,will-israel-strike-lebanon-on-february-2-2026,will-israel-strike-lebanon-on-431,0
1224,will-israel-strike-lebanon-on-february-15-2026,will-israel-strike-lebanon-on-431,0
1225,will-israel-strike-lebanon-on-february-1-2026,will-israel-strike-lebanon-on-431,0
1226,will-israel-strike-lebanon-on-february-7-2026,will-israel-strike-lebanon-on-431,0
1227,will-israel-strike-lebanon-on-february-10-2026,will-israel-strike-lebanon-on-431,0
1228,will-israel-strike-lebanon-on-february-6-2026,will-israel-strike-lebanon-on-431,0
1229,will-israel-strike-lebanon-on-february-5-2026,will-israel-strike-lebanon-on-431,0
1230,will-israel-strike-lebanon-on-february-26-2026,will-israel-strike-lebanon-on-431,0
1231,will-israel-strike-lebanon-on-february-9-2026,will-israel-strike-lebanon-on-431,0
1232,will-israel-strike-lebanon-on-february-17-2026,will-israel-strike-lebanon-on-431,0
1233,will-israel-strike-lebanon-on-february-23-2026,will-israel-strike-lebanon-on-431,0
1234,will-israel-strike-lebanon-on-february-11-2026,will-israel-strike-lebanon-on-431,0
1235,will-israel-strike-lebanon-on-february-8-2026,will-israel-strike-lebanon-on-431,0
1236,will-israel-strike-lebanon-on-february-16-2026,will-israel-strike-lebanon-on-431,0
1237,will-israel-strike-lebanon-on-february-27-2026,will-israel-strike-lebanon-on-431,0
1238,will-israel-strike-lebanon-on-february-28-2026,will-israel-strike-lebanon-on-431,0
1239,will-israel-strike-lebanon-on-february-22-2026,will-israel-strike-lebanon-on-431,0
1240,will-israel-strike-lebanon-on-february-25-2026,will-israel-strike-lebanon-on-431,0
1241,will-israel-strike-lebanon-on-february-18-2026,will-israel-strike-lebanon-on-431,0
1242,will-israel-strike-lebanon-on-february-4-2026,will-israel-strike-lebanon-on-431,0
1243,will-the-us-next-strike-iran-in-january-2026-et,us-next-strikes-iran-on-843,0
1244,will-the-us-next-strike-iran-on-february-1-2026-et,us-next-strikes-iran-on-843,0
1245,will-the-us-next-strike-iran-on-february-2-2026-et,us-next-strikes-iran-on-843,0
1246,will-the-us-next-strike-iran-on-february-5-2026-et,us-next-strikes-iran-on-843,0
1247,will-the-us-next-strike-iran-on-february-6-2026-et,us-next-strikes-iran-on-843,0
1248,will-the-us-next-strike-iran-on-february-4-2026-et,us-next-strikes-iran-on-843,0
1249,will-the-us-next-strike-iran-on-february-3-2026-et,us-next-strikes-iran-on-843,0
1250,will-the-us-next-strike-iran-on-february-8-2026-et,us-next-strikes-iran-on-843,0
1251,will-the-us-next-strike-iran-on-february-9-2026-et,us-next-strikes-iran-on-843,0
1252,will-the-us-next-strike-iran-on-february-7-2026-et,us-next-strikes-iran-on-843,0
1253,will-the-us-next-strike-iran-on-february-10-2026-et,us-next-strikes-iran-on-843,0
1254,will-the-us-next-strike-iran-on-february-11-2026-et,us-next-strikes-iran-on-843,0
1255,will-the-us-next-strike-iran-on-february-13-2026-et,us-next-strikes-iran-on-843,0
1256,will-the-us-next-strike-iran-on-february-14-2026-et,us-next-strikes-iran-on-843,0
1257,will-the-us-next-strike-iran-on-february-15-2026-et,us-next-strikes-iran-on-843,0
1258,will-the-us-next-strike-iran-on-february-12-2026-et,us-next-strikes-iran-on-843,0
1259,will-the-us-next-strike-iran-on-february-16-2026-et,us-next-strikes-iran-on-843,0
1260,will-the-us-next-strike-iran-on-february-17-2026-et,us-next-strikes-iran-on-843,0
1261,will-the-us-next-strike-iran-on-february-18-2026-et,us-next-strikes-iran-on-843,0
1262,will-the-us-next-strike-iran-on-february-19-2026-et,us-next-strikes-iran-on-843,0
1263,will-the-us-next-strike-iran-on-february-20-2026-et,us-next-strikes-iran-on-843,0
1264,will-the-us-next-strike-iran-on-february-21-2026-et,us-next-strikes-iran-on-843,0
1265,will-the-us-next-strike-iran-on-february-25-2026-et,us-next-strikes-iran-on-843,0
1266,will-the-us-next-strike-iran-on-february-23-2026-et,us-next-strikes-iran-on-843,0
1267,will-the-us-next-strike-iran-on-february-22-2026-et,us-next-strikes-iran-on-843,0
1268,will-the-us-next-strike-iran-on-february-24-2026-et,us-next-strikes-iran-on-843,0
1269,will-the-us-next-strike-iran-on-february-27-2026-et,us-next-strikes-iran-on-843,0
1270,will-the-us-next-strike-iran-on-february-28-2026-et,us-next-strikes-iran-on-843,0
1271,will-the-us-next-strike-iran-on-february-26-2026-et,us-next-strikes-iran-on-843,0
1272,will-the-us-not-strike-iran-by-february-28-2026,us-next-strikes-iran-on-843,0
1274,iran-strike-on-qatar-by-february-28-2026-334,iran-strike-on-qatar-by-january-31,0
1275,israeli-parliament-dissolved-by-june-30-228,israeli-parliament-dissolved-by-october-31,0
1276,iran-agrees-to-end-enrichment-of-uranium-by-march-31,iran-agrees-to-end-enrichment-of-uranium-by-march-31,0
1277,will-israel-or-the-us-target-an-iranian-nuclear-facility-276,what-will-the-usisrael-target-in-iran-by-february-28,0
1278,will-israel-or-the-us-target-tehran-812,what-will-the-usisrael-target-in-iran-by-february-28,0
1279,will-israel-or-the-us-target-an-iranian-oil-or-gas-facility-786,what-will-the-usisrael-target-in-iran-by-february-28,0
1280,us-strikes-iran-by-february-2-2026,us-strikes-iran-by,0
1281,us-strikes-iran-by-february-3-2026,us-strikes-iran-by,0
1282,us-strikes-iran-by-february-4-2026,us-strikes-iran-by,0
1283,us-strikes-iran-by-february-1-2026,us-strikes-iran-by,0
1284,us-strikes-iran-by-february-5-2026,us-strikes-iran-by,0
1285,will-the-us-strike-yemen-next-667,next-country-us-strikes-681,0
1286,will-the-us-strike-iran-next-227,next-country-us-strikes-681,0
1287,will-the-us-strike-syria-next-578,next-country-us-strikes-681,0
1288,will-israel-strike-iraq-by-february-28,will-israel-strike-iraq-by-february-28,0
1289,houthi-strike-on-israel-by-february-28,houthi-strike-on-israel-by-february-28,0
1290,will-iranian-officials-visit-the-white-house-by-february-28,will-iranian-officials-visit-the-white-house-by-february-28,0
1291,will-france-uk-or-germany-strike-iran-by-february-28-881,will-france-uk-or-germany-strike-iran-by-february-28-881,0
1292,us-strikes-iran-by-february-20-2026-151-468-624-297-614-778-872-127-349-448-499-337-826-553,us-strikes-iran-by,0
1293,will-witkoff-meet-with-iranian-officials-by-february-28,will-witkoff-meet-with-iranian-officials-by-february-28,0
1294,us-strikes-iran-by-feb-28-odds-30-by-friday,us-strikes-iran-by-feb-28-odds-30-by-friday,0
1297,us-strikes-yemen-by-february-28-2026,us-strikes-yemen-by,0
1298,us-strikes-yemen-by-march-31-2026,us-strikes-yemen-by,0
1299,us-x-iran-meeting-by-february-6-2026,us-x-iran-meeting-by,0
1300,us-x-iran-meeting-by-february-13-2026,us-x-iran-meeting-by,0
1301,will-the-next-official-us-iran-meeting-be-in-oman,where-will-the-us-iran-meet,0
1302,will-the-next-official-us-iran-meeting-be-in-another-country,where-will-the-us-iran-meet,0
1303,will-no-qualifying-us-iran-meeting-occur-by-february-13-2026,where-will-the-us-iran-meet,0
1304,will-the-next-official-us-iran-meeting-be-in-egypt,where-will-the-us-iran-meet,0
1305,will-the-next-official-us-iran-meeting-be-in-iran,where-will-the-us-iran-meet,0
1306,will-the-next-official-us-iran-meeting-be-in-the-united-states,where-will-the-us-iran-meet,0
1307,will-the-next-official-us-iran-meeting-be-in-turkey,where-will-the-us-iran-meet,0
1308,will-the-next-official-us-iran-meeting-be-in-saudi-arabia,where-will-the-us-iran-meet,0
1309,will-the-us-strike-yemen-next-739,next-country-us-strikes-476,0
1310,will-the-us-strike-iran-next-594,next-country-us-strikes-476,0
1311,will-the-us-strike-syria-next-652,next-country-us-strikes-476,0
1312,will-usd-reach-1pt7m-iranian-rials-by-february-28,will-usd-reach-1pt7m-iranian-rials-by-february-28,0
1313,us-strikes-iran-by-february-9-2026-113-751,us-strikes-iran-by,0
1314,us-strikes-iran-by-february-8-2026,us-strikes-iran-by,0
1315,us-strikes-iran-by-february-7-2026,us-strikes-iran-by,0
1316,us-downs-another-iranian-drone-by-february-28,us-downs-another-iranian-drone-by-february-28,0
1317,us-x-iran-meeting-by-february-28-2026,us-x-iran-diplomatic-meeting-by,0
1318,us-x-iran-meeting-by-february-13-2026-452,us-x-iran-diplomatic-meeting-by,0
1319,trump-strikes-iran-during-big-game,trump-strikes-iran-during-big-game,0
1320,will-trump-meet-with-netanyahu-by-february-12,will-trump-meet-with-netanyahu-by-february-12,0
1321,will-trump-and-netanyahu-not-shake-hands-by-february-13-2026,how-long-will-trump-and-netanyahu-shake-hands-for-when-meeting-this-week,0
1322,will-trump-and-netanyahu-handshake-last-less-than-2-seconds-by-february-13-2026,how-long-will-trump-and-netanyahu-shake-hands-for-when-meeting-this-week,0
1323,will-trump-and-netanyahu-handshake-last-26-seconds-by-february-13-2026,how-long-will-trump-and-netanyahu-shake-hands-for-when-meeting-this-week,0
1324,will-trump-and-netanyahu-handshake-last-610-seconds-by-february-13-2026,how-long-will-trump-and-netanyahu-shake-hands-for-when-meeting-this-week,0
1325,will-trump-and-netanyahu-handshake-last-1015-seconds-by-february-13-2026,how-long-will-trump-and-netanyahu-shake-hands-for-when-meeting-this-week,0
1326,will-trump-and-netanyahu-handshake-last-15-seconds-or-longer-by-february-13-2026,how-long-will-trump-and-netanyahu-shake-hands-for-when-meeting-this-week,0
1327,will-trump-and-netanyahu-only-be-photographed-together-by-february-13-2026,how-long-will-trump-and-netanyahu-shake-hands-for-when-meeting-this-week,0
1328,will-trump-and-netanyahu-hug-on-wednesday,will-trump-and-netanyahu-hug-on-wednesday,0
1329,will-trump-publicly-disparage-netanyahu-this-week,will-trump-publicly-disparage-netanyahu-this-week,0
1330,will-netanyahu-wear-a-yarmulke-at-next-meeting-with-trump,will-netanyahu-wear-a-yarmulke-at-next-meeting-with-trump,0
1331,will-trumps-meeting-with-netanyahu-not-air-536-717-855,what-will-trump-say-during-netanyahu-meeting-on-february-11,0
1332,will-the-us-next-strike-iran-before-march-2026-et,us-next-strikes-iran-on-312,0
1333,will-the-us-next-strike-iran-on-march-1-2026-et,us-next-strikes-iran-on-312,0
1334,will-the-us-next-strike-iran-on-march-2-2026-et,us-next-strikes-iran-on-312,0
1335,will-the-us-next-strike-iran-on-march-3-2026-et,us-next-strikes-iran-on-312,0
1336,will-the-us-next-strike-iran-on-march-4-2026-et,us-next-strikes-iran-on-312,0
1337,will-the-us-next-strike-iran-on-march-5-2026-et,us-next-strikes-iran-on-312,0
1338,will-the-us-next-strike-iran-on-march-6-2026-et,us-next-strikes-iran-on-312,0
1339,will-the-us-next-strike-iran-on-march-7-2026-et,us-next-strikes-iran-on-312,0
1340,will-the-us-next-strike-iran-on-march-8-2026-et,us-next-strikes-iran-on-312,0
1341,will-the-us-next-strike-iran-on-march-9-2026-et,us-next-strikes-iran-on-312,0
1342,will-the-us-next-strike-iran-on-march-10-2026-et,us-next-strikes-iran-on-312,0
1343,will-the-us-next-strike-iran-on-march-11-2026-et,us-next-strikes-iran-on-312,0
1344,will-the-us-next-strike-iran-on-march-12-2026-et,us-next-strikes-iran-on-312,0
1345,will-the-us-next-strike-iran-on-march-13-2026-et,us-next-strikes-iran-on-312,0
1346,will-the-us-next-strike-iran-on-march-14-2026-et,us-next-strikes-iran-on-312,0
1347,will-the-us-next-strike-iran-on-march-15-2026-et,us-next-strikes-iran-on-312,0
1348,will-the-us-next-strike-iran-on-march-16-2026-et,us-next-strikes-iran-on-312,0
1349,will-the-us-next-strike-iran-on-march-17-2026-et,us-next-strikes-iran-on-312,0
1350,will-the-us-next-strike-iran-on-march-18-2026-et,us-next-strikes-iran-on-312,0
1351,will-the-us-next-strike-iran-on-march-19-2026-et,us-next-strikes-iran-on-312,0
1352,will-the-us-next-strike-iran-on-march-20-2026-et,us-next-strikes-iran-on-312,0
1353,will-the-us-next-strike-iran-on-march-21-2026-et,us-next-strikes-iran-on-312,0
1354,will-the-us-next-strike-iran-on-march-22-2026-et,us-next-strikes-iran-on-312,0
1355,will-the-us-next-strike-iran-on-march-23-2026-et,us-next-strikes-iran-on-312,0
1356,will-the-us-next-strike-iran-on-march-24-2026-et,us-next-strikes-iran-on-312,0
1357,will-the-us-next-strike-iran-on-march-25-2026-et,us-next-strikes-iran-on-312,0
1358,will-the-us-next-strike-iran-on-march-26-2026-et,us-next-strikes-iran-on-312,0
1359,will-the-us-next-strike-iran-on-march-27-2026-et,us-next-strikes-iran-on-312,0
1360,will-the-us-next-strike-iran-on-march-28-2026-et,us-next-strikes-iran-on-312,0
1361,will-the-us-next-strike-iran-on-march-29-2026-et,us-next-strikes-iran-on-312,0
1362,will-the-us-next-strike-iran-on-march-30-2026-et,us-next-strikes-iran-on-312,0
1363,will-the-us-next-strike-iran-on-march-31-2026-et,us-next-strikes-iran-on-312,0
1364,will-the-us-not-strike-iran-by-march-31-2026,us-next-strikes-iran-on-312,0
1365,us-strikes-iran-by-february-10-2026,us-strikes-iran-by,0
1366,us-strikes-iran-by-february-12-2026-525,us-strikes-iran-by,0
1367,us-strikes-iran-by-february-11-2026-664,us-strikes-iran-by,0
1368,khamenei-public-appearance-by-february-20-2026,khamenei-public-appearance-by,0
1369,khamenei-public-appearance-by-february-28-2026,khamenei-public-appearance-by,0
1370,khamenei-public-appearance-by-february-13-2026,khamenei-public-appearance-by,0
1371,will-the-us-seize-an-iranian-oil-tanker-by-feb-28,will-the-us-seize-an-iranian-oil-tanker-by-feb-28,0
1372,us-strikes-iran-by-february-14-2026,us-strikes-iran-by,0
1373,us-strikes-iran-by-february-15-2026,us-strikes-iran-by,0
1374,us-strikes-iran-by-february-16-2026-732-528,us-strikes-iran-by,0
1375,us-strikes-iran-by-february-18-2026,us-strikes-iran-by,0
1376,us-strikes-iran-by-february-19-2026-992,us-strikes-iran-by,0
1377,us-strikes-iran-by-february-17-2026-833,us-strikes-iran-by,0
1378,us-strikes-iran-by-march-15-2026-176-537-334-314-311-563-139-841-296-929-674-361-128-125-587-277-713-864-314-272-772-416-338-683-554-682-743-939-378-887-219-419-692-473-532-837-119-848-847-469,us-strikes-iran-by,0
1379,iran-agrees-to-end-enrichment-of-uranium-by-june-30,iran-agrees-to-end-enrichment-of-uranium-by-june-30,0
1380,khamenei-public-appearance-by-february-28-2026-321,khamenei-public-appearance-by-971,0
1381,khamenei-public-appearance-by-february-21-2026,khamenei-public-appearance-by-971,0
1382,us-seizes-an-iran-linked-oil-tanker-by-feb-28,us-seizes-an-iran-linked-oil-tanker-by-feb-28,0
1383,will-france-uk-or-germany-strike-iran-by-march-31-929,will-france-uk-or-germany-strike-iran-by-march-31-929,0
1384,will-france-uk-or-germany-strike-iran-by-june-30-259,will-france-uk-or-germany-strike-iran-by-june-30-259,0
1385,us-strikes-iran-by-february-27-2026,us-strikes-iran-by,0
1386,us-strikes-iran-by-february-24-2026,us-strikes-iran-by,0
1387,us-strikes-iran-by-february-25-2026,us-strikes-iran-by,0
1388,us-strikes-iran-by-february-26-2026-368,us-strikes-iran-by,0
1389,us-strikes-iran-by-february-21-2026,us-strikes-iran-by,0
1390,us-strikes-iran-by-february-22-2026,us-strikes-iran-by,0
1391,us-strikes-iran-by-february-23-2026-678-563,us-strikes-iran-by,0
1392,will-the-us-next-strike-iran-during-the-week-of-february-15-21-2026-et,when-will-the-us-next-strike-iran-week,0
1393,will-the-us-next-strike-iran-during-the-week-of-february-22-28-2026-et,when-will-the-us-next-strike-iran-week,0
1394,will-the-us-next-strike-iran-during-the-week-of-march-1-7-2026-et,when-will-the-us-next-strike-iran-week,0
1395,will-the-us-next-strike-iran-during-the-week-of-march-8-14-2026-et,when-will-the-us-next-strike-iran-week,0
1396,will-the-us-next-strike-iran-during-the-week-of-march-15-21-2026-et,when-will-the-us-next-strike-iran-week,0
1397,will-the-us-next-strike-iran-during-the-week-of-march-22-28-2026-et,when-will-the-us-next-strike-iran-week,0
1398,will-the-us-next-strike-iran-during-the-week-of-march-29-april-4-2026-et,when-will-the-us-next-strike-iran-week,0
1399,will-the-us-not-strike-iran-by-april-4-2026,when-will-the-us-next-strike-iran-week,0
1400,will-the-us-strike-yemen-next-219,next-country-us-strikes-163,0
1401,will-the-us-strike-iran-next-534,next-country-us-strikes-163,0
1402,will-the-us-strike-syria-next-744,next-country-us-strikes-163,0
1403,us-strikes-iran-by-december-31-2026-966-364-754-215-994-869-583-739,us-strikes-iran-by,0
1404,us-x-iran-meeting-by-february-21-2026,us-x-iran-diplomatic-meeting-by-229,0
1405,us-x-iran-meeting-by-february-28-2026-791,us-x-iran-diplomatic-meeting-by-229,0
1406,us-x-iran-meeting-by-march-31-2026,us-x-iran-diplomatic-meeting-by-229,0
1407,will-the-next-diplomatic-us-iran-meeting-be-in-oman,where-will-the-next-us-iran-diplomatic-meeting-happen,0
1408,will-the-next-diplomatic-us-iran-meeting-be-in-the-uae,where-will-the-next-us-iran-diplomatic-meeting-happen,0
1409,will-the-next-diplomatic-us-iran-meeting-be-in-qatar,where-will-the-next-us-iran-diplomatic-meeting-happen,0
1410,will-the-next-diplomatic-us-iran-meeting-be-in-switzerland,where-will-the-next-us-iran-diplomatic-meeting-happen,0
1411,will-the-next-diplomatic-us-iran-meeting-be-in-austria,where-will-the-next-us-iran-diplomatic-meeting-happen,0
1412,will-the-next-diplomatic-us-iran-meeting-be-in-turkey,where-will-the-next-us-iran-diplomatic-meeting-happen,0
1413,will-the-next-diplomatic-us-iran-meeting-be-in-iran,where-will-the-next-us-iran-diplomatic-meeting-happen,0
1414,will-the-next-diplomatic-us-iran-meeting-be-in-the-united-states,where-will-the-next-us-iran-diplomatic-meeting-happen,0
1415,will-the-next-diplomatic-us-iran-meeting-be-in-egypt,where-will-the-next-us-iran-diplomatic-meeting-happen,0
1416,will-the-next-diplomatic-us-iran-meeting-be-in-italy,where-will-the-next-us-iran-diplomatic-meeting-happen,0
1417,will-the-next-diplomatic-us-iran-meeting-be-in-iraq,where-will-the-next-us-iran-diplomatic-meeting-happen,0
1418,will-the-next-diplomatic-us-iran-meeting-be-in-kazakhstan,where-will-the-next-us-iran-diplomatic-meeting-happen,0
1419,will-the-next-diplomatic-us-iran-meeting-be-in-another-middle-eastnorth-africa-country,where-will-the-next-us-iran-diplomatic-meeting-happen,0
1420,will-the-next-diplomatic-us-iran-meeting-be-in-another-european-country,where-will-the-next-us-iran-diplomatic-meeting-happen,0
1421,will-the-next-diplomatic-us-iran-meeting-be-in-another-country,where-will-the-next-us-iran-diplomatic-meeting-happen,0
1422,will-no-qualifying-diplomatic-us-iran-meeting-occur-by-april-30-2026,where-will-the-next-us-iran-diplomatic-meeting-happen,0
1423,will-the-next-diplomatic-us-iran-meeting-be-in-saudi-arabia,where-will-the-next-us-iran-diplomatic-meeting-happen,0
1424,will-khamenei-leave-iran-by-december-31,will-khamenei-leave-iran-by-friday,0
1426,iran-strike-on-qatar-by-march-31-2026,iran-strike-on-qatar-by-january-31,0
1429,us-forces-enter-iran-by-february-28,us-forces-enter-iran-by,0
1430,iran-strike-on-israel-by-december-31,iran-strike-on-israel-by,0
1431,iran-strike-on-israel-by-march-31,iran-strike-on-israel-by,0
1432,odds-us-strikes-iran-by-feb-28-over-30-on-friday-815-916-383,odds-us-strikes-iran-in-feb-over-on-friday,0
1433,odds-us-strikes-iran-by-feb-28-over-20-on-friday-575,odds-us-strikes-iran-in-feb-over-on-friday,0
1434,will-iran-close-its-airspace-by-february-28-2026,will-iran-close-its-airspace-by-february-28,0
1435,us-strikes-iran-by-march-7-2026-691,us-strikes-iran-by,0
1436,us-strikes-iran-by-march-3-2026-619,us-strikes-iran-by,0
1437,us-strikes-iran-by-march-2-2026,us-strikes-iran-by,0
1438,us-strikes-iran-by-march-1-2026-492,us-strikes-iran-by,0
1439,us-strikes-iran-by-march-4-2026,us-strikes-iran-by,0
1440,us-strikes-iran-by-march-6-2026,us-strikes-iran-by,0
1441,us-strikes-iran-by-march-5-2026-167,us-strikes-iran-by,0
1442,total-internet-blackout-in-iran-by-march-31-2026,total-internet-blackout-in-iran-by,0
1443,total-internet-blackout-in-iran-by-february-28-2026,total-internet-blackout-in-iran-by,0
1444,us-iran-nuclear-deal-by-march-31,us-iran-nuclear-deal-by-march-31,0
1445,us-evacuates-beirut-embassy-by-march-31,us-evacuates-beirut-embassy-by-march-31,0
1446,will-the-us-strike-yemen-next-567,next-country-us-strikes-457,0
1447,will-the-us-strike-iran-next-134,next-country-us-strikes-457,0
1448,will-the-us-strike-syria-next-317,next-country-us-strikes-457,0
1449,will-marco-rubio-visit-israel-by-march-2,will-marco-rubio-visit-israel-by-march-2,0
1450,house-passes-iran-war-powers-resolution-this-week,house-passes-iran-war-powers-resolution-this-week,0
1451,us-seizes-an-iran-linked-oil-tanker-by-march-7,us-seizes-an-iran-linked-oil-tanker-by-march-7,0
1452,will-trump-declare-war-on-iran-by-march-31-2026,will-trump-declare-war-on-iran-by,0
1453,will-trump-declare-war-on-iran-by-february-28-2026,will-trump-declare-war-on-iran-by,0
1454,trump-announces-military-action-against-iran-durring-sotu,trump-announces-military-action-against-iran-durring-sotu,0
1455,will-the-bank-of-israel-decrease-the-bank-of-israel-interest-rate-after-the-may-decision,bank-of-israel-decision-in-may,0
1456,will-the-bank-of-israel-make-no-change-to-the-bank-of-israel-interest-rate-after-the-may-decision,bank-of-israel-decision-in-may,0
1457,will-the-bank-of-israel-increase-the-bank-of-israel-interest-rate-after-the-may-decision,bank-of-israel-decision-in-may,0
1458,us-strikes-iran-by-march-14-2026-539-749-276-133-171-695-643-419-576,us-strikes-iran-by,0
1459,us-strikes-iran-by-march-9-2026-137,us-strikes-iran-by,0
1460,us-strikes-iran-by-march-11-2026-728-453-278-717-227-277-454-274-751-161-159,us-strikes-iran-by,0
1461,us-strikes-iran-by-march-12-2026-123-581-442-944-698-817-277-752-859-914,us-strikes-iran-by,0
1462,us-strikes-iran-by-march-10-2026-628-341-658-946-464-723-459-872-563-293,us-strikes-iran-by,0
1463,us-strikes-iran-by-march-13-2026-976-941-911-987-339-349-927-734-331-338,us-strikes-iran-by,0
1465,us-strikes-iran-by-march-8-2026,us-strikes-iran-by,0
1466,will-israel-strike-lebanon-on-march-10-2026,will-israel-strike-lebanon-on-363,0
1467,will-israel-strike-lebanon-on-march-6-2026,will-israel-strike-lebanon-on-363,0
1468,will-israel-strike-lebanon-on-march-30-2026,will-israel-strike-lebanon-on-363,0
1469,will-israel-strike-lebanon-on-march-8-2026,will-israel-strike-lebanon-on-363,0
1470,will-israel-strike-lebanon-on-march-17-2026,will-israel-strike-lebanon-on-363,0
1471,will-israel-strike-lebanon-on-march-3-2026,will-israel-strike-lebanon-on-363,0
1472,will-israel-strike-lebanon-on-march-9-2026,will-israel-strike-lebanon-on-363,0
1473,will-israel-strike-lebanon-on-march-1-2026,will-israel-strike-lebanon-on-363,0
1474,will-israel-strike-lebanon-on-march-26-2026,will-israel-strike-lebanon-on-363,0
1475,will-israel-strike-lebanon-on-march-23-2026,will-israel-strike-lebanon-on-363,0
1476,will-israel-strike-lebanon-on-march-20-2026,will-israel-strike-lebanon-on-363,0
1477,will-israel-strike-lebanon-on-march-31-2026,will-israel-strike-lebanon-on-363,0
1478,will-israel-strike-lebanon-on-march-22-2026,will-israel-strike-lebanon-on-363,0
1479,will-israel-strike-lebanon-on-march-13-2026,will-israel-strike-lebanon-on-363,0
1480,will-israel-strike-lebanon-on-march-7-2026,will-israel-strike-lebanon-on-363,0
1481,will-israel-strike-lebanon-on-march-27-2026,will-israel-strike-lebanon-on-363,0
1482,will-israel-strike-lebanon-on-march-16-2026,will-israel-strike-lebanon-on-363,0
1483,will-israel-strike-lebanon-on-march-4-2026,will-israel-strike-lebanon-on-363,0
1484,will-israel-strike-lebanon-on-march-11-2026,will-israel-strike-lebanon-on-363,0
1485,will-israel-strike-lebanon-on-march-29-2026,will-israel-strike-lebanon-on-363,0
1486,will-israel-strike-lebanon-on-march-15-2026,will-israel-strike-lebanon-on-363,0
1487,will-israel-strike-lebanon-on-march-25-2026,will-israel-strike-lebanon-on-363,0
1488,will-israel-strike-lebanon-on-march-18-2026,will-israel-strike-lebanon-on-363,0
1489,will-israel-strike-lebanon-on-march-2-2026,will-israel-strike-lebanon-on-363,0
1490,will-israel-strike-lebanon-on-march-14-2026,will-israel-strike-lebanon-on-363,0
1491,will-israel-strike-lebanon-on-march-28-2026,will-israel-strike-lebanon-on-363,0
1492,will-israel-strike-lebanon-on-march-12-2026,will-israel-strike-lebanon-on-363,0
1493,will-israel-strike-lebanon-on-march-5-2026,will-israel-strike-lebanon-on-363,0
1494,will-israel-strike-lebanon-on-march-24-2026,will-israel-strike-lebanon-on-363,0
1495,will-israel-strike-lebanon-on-march-19-2026,will-israel-strike-lebanon-on-363,0
1496,will-israel-strike-lebanon-on-march-21-2026,will-israel-strike-lebanon-on-363,0
1497,will-israel-strike-1-countries-in-march-2026,how-many-different-countries-will-israel-strike-in-march,0
1498,will-israel-strike-2-countries-in-march-2026,how-many-different-countries-will-israel-strike-in-march,0
1499,will-israel-strike-3-countries-in-march-2026,how-many-different-countries-will-israel-strike-in-march,0
1500,will-israel-strike-4-countries-in-march-2026,how-many-different-countries-will-israel-strike-in-march,0
1501,us-x-iran-meeting-by-march-31-2026-363,us-x-iran-diplomatic-meeting-by-833,0
1502,us-x-iran-meeting-by-march-15-2026,us-x-iran-diplomatic-meeting-by-833,0
1503,will-ali-khamenei-be-the-next-leader-out-before-2027-951,next-leader-out-of-power-before-2027-577,0
1504,will-benjamin-netanyahu-be-the-next-leader-out-before-2027-142,next-leader-out-of-power-before-2027-577,0
1505,will-us-or-israel-strike-iran-on-march-2-2026,usisrael-strikes-iran-on,0
1506,will-us-or-israel-strike-iran-on-march-8-2026,usisrael-strikes-iran-on,0
1507,will-us-or-israel-strike-iran-on-march-6-2026,usisrael-strikes-iran-on,0
1508,will-us-or-israel-strike-iran-on-march-3-2026,usisrael-strikes-iran-on,0
1509,will-us-or-israel-strike-iran-on-march-5-2026,usisrael-strikes-iran-on,0
1510,will-us-or-israel-strike-iran-on-march-7-2026,usisrael-strikes-iran-on,0
1511,will-us-or-israel-strike-iran-on-march-9-2026,usisrael-strikes-iran-on,0
1512,will-us-or-israel-strike-iran-on-march-1-2026,usisrael-strikes-iran-on,0
1513,will-us-or-israel-strike-iran-on-march-10-2026,usisrael-strikes-iran-on,0
1514,will-us-or-israel-strike-iran-on-march-4-2026,usisrael-strikes-iran-on,0
1519,us-x-iran-ceasefire-by-april-30,us-x-iran-ceasefire-by,0
1520,us-x-iran-ceasefire-by-march-2,us-x-iran-ceasefire-by,0
1521,us-x-iran-ceasefire-by-march-6,us-x-iran-ceasefire-by,0
1522,us-x-iran-ceasefire-by-march-31,us-x-iran-ceasefire-by,0
1523,us-x-iran-ceasefire-by-march-15,us-x-iran-ceasefire-by,0
1525,us-forces-enter-iran-by-march-7,us-forces-enter-iran-by,0
1526,us-forces-enter-iran-by-march-3-882-999,us-forces-enter-iran-by,0
1527,us-forces-enter-iran-by-march-1-768-899-597,us-forces-enter-iran-by,0
1528,iran-x-israelus-conflict-ends-by-march-7,iran-x-israelus-conflict-ends-by,0
1529,iran-x-israelus-conflict-ends-by-march-15,iran-x-israelus-conflict-ends-by,0
1530,iran-x-israelus-conflict-ends-by-march-31,iran-x-israelus-conflict-ends-by,0
1531,hezbollah-strike-on-israel-by-march-7,hezbollah-strike-on-israel-by-march-7,0
1532,will-iran-strike-a-gulf-state-on-march-3,will-iran-strike-a-gulf-state-on,0
1533,will-iran-strike-a-gulf-state-on-march-2,will-iran-strike-a-gulf-state-on,0
1534,will-iran-strike-a-gulf-state-on-march-6,will-iran-strike-a-gulf-state-on,0
1535,will-iran-strike-a-gulf-state-on-march-7,will-iran-strike-a-gulf-state-on,0
1536,will-iran-strike-a-gulf-state-on-march-4,will-iran-strike-a-gulf-state-on,0
1537,will-iran-strike-a-gulf-state-on-march-5,will-iran-strike-a-gulf-state-on,0
1538,will-iran-strike-a-gulf-state-on-march-1,will-iran-strike-a-gulf-state-on,0
1539,usisrael-strike-yemen-by-march-4,usisrael-strike-yemen-by,0
1540,usisrael-strike-yemen-by-march-14,usisrael-strike-yemen-by,0
1541,usisrael-strike-yemen-by-march-7,usisrael-strike-yemen-by,0
1542,usisrael-strike-yemen-by-march-1,usisrael-strike-yemen-by,0
1543,usisrael-strike-yemen-by-march-31,usisrael-strike-yemen-by,0
1544,usisrael-strike-yemen-by-march-2,usisrael-strike-yemen-by,0
1545,usisrael-strike-yemen-by-march-3,usisrael-strike-yemen-by,0
1546,will-iran-strike-no-countries-in-march,how-many-different-countries-will-iran-strike-in-march,0
1547,will-iran-strike-one-country-in-march,how-many-different-countries-will-iran-strike-in-march,0
1548,will-iran-strike-two-countries-in-march,how-many-different-countries-will-iran-strike-in-march,0
1549,will-iran-strike-three-countries-in-march,how-many-different-countries-will-iran-strike-in-march,0
1550,will-iran-strike-four-countries-in-march,how-many-different-countries-will-iran-strike-in-march,0
1551,will-iran-strike-five-countries-in-march,how-many-different-countries-will-iran-strike-in-march,0
1552,will-iran-strike-six-countries-in-march,how-many-different-countries-will-iran-strike-in-march,0
1553,will-iran-strike-seven-countries-in-march,how-many-different-countries-will-iran-strike-in-march,0
1554,will-iran-strike-eight-countries-in-march,how-many-different-countries-will-iran-strike-in-march,0
1555,will-iran-strike-nine-or-more-countries-in-march,how-many-different-countries-will-iran-strike-in-march,0
1556,trump-announces-end-of-military-operations-against-iran-by-march-1st,trump-announces-end-of-military-operations-against-iran-by,0
1557,trump-announces-end-of-military-operations-against-iran-by-march-7th,trump-announces-end-of-military-operations-against-iran-by,0
1558,trump-announces-end-of-military-operations-against-iran-by-march-31st,trump-announces-end-of-military-operations-against-iran-by,0
1559,trump-announces-end-of-military-operations-against-iran-by-march-2nd,trump-announces-end-of-military-operations-against-iran-by,0
1560,trump-announces-end-of-military-operations-against-iran-by-march-15th,trump-announces-end-of-military-operations-against-iran-by,0
1561,will-iran-strike-israel-on-march-10,iran-strikes-israel-on,0
1562,will-iran-strike-israel-on-march-5,iran-strikes-israel-on,0
1563,will-iran-strike-israel-on-march-6,iran-strikes-israel-on,0
1564,will-iran-strike-israel-on-march-4,iran-strikes-israel-on,0
1565,will-iran-strike-israel-on-march-2,iran-strikes-israel-on,0
1566,will-iran-strike-israel-on-march-8,iran-strikes-israel-on,0
1567,will-iran-strike-israel-on-march-3,iran-strikes-israel-on,0
1568,will-iran-strike-israel-on-march-9,iran-strikes-israel-on,0
1569,will-iran-strike-israel-on-march-1,iran-strikes-israel-on,0
1570,will-iran-strike-israel-on-march-7,iran-strikes-israel-on,0
1571,will-iran-strike-iraq-in-march,which-countries-will-iran-strike-in-march,0
1572,will-iran-strike-jordan-in-march,which-countries-will-iran-strike-in-march,0
1573,will-iran-strike-uae-in-march,which-countries-will-iran-strike-in-march,0
1574,will-iran-strike-jordan-in-march-375,which-countries-will-iran-strike-in-march,0
1575,will-iran-strike-israel-in-march,which-countries-will-iran-strike-in-march,0
1576,will-iran-strike-lebanon-in-march,which-countries-will-iran-strike-in-march,0
1577,will-iran-strike-kuwait-in-march,which-countries-will-iran-strike-in-march,0
1578,will-iran-strike-oman-in-march,which-countries-will-iran-strike-in-march,0
1579,will-iran-strike-cyprus-in-march,which-countries-will-iran-strike-in-march,0
1580,will-iran-strike-yemen-in-march,which-countries-will-iran-strike-in-march,0
1581,will-iran-strike-bahrain-in-march,which-countries-will-iran-strike-in-march,0
1582,will-iran-strike-qatar-in-march,which-countries-will-iran-strike-in-march,0
1583,will-iran-strike-syria-in-march,which-countries-will-iran-strike-in-march,0
1584,will-iran-strike-saudi-arabia-in-march,which-countries-will-iran-strike-in-march,0
1585,will-iran-strike-turkey-in-march,which-countries-will-iran-strike-in-march,0
1586,will-iran-strike-afghanistan-in-march,which-countries-will-iran-strike-in-march,0
1587,will-iran-strike-pakistan-in-march,which-countries-will-iran-strike-in-march,0
1588,khamenei-seen-in-public-by-march-7-249-832-798-867,khamenei-public-appearance-by-985,0
1589,khamenei-seen-in-public-by-february-28-888-166,khamenei-public-appearance-by-985,0
1590,khamenei-seen-in-public-by-march-2-179-218-146,khamenei-public-appearance-by-985,0
1591,khamenei-seen-in-public-by-march-14-884-469-913,khamenei-public-appearance-by-985,0
1592,khamenei-seen-in-public-by-march-3-664-585-642,khamenei-public-appearance-by-985,0
1593,khamenei-seen-in-public-by-march-1-655-132-582,khamenei-public-appearance-by-985,0
1594,khamenei-seen-in-public-by-march-4-594-341-111,khamenei-public-appearance-by-985,0
1595,will-a-gulf-state-strike-iran-by-march-7,will-a-gulf-state-strike-iran-by-march-7,0
1596,will-iran-strike-gulf-oil-facilities-by-march-31,will-iran-strike-gulf-oil-facilities-by-march-31,0
1597,will-iran-name-a-successor-to-khamenei-by-march-6-419-412-158-246-866-876-465,will-iran-name-a-successor-to-khamenei-by,0
1598,will-iran-name-a-successor-to-khamenei-by-march-15-153-144-999-648-116-955-829-149,will-iran-name-a-successor-to-khamenei-by,0
1599,will-iran-name-a-successor-to-khamenei-by-march-31-483-852-436-833-347-948,will-iran-name-a-successor-to-khamenei-by,0
1600,will-iran-name-a-successor-to-khamenei-by-march-2-645-466-285-492,will-iran-name-a-successor-to-khamenei-by,0
1601,will-there-be-no-new-supreme-leader-of-iran-by-june-30,who-will-be-next-supreme-leader-of-iran-515,0
1602,will-the-position-of-supreme-leader-of-iran-be-abolished,who-will-be-next-supreme-leader-of-iran-515,0
1603,will-muhammad-mirbaqiri-be-the-next-supreme-leader-of-iran,who-will-be-next-supreme-leader-of-iran-515,0
1604,will-sadegh-larijani-be-the-next-supreme-leader-of-iran,who-will-be-next-supreme-leader-of-iran-515,0
1605,will-mojtaba-khamenei-be-the-next-supreme-leader-of-iran-573,who-will-be-next-supreme-leader-of-iran-515,0
1606,will-hassan-khomeini-be-the-next-supreme-leader-of-iran,who-will-be-next-supreme-leader-of-iran-515,0
1607,will-reza-pahlavi-be-the-next-supreme-leader-of-iran,who-will-be-next-supreme-leader-of-iran-515,0
1608,will-hassan-shariatmadari-be-the-next-supreme-leader-of-iran,who-will-be-next-supreme-leader-of-iran-515,0
1609,will-massoud-rajavi-be-the-next-supreme-leader-of-iran,who-will-be-next-supreme-leader-of-iran-515,0
1610,will-maryam-rajavi-be-the-next-supreme-leader-of-iran,who-will-be-next-supreme-leader-of-iran-515,0
1611,will-seyed-hossein-mousavian-be-the-next-supreme-leader-of-iran,who-will-be-next-supreme-leader-of-iran-515,0
1612,will-reza-pirzadeh-be-the-next-supreme-leader-of-iran,who-will-be-next-supreme-leader-of-iran-515,0
1613,will-navid-shomali-be-the-next-supreme-leader-of-iran,who-will-be-next-supreme-leader-of-iran-515,0
1614,will-mustafa-hijri-be-the-next-supreme-leader-of-iran,who-will-be-next-supreme-leader-of-iran-515,0
1615,will-ali-motahari-be-the-next-supreme-leader-of-iran,who-will-be-next-supreme-leader-of-iran-515,0
1616,will-gholam-ali-haddad-adel-be-the-next-supreme-leader-of-iran,who-will-be-next-supreme-leader-of-iran-515,0
1617,will-mostafa-pourmohammadi-be-the-next-supreme-leader-of-iran,who-will-be-next-supreme-leader-of-iran-515,0
1618,will-sadegh-mahsouli-be-the-next-supreme-leader-of-iran,who-will-be-next-supreme-leader-of-iran-515,0
1619,will-masoud-pezeshkian-be-the-next-supreme-leader-of-iran,who-will-be-next-supreme-leader-of-iran-515,0
1620,will-saeed-jalili-be-the-next-supreme-leader-of-iran,who-will-be-next-supreme-leader-of-iran-515,0
1621,will-hassan-rouhani-be-the-next-supreme-leader-of-iran,who-will-be-next-supreme-leader-of-iran-515,0
1622,will-mahmoud-ahmadinejad-be-the-next-supreme-leader-of-iran,who-will-be-next-supreme-leader-of-iran-515,0
1623,will-mohammad-khatami-be-the-next-supreme-leader-of-iran,who-will-be-next-supreme-leader-of-iran-515,0
1624,will-other-be-the-next-supreme-leader-of-iran,who-will-be-next-supreme-leader-of-iran-515,0
1625,will-ali-larijani-be-the-next-supreme-leader-of-iran,who-will-be-next-supreme-leader-of-iran-515,0
1626,will-mohammad-bagher-ghalibaf-be-the-next-supreme-leader-of-iran,who-will-be-next-supreme-leader-of-iran-515,0
1627,will-alireza-arafi-be-the-next-supreme-leader-of-iran-944,who-will-be-next-supreme-leader-of-iran-515,0
1628,will-hashem-hosseini-bushehri-be-the-next-supreme-leader-of-iran-911,who-will-be-next-supreme-leader-of-iran-515,0
1629,will-mohammad-reza-modarresi-yazdi-be-the-next-supreme-leader-of-iran,who-will-be-next-supreme-leader-of-iran-515,0
1630,will-gholam-hossein-mohseni-ejei-be-the-next-supreme-leader-of-iran,who-will-be-next-supreme-leader-of-iran-515,0
1631,will-mohsen-araki-be-the-next-supreme-leader-of-iran,who-will-be-next-supreme-leader-of-iran-515,0
1632,will-mohsen-qomi-be-the-next-supreme-leader-of-iran,who-will-be-next-supreme-leader-of-iran-515,0
1633,will-ali-asghar-hejazi-be-the-next-supreme-leader-of-iran,who-will-be-next-supreme-leader-of-iran-515,0
1634,will-mohammad-yasrebi-be-the-next-supreme-leader-of-iran,who-will-be-next-supreme-leader-of-iran-515,0
1635,will-mohammad-hadi-ghazanfari-khansari-be-the-next-supreme-leader-of-iran,who-will-be-next-supreme-leader-of-iran-515,0
1636,will-khalil-mobasher-kashani-be-the-next-supreme-leader-of-iran,who-will-be-next-supreme-leader-of-iran-515,0
1637,will-ahmad-khatami-be-the-next-supreme-leader-of-iran,who-will-be-next-supreme-leader-of-iran-515,0
1638,will-ahmad-hosseini-khorasani-be-the-next-supreme-leader-of-iran,who-will-be-next-supreme-leader-of-iran-515,0
1639,will-nasir-hosseini-be-the-next-supreme-leader-of-iran,who-will-be-next-supreme-leader-of-iran-515,0
1640,will-ahmad-vahidi-be-the-next-supreme-leader-of-iran,who-will-be-next-supreme-leader-of-iran-515,0
1641,will-abbas-araghchi-be-the-next-supreme-leader-of-iran,who-will-be-next-supreme-leader-of-iran-515,0
1642,will-v-be-the-next-supreme-leader-of-iran-156,who-will-be-next-supreme-leader-of-iran-515,0
1643,will-w-be-the-next-supreme-leader-of-iran-688,who-will-be-next-supreme-leader-of-iran-515,0
1644,will-x-be-the-next-supreme-leader-of-iran-688,who-will-be-next-supreme-leader-of-iran-515,0
1645,will-y-be-the-next-supreme-leader-of-iran-851,who-will-be-next-supreme-leader-of-iran-515,0
1646,will-z-be-the-next-supreme-leader-of-iran-176,who-will-be-next-supreme-leader-of-iran-515,0
1647,will-aa-be-the-next-supreme-leader-of-iran-962,who-will-be-next-supreme-leader-of-iran-515,0
1648,will-ab-be-the-next-supreme-leader-of-iran-271,who-will-be-next-supreme-leader-of-iran-515,0
1649,will-ac-be-the-next-supreme-leader-of-iran-773,who-will-be-next-supreme-leader-of-iran-515,0
1650,will-ad-be-the-next-supreme-leader-of-iran-779,who-will-be-next-supreme-leader-of-iran-515,0
1651,will-ae-be-the-next-supreme-leader-of-iran-473,who-will-be-next-supreme-leader-of-iran-515,0
1652,will-af-be-the-next-supreme-leader-of-iran-188,who-will-be-next-supreme-leader-of-iran-515,0
1653,will-ag-be-the-next-supreme-leader-of-iran-644,who-will-be-next-supreme-leader-of-iran-515,0
1654,will-ah-be-the-next-supreme-leader-of-iran-538,who-will-be-next-supreme-leader-of-iran-515,0
1655,will-ai-be-the-next-supreme-leader-of-iran-821,who-will-be-next-supreme-leader-of-iran-515,0
1656,will-aj-be-the-next-supreme-leader-of-iran-217,who-will-be-next-supreme-leader-of-iran-515,0
1657,will-ak-be-the-next-supreme-leader-of-iran-142,who-will-be-next-supreme-leader-of-iran-515,0
1658,will-al-be-the-next-supreme-leader-of-iran-476,who-will-be-next-supreme-leader-of-iran-515,0
1659,will-am-be-the-next-supreme-leader-of-iran-154,who-will-be-next-supreme-leader-of-iran-515,0
1660,will-an-be-the-next-supreme-leader-of-iran-612,who-will-be-next-supreme-leader-of-iran-515,0
1661,will-ao-be-the-next-supreme-leader-of-iran-113,who-will-be-next-supreme-leader-of-iran-515,0
1662,will-ap-be-the-next-supreme-leader-of-iran-943,who-will-be-next-supreme-leader-of-iran-515,0
1663,will-aq-be-the-next-supreme-leader-of-iran-921,who-will-be-next-supreme-leader-of-iran-515,0
1664,will-ar-be-the-next-supreme-leader-of-iran-518,who-will-be-next-supreme-leader-of-iran-515,0
1665,will-as-be-the-next-supreme-leader-of-iran-887,who-will-be-next-supreme-leader-of-iran-515,0
1666,will-at-be-the-next-supreme-leader-of-iran-949,who-will-be-next-supreme-leader-of-iran-515,0
1667,will-au-be-the-next-supreme-leader-of-iran-834,who-will-be-next-supreme-leader-of-iran-515,0
1668,will-av-be-the-next-supreme-leader-of-iran-332,who-will-be-next-supreme-leader-of-iran-515,0
1669,will-aw-be-the-next-supreme-leader-of-iran-267,who-will-be-next-supreme-leader-of-iran-515,0
1670,will-ax-be-the-next-supreme-leader-of-iran-916,who-will-be-next-supreme-leader-of-iran-515,0
1671,will-ay-be-the-next-supreme-leader-of-iran-272,who-will-be-next-supreme-leader-of-iran-515,0
1672,will-az-be-the-next-supreme-leader-of-iran-584,who-will-be-next-supreme-leader-of-iran-515,0
1673,will-ba-be-the-next-supreme-leader-of-iran-444,who-will-be-next-supreme-leader-of-iran-515,0
1674,will-bb-be-the-next-supreme-leader-of-iran-766,who-will-be-next-supreme-leader-of-iran-515,0
1675,will-bc-be-the-next-supreme-leader-of-iran-634,who-will-be-next-supreme-leader-of-iran-515,0
1676,will-bd-be-the-next-supreme-leader-of-iran-516,who-will-be-next-supreme-leader-of-iran-515,0
1677,will-be-be-the-next-supreme-leader-of-iran-383,who-will-be-next-supreme-leader-of-iran-515,0
1678,will-bf-be-the-next-supreme-leader-of-iran-398,who-will-be-next-supreme-leader-of-iran-515,0
1679,will-bg-be-the-next-supreme-leader-of-iran-141,who-will-be-next-supreme-leader-of-iran-515,0
1680,will-bh-be-the-next-supreme-leader-of-iran-234,who-will-be-next-supreme-leader-of-iran-515,0
1681,will-bi-be-the-next-supreme-leader-of-iran-268,who-will-be-next-supreme-leader-of-iran-515,0
1682,will-bj-be-the-next-supreme-leader-of-iran-914,who-will-be-next-supreme-leader-of-iran-515,0
1683,will-bk-be-the-next-supreme-leader-of-iran-625,who-will-be-next-supreme-leader-of-iran-515,0
1684,will-bl-be-the-next-supreme-leader-of-iran-664,who-will-be-next-supreme-leader-of-iran-515,0
1685,will-bm-be-the-next-supreme-leader-of-iran-831,who-will-be-next-supreme-leader-of-iran-515,0
1686,will-bn-be-the-next-supreme-leader-of-iran-257,who-will-be-next-supreme-leader-of-iran-515,0
1687,will-bo-be-the-next-supreme-leader-of-iran-182,who-will-be-next-supreme-leader-of-iran-515,0
1688,will-bp-be-the-next-supreme-leader-of-iran-976,who-will-be-next-supreme-leader-of-iran-515,0
1689,will-bq-be-the-next-supreme-leader-of-iran-875,who-will-be-next-supreme-leader-of-iran-515,0
1690,will-br-be-the-next-supreme-leader-of-iran-511,who-will-be-next-supreme-leader-of-iran-515,0
1691,will-bs-be-the-next-supreme-leader-of-iran-375,who-will-be-next-supreme-leader-of-iran-515,0
1692,will-bt-be-the-next-supreme-leader-of-iran-136,who-will-be-next-supreme-leader-of-iran-515,0
1693,will-bu-be-the-next-supreme-leader-of-iran-392,who-will-be-next-supreme-leader-of-iran-515,0
1694,will-bv-be-the-next-supreme-leader-of-iran-816,who-will-be-next-supreme-leader-of-iran-515,0
1695,will-bw-be-the-next-supreme-leader-of-iran-718,who-will-be-next-supreme-leader-of-iran-515,0
1696,will-bx-be-the-next-supreme-leader-of-iran-878,who-will-be-next-supreme-leader-of-iran-515,0
1697,will-by-be-the-next-supreme-leader-of-iran-745,who-will-be-next-supreme-leader-of-iran-515,0
1698,will-bz-be-the-next-supreme-leader-of-iran-747,who-will-be-next-supreme-leader-of-iran-515,0
1699,will-ca-be-the-next-supreme-leader-of-iran-372,who-will-be-next-supreme-leader-of-iran-515,0
1700,will-cb-be-the-next-supreme-leader-of-iran-723,who-will-be-next-supreme-leader-of-iran-515,0
1701,will-cc-be-the-next-supreme-leader-of-iran-862,who-will-be-next-supreme-leader-of-iran-515,0
1702,will-cd-be-the-next-supreme-leader-of-iran-738,who-will-be-next-supreme-leader-of-iran-515,0
1703,will-ce-be-the-next-supreme-leader-of-iran-811,who-will-be-next-supreme-leader-of-iran-515,0
1704,will-cf-be-the-next-supreme-leader-of-iran-213,who-will-be-next-supreme-leader-of-iran-515,0
1705,will-cg-be-the-next-supreme-leader-of-iran-969,who-will-be-next-supreme-leader-of-iran-515,0
1706,will-ch-be-the-next-supreme-leader-of-iran-487,who-will-be-next-supreme-leader-of-iran-515,0
1707,will-ci-be-the-next-supreme-leader-of-iran-185,who-will-be-next-supreme-leader-of-iran-515,0
1708,will-cj-be-the-next-supreme-leader-of-iran-646,who-will-be-next-supreme-leader-of-iran-515,0
1709,will-ck-be-the-next-supreme-leader-of-iran-694,who-will-be-next-supreme-leader-of-iran-515,0
1710,will-cl-be-the-next-supreme-leader-of-iran-968,who-will-be-next-supreme-leader-of-iran-515,0
1711,will-cm-be-the-next-supreme-leader-of-iran-453,who-will-be-next-supreme-leader-of-iran-515,0
1712,will-cn-be-the-next-supreme-leader-of-iran-973,who-will-be-next-supreme-leader-of-iran-515,0
1713,will-co-be-the-next-supreme-leader-of-iran-948,who-will-be-next-supreme-leader-of-iran-515,0
1714,will-cp-be-the-next-supreme-leader-of-iran-999,who-will-be-next-supreme-leader-of-iran-515,0
1715,will-cq-be-the-next-supreme-leader-of-iran-965,who-will-be-next-supreme-leader-of-iran-515,0
1716,will-cr-be-the-next-supreme-leader-of-iran-225,who-will-be-next-supreme-leader-of-iran-515,0
1717,will-cs-be-the-next-supreme-leader-of-iran-532,who-will-be-next-supreme-leader-of-iran-515,0
1718,will-cu-be-the-next-supreme-leader-of-iran-177,who-will-be-next-supreme-leader-of-iran-515,0
1719,will-ct-be-the-next-supreme-leader-of-iran-792,who-will-be-next-supreme-leader-of-iran-515,0
1720,will-cv-be-the-next-supreme-leader-of-iran-611,who-will-be-next-supreme-leader-of-iran-515,0
1721,will-cw-be-the-next-supreme-leader-of-iran-561,who-will-be-next-supreme-leader-of-iran-515,0
1722,will-cx-be-the-next-supreme-leader-of-iran-949,who-will-be-next-supreme-leader-of-iran-515,0
1723,will-iran-name-a-successor-to-khamenei-by-march-1-334,will-iran-name-a-successor-to-khamenei-by,0
1724,usisrael-strike-on-fordow-nuclear-facility-by-march-31-388,usisrael-strike-on-fordow-nuclear-facility-by-march-31,0
1725,will-iran-strike-ruwais-refinery-by-march-31,what-will-iran-strike-by-march-31,0
1726,will-iran-strike-abqaiq-oil-processing-facility-by-march-31,what-will-iran-strike-by-march-31,0
1727,will-iran-strike-dimona-by-march-31,what-will-iran-strike-by-march-31,0
1728,will-iran-strike-safaniya-field-by-march-31,what-will-iran-strike-by-march-31,0
1729,will-iran-strike-ghawar-field-by-march-31,what-will-iran-strike-by-march-31,0
1730,will-iran-strike-al-zour-refinery-by-march-31,what-will-iran-strike-by-march-31,0
1731,will-iran-strike-mina-al-ahmadi-refinery-by-march-31,what-will-iran-strike-by-march-31,0
1755,will-mohammad-pakpour-be-head-of-state-in-iran-end-of-2026-144,iran-leader-end-of-2026,0
1757,will-ali-larijani-be-head-of-state-in-iran-end-of-2026,iran-leader-end-of-2026,0
1855,will-israel-or-the-us-target-fordow-nuclear-facility,what-will-the-usisrael-target-in-iran-by-march-31,0
1856,will-israel-or-the-us-target-isfahan-nuclear-technology-center-nuclear-facility,what-will-the-usisrael-target-in-iran-by-march-31,0
1857,will-israel-or-the-us-target-an-iranian-nuclear-facility-326,what-will-the-usisrael-target-in-iran-by-march-31,0
1858,will-israel-or-the-us-target-natanz-uranium-enrichment-facility,what-will-the-usisrael-target-in-iran-by-march-31,0
1859,will-israel-or-the-us-target-an-iranian-oil-or-gas-facility-716,what-will-the-usisrael-target-in-iran-by-march-31,0
1860,will-saudi-arabia-strike-iran-by-march-31,which-countries-will-strike-iran-by-march-31,0
1861,will-qatar-strike-iran-by-march-31,which-countries-will-strike-iran-by-march-31,0
1862,will-uk-strike-iran-by-march-31,which-countries-will-strike-iran-by-march-31,0
1863,will-uae-strike-iran-by-march-31,which-countries-will-strike-iran-by-march-31,0
1864,will-turkey-strike-iran-by-march-31,which-countries-will-strike-iran-by-march-31,0
1865,will-canada-strike-iran-by-march-31,which-countries-will-strike-iran-by-march-31,0
1866,will-germany-strike-iran-by-march-31,which-countries-will-strike-iran-by-march-31,0
1867,will-bahrain-strike-iran-by-march-31,which-countries-will-strike-iran-by-march-31,0
1868,will-france-strike-iran-by-march-31,which-countries-will-strike-iran-by-march-31,0
1869,will-jordan-strike-iran-by-march-31,which-countries-will-strike-iran-by-march-31,0
1870,will-another-country-strike-iran-by-march-31-833,will-another-country-strike-iran-by-march-31,0
1873,will-jared-kushner-enter-iran-by-june-30,who-will-enter-iran-by-june-30,0
1874,will-marco-rubio-enter-iran-by-june-30,who-will-enter-iran-by-june-30,0
1875,will-donald-trump-enter-iran-by-june-30,who-will-enter-iran-by-june-30,0
1876,will-any-us-senator-enter-iran-by-june-30,who-will-enter-iran-by-june-30,0
1877,will-pete-hegseth-enter-iran-by-june-30,who-will-enter-iran-by-june-30,0
1878,will-jd-vance-enter-iran-by-june-30,who-will-enter-iran-by-june-30,0
1879,will-any-us-house-member-enter-iran-by-june-30,who-will-enter-iran-by-june-30,0
1880,will-benjamin-netanyahu-enter-iran-by-june-30,who-will-enter-iran-by-june-30,0
1881,will-iran-hold-a-presidential-election-by-june-30,will-iran-hold-a-presidential-election-by-june-30,0
1882,will-oman-strike-iran-by-march-31,which-countries-will-strike-iran-by-march-31,0
1883,will-kuwait-strike-iran-by-march-31,which-countries-will-strike-iran-by-march-31,0
1884,iran-x-israelus-conflict-ends-by-may-15-562-372-916-721-496,iran-x-israelus-conflict-ends-by,0
1885,iran-x-israelus-conflict-ends-by-june-30-813-454-138-725,iran-x-israelus-conflict-ends-by,0
1886,us-x-iran-ceasefire-by-may-825,us-x-iran-ceasefire-by,0
1887,netanyahu-out-by-june-30-383-244-575,netanyahu-out-before-2027,0
1888,will-another-country-strike-iran-by-march-7-528,will-another-country-strike-iran-by-march-31,0
1889,netanyahu-out-by-march-31-854,netanyahu-out-before-2027,0
1890,iranhezbollah-strike-on-cyprus-by-march-7,iranhezbollah-strike-on-cyprus-by-march-7,0
1891,will-any-eu-country-strike-iran-by-march-31,which-countries-will-strike-iran-by-march-31,0
1892,us-x-iran-ceasefire-by-june-30,us-x-iran-ceasefire-by,0
1893,will-iran-name-a-successor-to-khamenei-by-march-5-748-625,will-iran-name-a-successor-to-khamenei-by,0
1894,will-iran-name-a-successor-to-khamenei-by-march-3-345,will-iran-name-a-successor-to-khamenei-by,0
1895,will-iran-name-a-successor-to-khamenei-by-march-4-844-575,will-iran-name-a-successor-to-khamenei-by,0
1896,will-iran-name-a-successor-to-khamenei-by-march-7-249-562,will-iran-name-a-successor-to-khamenei-by,0
1897,congress-passes-iran-war-powers-resolution-by-march-31,congress-passes-iran-war-powers-resolution-by-march-31,0
1898,will-usd-fall-to-1pt5m-iranian-rials-by-march-31-656-625-393,will-usd-hit-iranian-rials-by-march-31,0
1899,will-usd-reach-1pt7m-iranian-rials-by-march-31,will-usd-hit-iranian-rials-by-march-31,0
1900,will-usd-reach-1pt8m-iranian-rials-by-march-31,will-usd-hit-iranian-rials-by-march-31,0
1901,will-usd-fall-to-1pt6m-iranian-rials-by-march-31-746,will-usd-hit-iranian-rials-by-march-31,0
1902,will-benjamin-netanyahu-be-the-next-leader-out-before-2027-467,next-leader-out-of-power-before-2027-795,0
1903,will-israel-strike-greater-beirut-on-march-26-2026,will-israel-strike-greater-beirut-on,0
1904,will-israel-strike-greater-beirut-on-march-12-2026,will-israel-strike-greater-beirut-on,0
1906,will-israel-strike-greater-beirut-on-march-20-2026,will-israel-strike-greater-beirut-on,0
1908,will-israel-strike-greater-beirut-on-march-29-2026,will-israel-strike-greater-beirut-on,0
1909,will-israel-strike-greater-beirut-on-march-4-2026,will-israel-strike-greater-beirut-on,0
1910,will-israel-strike-greater-beirut-on-march-27-2026,will-israel-strike-greater-beirut-on,0
1911,will-israel-strike-greater-beirut-on-march-22-2026,will-israel-strike-greater-beirut-on,0
1912,will-israel-strike-greater-beirut-on-march-19-2026,will-israel-strike-greater-beirut-on,0
1913,will-israel-strike-greater-beirut-on-march-5-2026,will-israel-strike-greater-beirut-on,0
1914,will-israel-strike-greater-beirut-on-march-23-2026,will-israel-strike-greater-beirut-on,0
1915,will-israel-strike-greater-beirut-on-march-21-2026,will-israel-strike-greater-beirut-on,0
1916,will-israel-strike-greater-beirut-on-march-11-2026,will-israel-strike-greater-beirut-on,0
1917,will-israel-strike-greater-beirut-on-march-14-2026,will-israel-strike-greater-beirut-on,0
1918,will-israel-strike-greater-beirut-on-march-7-2026,will-israel-strike-greater-beirut-on,0
1919,will-israel-strike-greater-beirut-on-march-28-2026,will-israel-strike-greater-beirut-on,0
1921,will-israel-strike-greater-beirut-on-march-8-2026,will-israel-strike-greater-beirut-on,0
1922,will-israel-strike-greater-beirut-on-march-31-2026,will-israel-strike-greater-beirut-on,0
1923,will-israel-strike-greater-beirut-on-march-17-2026,will-israel-strike-greater-beirut-on,0
1924,will-israel-strike-greater-beirut-on-march-30-2026,will-israel-strike-greater-beirut-on,0
1925,will-israel-strike-greater-beirut-on-march-9-2026,will-israel-strike-greater-beirut-on,0
1926,will-israel-strike-greater-beirut-on-march-18-2026,will-israel-strike-greater-beirut-on,0
1928,will-israel-strike-greater-beirut-on-march-6-2026,will-israel-strike-greater-beirut-on,0
1929,will-israel-strike-greater-beirut-on-march-24-2026,will-israel-strike-greater-beirut-on,0
1930,will-israel-strike-greater-beirut-on-march-3-2026,will-israel-strike-greater-beirut-on,0
1931,will-israel-strike-greater-beirut-on-march-25-2026,will-israel-strike-greater-beirut-on,0
1932,will-israels-ben-gurion-airport-reopen-by-march-15-611-421,will-israels-ben-gurion-airport-reopen-by,0
1933,will-israels-ben-gurion-airport-reopen-by-march-7-339-656,will-israels-ben-gurion-airport-reopen-by,0
1934,will-israels-ben-gurion-airport-reopen-by-march-4-546,will-israels-ben-gurion-airport-reopen-by,0
1935,israel-x-hezbollah-ceasefire-by-march-31-2026,israel-x-hezbollah-ceasefire-by,0
1936,israel-x-hezbollah-ceasefire-by-june-30-2026-817-566-426-174,israel-x-hezbollah-ceasefire-by,0
1937,houthi-strike-on-israel-by-march-6-2026,houthi-strike-on-israel-by-632,0
1938,houthi-strike-on-israel-by-march-15-2026,houthi-strike-on-israel-by-632,0
1939,houthi-strike-on-israel-by-march-31-2026,houthi-strike-on-israel-by-632,0
1940,will-iran-announce-a-new-supreme-leader-on-march-3-2026,iran-announces-new-supreme-leader-on,0
1941,will-iran-announce-a-new-supreme-leader-on-march-4-2026,iran-announces-new-supreme-leader-on,0
1942,will-iran-announce-a-new-supreme-leader-on-march-5-2026,iran-announces-new-supreme-leader-on,0
1943,will-iran-announce-a-new-supreme-leader-on-march-6-2026,iran-announces-new-supreme-leader-on,0
1944,will-iran-announce-a-new-supreme-leader-on-march-7-2026,iran-announces-new-supreme-leader-on,0
1945,will-iran-announce-a-new-supreme-leader-on-march-8-2026,iran-announces-new-supreme-leader-on,0
1946,will-iran-announce-a-new-supreme-leader-on-march-9-2026,iran-announces-new-supreme-leader-on,0
1947,will-iran-announce-a-new-supreme-leader-on-march-10-2026,iran-announces-new-supreme-leader-on,0
1948,will-iran-announce-a-new-supreme-leader-on-march-11-2026,iran-announces-new-supreme-leader-on,0
1949,will-iran-announce-a-new-supreme-leader-on-march-12-2026,iran-announces-new-supreme-leader-on,0
1950,will-iran-announce-a-new-supreme-leader-on-march-13-2026,iran-announces-new-supreme-leader-on,0
1951,will-iran-announce-a-new-supreme-leader-on-march-14-2026,iran-announces-new-supreme-leader-on,0
1952,will-iran-announce-a-new-supreme-leader-on-march-15-2026,iran-announces-new-supreme-leader-on,0
1953,will-iran-announce-a-new-supreme-leader-on-march-16-2026,iran-announces-new-supreme-leader-on,0
1954,will-iran-announce-a-new-supreme-leader-on-march-17-2026,iran-announces-new-supreme-leader-on,0
1955,will-iran-announce-a-new-supreme-leader-on-march-18-2026,iran-announces-new-supreme-leader-on,0
1956,will-iran-announce-a-new-supreme-leader-on-march-19-2026,iran-announces-new-supreme-leader-on,0
1957,will-iran-announce-a-new-supreme-leader-on-march-20-2026,iran-announces-new-supreme-leader-on,0
1958,will-iran-announce-a-new-supreme-leader-on-march-21-2026,iran-announces-new-supreme-leader-on,0
1959,will-iran-announce-a-new-supreme-leader-on-march-22-2026,iran-announces-new-supreme-leader-on,0
1960,will-iran-announce-a-new-supreme-leader-on-march-23-2026,iran-announces-new-supreme-leader-on,0
1961,will-iran-announce-a-new-supreme-leader-on-march-24-2026,iran-announces-new-supreme-leader-on,0
1962,will-iran-announce-a-new-supreme-leader-on-march-25-2026,iran-announces-new-supreme-leader-on,0
1963,will-iran-announce-a-new-supreme-leader-on-march-26-2026,iran-announces-new-supreme-leader-on,0
1964,will-iran-announce-a-new-supreme-leader-on-march-27-2026,iran-announces-new-supreme-leader-on,0
1965,will-iran-announce-a-new-supreme-leader-on-march-28-2026,iran-announces-new-supreme-leader-on,0
1966,will-iran-announce-a-new-supreme-leader-on-march-29-2026,iran-announces-new-supreme-leader-on,0
1967,will-iran-announce-a-new-supreme-leader-on-march-30-2026,iran-announces-new-supreme-leader-on,0
1968,will-iran-announce-a-new-supreme-leader-on-march-31-2026,iran-announces-new-supreme-leader-on,0
1969,will-iran-announce-a-new-supreme-leader-by-march-31-2026,iran-announces-new-supreme-leader-on,0
1970,us-announces-military-coordination-with-kurds-in-iran-by-march-31,us-announces-military-coordination-with-kurds-in-iran-by-march-31,0
1971,us-announces-military-support-of-iran-oppostion-by-march-31,us-announces-military-support-of-iran-oppostion-by-march-31,0
1972,kurds-declare-independence-from-iran,kurds-declare-independence-from-iran,0
1973,internet-access-restored-in-iran-by-march-7-2026,internet-access-restored-in-iran-by,0
1974,internet-access-restored-in-iran-by-march-14-2026,internet-access-restored-in-iran-by,0
1975,will-the-iranian-regime-fall-by-april-30,will-the-iranian-regime-fall-by-april-30,0
1977,iran-agrees-to-end-enrichment-of-uranium-by-april-30,iran-agrees-to-end-enrichment-of-uranium-by-april-30,0
1978,will-iran-name-a-successor-to-khamenei-by-march-13-953,will-iran-name-a-successor-to-khamenei-by,0
1979,will-iran-name-a-successor-to-khamenei-by-march-12-278,will-iran-name-a-successor-to-khamenei-by,0
1980,will-iran-name-a-successor-to-khamenei-by-march-10-468,will-iran-name-a-successor-to-khamenei-by,0
1981,will-iran-name-a-successor-to-khamenei-by-march-8-163,will-iran-name-a-successor-to-khamenei-by,0
1982,will-iran-name-a-successor-to-khamenei-by-march-11-887,will-iran-name-a-successor-to-khamenei-by,0
1983,will-iran-name-a-successor-to-khamenei-by-march-9-795,will-iran-name-a-successor-to-khamenei-by,0
1984,trump-announces-end-of-military-operations-against-iran-by-april-30th-753-882-164-769-641-926-643,trump-announces-end-of-military-operations-against-iran-by,0
1985,trump-announces-end-of-military-operations-against-iran-by-june-30th-566-326-653-781-167-426-752-225-438,trump-announces-end-of-military-operations-against-iran-by,0
1986,us-seizes-an-iran-linked-oil-tanker-by-march-15,us-seizes-an-iran-linked-oil-tanker-by-march-7,0
1987,usisrael-strike-on-fordow-nuclear-facility-by-march-15,usisrael-strike-on-fordow-nuclear-facility-by-march-31,0
1988,iranhezbollah-strike-on-cyprus-by-march-15,iranhezbollah-strike-on-cyprus-by-march-7,0
1989,will-iran-claim-responsibility-for-oslo-embassy-attack,will-iran-claim-responsibility-for-oslo-embassy-attack,0
1990,will-the-us-accuse-iran-of-oslo-embassy-attack,will-the-us-accuse-iran-of-oslo-embassy-attack,0
1991,iran-leadership-change-by-april-30,iran-leadership-change-by,0
1992,iran-leadership-change-by-march-13,iran-leadership-change-by,0
1993,iran-leadership-change-by-march-31,iran-leadership-change-by,0
1995,strait-of-hormuz-traffic-returns-to-normal-by-april-30,strait-of-hormuz-traffic-returns-to-normal-by-april-30,0
1996,will-60-ships-transit-the-strait-of-hormuz-on-any-day-in-march,will-ships-transit-the-strait-of-hormuz-on-any-day-in-march,0
1997,will-80-ships-transit-the-strait-of-hormuz-on-any-day-in-march,will-ships-transit-the-strait-of-hormuz-on-any-day-in-march,0
1998,will-20-ships-transit-the-strait-of-hormuz-on-any-day-in-march,will-ships-transit-the-strait-of-hormuz-on-any-day-in-march,0
1999,will-40-ships-transit-the-strait-of-hormuz-on-any-day-in-march,will-ships-transit-the-strait-of-hormuz-on-any-day-in-march,0
2000,will-fewer-than-10-ships-transit-the-strait-of-hormuz-between-march-10-16,how-many-ships-transit-the-strait-of-hormuz-this-week-mar-10-16,0
2001,will-10-14-ships-transit-the-strait-of-hormuz-between-march-10-16,how-many-ships-transit-the-strait-of-hormuz-this-week-mar-10-16,0
2002,will-15-19-ships-transit-the-strait-of-hormuz-between-march-10-16,how-many-ships-transit-the-strait-of-hormuz-this-week-mar-10-16,0
2003,will-20-24-ships-transit-the-strait-of-hormuz-between-march-10-16,how-many-ships-transit-the-strait-of-hormuz-this-week-mar-10-16,0
2004,will-25-29-ships-transit-the-strait-of-hormuz-between-march-10-16,how-many-ships-transit-the-strait-of-hormuz-this-week-mar-10-16,0
2005,will-30-34-ships-transit-the-strait-of-hormuz-between-march-10-16,how-many-ships-transit-the-strait-of-hormuz-this-week-mar-10-16,0
2006,will-35-39-ships-transit-the-strait-of-hormuz-between-march-10-16,how-many-ships-transit-the-strait-of-hormuz-this-week-mar-10-16,0
2007,will-40-44-ships-transit-the-strait-of-hormuz-between-march-10-16,how-many-ships-transit-the-strait-of-hormuz-this-week-mar-10-16,0
2008,will-45-or-more-ships-transit-the-strait-of-hormuz-between-march-10-16,how-many-ships-transit-the-strait-of-hormuz-this-week-mar-10-16,0
2009,will-there-be-between-0-and-10-average-daily-transits-of-the-strait-of-hormuz-on-march-31,avg-of-ships-transiting-strait-of-hormuz-end-of-march,0
2010,will-there-be-between-10-and-20-average-daily-transits-of-the-strait-of-hormuz-on-march-31,avg-of-ships-transiting-strait-of-hormuz-end-of-march,0
2011,will-there-be-between-20-and-30-average-daily-transits-of-the-strait-of-hormuz-on-march-31,avg-of-ships-transiting-strait-of-hormuz-end-of-march,0
2012,will-there-be-between-30-and-40-average-daily-transits-of-the-strait-of-hormuz-on-march-31,avg-of-ships-transiting-strait-of-hormuz-end-of-march,0
2013,will-there-be-between-50-and-60-average-daily-transits-of-the-strait-of-hormuz-on-march-31,avg-of-ships-transiting-strait-of-hormuz-end-of-march,0
2014,will-there-be-60-or-more-average-daily-transits-of-the-strait-of-hormuz-on-march-31,avg-of-ships-transiting-strait-of-hormuz-end-of-march,0
2015,will-there-be-between-40-and-50-average-daily-transits-of-the-strait-of-hormuz-on-march-31,avg-of-ships-transiting-strait-of-hormuz-end-of-march,0
2016,us-iran-nuclear-deal-by-april-30,us-iran-nuclear-deal-by-april-30,0
2017,mojtaba-khamenei-seen-in-public-by-march-13,mojtaba-khamenei-public-appearance-by,0
2018,mojtaba-khamenei-seen-in-public-by-march-16,mojtaba-khamenei-public-appearance-by,0
2019,mojtaba-khamenei-seen-in-public-by-march-31,mojtaba-khamenei-public-appearance-by,0
2021,will-netanyahu-be-pardoned-by-june-30,will-netanyahu-be-pardoned-by-june-30,0
2022,will-any-european-country-expel-an-israeli-ambassador-by-march-31,will-any-european-country-expel-an-israeli-ambassador-by-march-31,0
2023,will-usd-fall-to-1pt3m-iranian-rials-by-march-31-476-423-961,will-usd-hit-iranian-rials-by-march-31,0
2024,will-usd-fall-to-1pt4m-iranian-rials-by-march-31-256-348-996,will-usd-hit-iranian-rials-by-march-31,0
2025,mojtaba-khamenei-leaves-iran-by-april-30-2026,mojtaba-khamenei-leaves-iran-by,0
2026,mojtaba-khamenei-leaves-iran-by-march-31-2026,mojtaba-khamenei-leaves-iran-by,0
2027,will-trump-talk-to-mojtaba-khamenei-by-march-31,will-trump-talk-to-mojtaba-khamenei-by-march-31,0
2028,will-an-iranian-agent-be-charged-in-the-us-by-april-30,will-an-iranian-agent-be-charged-in-the-us-by-april-30,0
2029,us-escorts-commercial-ship-through-hormuz-by-march-31,us-escorts-commercial-ship-through-hormuz-by-march-31,0
2030,internet-access-restored-in-iran-by-april-30-2026,internet-access-restored-in-iran-by,0
2031,internet-access-restored-in-iran-by-march-31-2026,internet-access-restored-in-iran-by,0
2032,military-action-against-iran-ends-on-march-11-2026,military-action-against-iran-ends-on,0
2033,military-action-against-iran-ends-on-march-12-2026,military-action-against-iran-ends-on,0
2034,military-action-against-iran-ends-on-march-13-2026,military-action-against-iran-ends-on,0
2035,military-action-against-iran-ends-on-march-14-2026,military-action-against-iran-ends-on,0
2036,military-action-against-iran-ends-on-march-15-2026,military-action-against-iran-ends-on,0
2037,military-action-against-iran-ends-on-march-16-2026,military-action-against-iran-ends-on,0
2038,military-action-against-iran-ends-on-march-17-2026,military-action-against-iran-ends-on,0
2039,military-action-against-iran-ends-on-march-18-2026,military-action-against-iran-ends-on,0
2040,military-action-against-iran-ends-on-march-19-2026,military-action-against-iran-ends-on,0
2041,military-action-against-iran-ends-on-march-20-2026,military-action-against-iran-ends-on,0
2042,military-action-against-iran-ends-on-march-21-2026,military-action-against-iran-ends-on,0
2043,military-action-against-iran-ends-on-march-22-2026,military-action-against-iran-ends-on,0
2044,military-action-against-iran-ends-on-march-23-2026,military-action-against-iran-ends-on,0
2045,military-action-against-iran-ends-on-march-24-2026,military-action-against-iran-ends-on,0
2046,military-action-against-iran-ends-on-march-25-2026,military-action-against-iran-ends-on,0
2047,military-action-against-iran-ends-on-march-26-2026,military-action-against-iran-ends-on,0
2048,military-action-against-iran-ends-on-march-27-2026,military-action-against-iran-ends-on,0
2049,military-action-against-iran-ends-on-march-28-2026,military-action-against-iran-ends-on,0
2050,military-action-against-iran-ends-on-march-29-2026,military-action-against-iran-ends-on,0
2051,military-action-against-iran-ends-on-march-30-2026,military-action-against-iran-ends-on,0
2052,military-action-against-iran-ends-on-march-31-2026,military-action-against-iran-ends-on,0
2053,military-action-against-iran-continues-through-march-31-2026,military-action-against-iran-ends-on,0
2054,iran-x-israelus-conflict-ends-by-april-15-618-586-982,iran-x-israelus-conflict-ends-by,0
2055,us-x-iran-ceasefire-by-april-15,us-x-iran-ceasefire-by,0
2056,iran-x-israelus-conflict-ends-by-april-30-766-662-668-546,iran-x-israelus-conflict-ends-by,0
2057,us-x-iran-meeting-by-june-30-2026-195-186-115-194-993,us-x-iran-diplomatic-meeting-by-833,0
2058,us-x-iran-meeting-by-april-30-2026-392-855-478-875-817,us-x-iran-diplomatic-meeting-by-833,0
2059,us-x-iran-ceasefire-by-december-31,us-x-iran-ceasefire-by,0
2060,iran-x-israelus-conflict-ends-by-december-31-788-548,iran-x-israelus-conflict-ends-by,0
2061,mojtaba-khamenei-seen-in-public-by-april-30,mojtaba-khamenei-public-appearance-by,0
2062,military-action-against-iran-ends-by-march-11-2026,military-action-against-iran-ends-by,0
2063,military-action-against-iran-ends-by-march-13-2026,military-action-against-iran-ends-by,0
2064,military-action-against-iran-ends-by-march-23-2026,military-action-against-iran-ends-by,0
2065,military-action-against-iran-ends-by-march-25-2026,military-action-against-iran-ends-by,0
2066,military-action-against-iran-ends-by-march-27-2026,military-action-against-iran-ends-by,0
2067,military-action-against-iran-ends-by-march-30-2026,military-action-against-iran-ends-by,0
2068,us-x-iran-ceasefire-before-trump-visits-china,us-x-iran-ceasefire-before-trump-visits-china,0
2069,military-action-against-iran-ends-by-march-31-2026,military-action-against-iran-ends-by,0
2070,russia-x-ukraine-ceasefire-before-us-x-iran-ceasefire,russia-x-ukraine-ceasefire-before-us-x-iran-ceasefire,0
2071,military-action-against-iran-ends-by-march-14-2026,military-action-against-iran-ends-by,0
2072,military-action-against-iran-ends-by-march-28-2026,military-action-against-iran-ends-by,0
2073,military-action-against-iran-ends-by-march-15-2026,military-action-against-iran-ends-by,0
2074,military-action-against-iran-ends-by-march-26-2026,military-action-against-iran-ends-by,0
2075,military-action-against-iran-ends-by-march-22-2026,military-action-against-iran-ends-by,0
2076,military-action-against-iran-ends-by-march-29-2026,military-action-against-iran-ends-by,0
2077,military-action-against-iran-ends-by-march-24-2026,military-action-against-iran-ends-by,0
2078,military-action-against-iran-ends-by-march-17-2026,military-action-against-iran-ends-by,0
2079,military-action-against-iran-ends-by-march-21-2026,military-action-against-iran-ends-by,0
2080,military-action-against-iran-ends-by-march-16-2026,military-action-against-iran-ends-by,0
2081,military-action-against-iran-ends-by-march-18-2026,military-action-against-iran-ends-by,0
2083,military-action-against-iran-ends-by-march-20-2026,military-action-against-iran-ends-by,0
2084,military-action-against-iran-ends-by-march-12-2026,military-action-against-iran-ends-by,0
2085,military-action-against-iran-ends-by-march-19-2026,military-action-against-iran-ends-by,0
2086,kharg-island-no-longer-under-iranian-control-by-march-31,kharg-island-no-longer-under-iranian-control-by-march-31,0
2087,kharg-island-no-longer-under-iranian-control-by-april-30-912,kharg-island-no-longer-under-iranian-control-by-march-31,0
2088,israeli-forces-enter-beirut-by-april-30-2026,israeli-forces-enter-beirut-by,0
2089,will-15-19-ships-transit-the-strait-of-hormuz-between-march-17-23,how-many-ships-transit-the-strait-of-hormuz-this-week-mar-17-23,0
2090,will-fewer-than-10-ships-transit-the-strait-of-hormuz-between-march-17-23,how-many-ships-transit-the-strait-of-hormuz-this-week-mar-17-23,0
2091,will-10-14-ships-transit-the-strait-of-hormuz-between-march-17-23,how-many-ships-transit-the-strait-of-hormuz-this-week-mar-17-23,0
2092,will-20-24-ships-transit-the-strait-of-hormuz-between-march-17-23,how-many-ships-transit-the-strait-of-hormuz-this-week-mar-17-23,0
2093,will-25-29-ships-transit-the-strait-of-hormuz-between-march-17-23,how-many-ships-transit-the-strait-of-hormuz-this-week-mar-17-23,0
2094,will-30-34-ships-transit-the-strait-of-hormuz-between-march-17-23,how-many-ships-transit-the-strait-of-hormuz-this-week-mar-17-23,0
2095,will-35-39-ships-transit-the-strait-of-hormuz-between-march-17-23,how-many-ships-transit-the-strait-of-hormuz-this-week-mar-17-23,0
2096,will-40-44-ships-transit-the-strait-of-hormuz-between-march-17-23,how-many-ships-transit-the-strait-of-hormuz-this-week-mar-17-23,0
2097,will-45-or-more-ships-transit-the-strait-of-hormuz-between-march-17-23,how-many-ships-transit-the-strait-of-hormuz-this-week-mar-17-23,0
2098,israeli-forces-enter-beirut-by-march-31-2026,israeli-forces-enter-beirut-by,0
2099,will-the-number-of-israel-rocket-alerts-since-operation-lions-roar-be-at-least-24000-by-march-20-917,israel-rocket-alerts-by-march-20,0
2100,will-the-number-of-israel-rocket-alerts-since-operation-lions-roar-be-at-least-22000-by-march-20-654,israel-rocket-alerts-by-march-20,0
2101,will-the-number-of-israel-rocket-alerts-since-operation-lions-roar-be-at-least-20000-by-march-20-423,israel-rocket-alerts-by-march-20,0
2102,will-iran-strike-italy-by-march-31,which-countries-will-iran-strike-in-march,0
2103,will-iran-strike-oman-again-in-march,which-countries-will-iran-strike-in-march,0
2104,will-iran-strike-uae-again-in-march,which-countries-will-iran-strike-in-march,0
2105,will-iran-strike-armenia-by-march-31,which-countries-will-iran-strike-in-march,0
2106,will-iran-strike-hungary-by-march-31,which-countries-will-iran-strike-in-march,0
2107,will-iran-strike-qatar-again-in-march,which-countries-will-iran-strike-in-march,0
2108,will-iran-strike-ukraine-by-march-31,which-countries-will-iran-strike-in-march,0
2109,will-iran-strike-israel-again-in-march,which-countries-will-iran-strike-in-march,0
2110,will-iran-strike-poland-by-march-31,which-countries-will-iran-strike-in-march,0
2111,will-iran-strike-india-in-march,which-countries-will-iran-strike-in-march,0
2112,will-iran-strike-iraq-again-in-march,which-countries-will-iran-strike-in-march,0
2113,will-iran-strike-georgia-by-march-31,which-countries-will-iran-strike-in-march,0
2114,will-iran-strike-azerbaijan-by-march-31,which-countries-will-iran-strike-in-march,0
2115,will-iran-strike-saudi-arabia-again-in-march,which-countries-will-iran-strike-in-march,0
2116,will-iran-strike-spain-by-march-31,which-countries-will-iran-strike-in-march,0
2117,will-iran-strike-france-by-march-31,which-countries-will-iran-strike-in-march,0
2118,will-iran-strike-jordan-again-in-march,which-countries-will-iran-strike-in-march,0
2119,will-iran-strike-kuwait-again-in-march,which-countries-will-iran-strike-in-march,0
2120,will-iran-strike-germany-by-march-31,which-countries-will-iran-strike-in-march,0
2121,will-iran-strike-bahrain-again-in-march,which-countries-will-iran-strike-in-march,0
2122,will-iran-strike-the-united-kingdom-by-march-31,which-countries-will-iran-strike-in-march,0
2123,will-iran-successfully-target-shipping-on-march-18-2026-783,iran-successfully-targets-shipping-on,0
2124,will-iran-successfully-target-shipping-on-march-28-2026-896,iran-successfully-targets-shipping-on,0
2125,will-iran-successfully-target-shipping-on-march-30-2026-469,iran-successfully-targets-shipping-on,0
2126,will-iran-successfully-target-shipping-on-march-31-2026-564,iran-successfully-targets-shipping-on,0
2127,will-iran-successfully-target-shipping-on-march-22-2026-455,iran-successfully-targets-shipping-on,0
2128,will-iran-successfully-target-shipping-on-march-29-2026-519,iran-successfully-targets-shipping-on,0
2129,will-iran-successfully-target-shipping-on-march-25-2026-532,iran-successfully-targets-shipping-on,0
2130,will-iran-successfully-target-shipping-on-march-26-2026-611,iran-successfully-targets-shipping-on,0
2131,will-iran-successfully-target-shipping-on-march-27-2026-639,iran-successfully-targets-shipping-on,0
2132,will-iran-successfully-target-shipping-on-march-24-2026-936,iran-successfully-targets-shipping-on,0
2133,will-iran-successfully-target-shipping-on-march-21-2026-588,iran-successfully-targets-shipping-on,0
2134,will-iran-successfully-target-shipping-on-march-23-2026-494,iran-successfully-targets-shipping-on,0
2135,will-iran-successfully-target-shipping-on-march-20-2026-221,iran-successfully-targets-shipping-on,0
2136,will-iran-successfully-target-shipping-on-march-19-2026-397,iran-successfully-targets-shipping-on,0
2137,will-fewer-than-5-ships-be-successfully-targeted-by-iran-by-march-31,how-many-ships-will-iran-successfully-target-by-march-31,0
2138,will-57-ships-be-successfully-targeted-by-iran-by-march-31,how-many-ships-will-iran-successfully-target-by-march-31,0
2139,will-810-ships-be-successfully-targeted-by-iran-by-march-31,how-many-ships-will-iran-successfully-target-by-march-31,0
2140,will-1113-ships-be-successfully-targeted-by-iran-by-march-31,how-many-ships-will-iran-successfully-target-by-march-31,0
2141,will-1416-ships-be-successfully-targeted-by-iran-by-march-31,how-many-ships-will-iran-successfully-target-by-march-31,0
2142,houthis-successfully-target-shipping-by-march-31,houthis-successfully-target-shipping-by-march-31,0
2143,will-1719-ships-be-successfully-targeted-by-iran-by-march-31,how-many-ships-will-iran-successfully-target-by-march-31,0
2144,will-20-or-more-ships-be-successfully-targeted-by-iran-by-march-31,how-many-ships-will-iran-successfully-target-by-march-31,0
2146,will-israel-launch-a-ground-operation-in-iran-by-april-30-2026,israel-ground-operation-in-iran-confirmed-by,0
2147,will-israel-launch-a-ground-operation-in-iran-by-march-31-2026,israel-ground-operation-in-iran-confirmed-by,0
2148,will-iran-conduct-a-military-action-against-israel-on-march-22-2026-392,iran-military-action-against-israel-on,0
2149,will-iran-conduct-a-military-action-against-israel-on-march-24-2026-996,iran-military-action-against-israel-on,0
2150,will-iran-conduct-a-military-action-against-israel-on-march-28-2026-519,iran-military-action-against-israel-on,0
2151,will-iran-conduct-a-military-action-against-israel-on-march-27-2026-182,iran-military-action-against-israel-on,0
2152,will-iran-conduct-a-military-action-against-israel-on-march-29-2026-897,iran-military-action-against-israel-on,0
2153,will-iran-conduct-a-military-action-against-israel-on-march-19-2026-486,iran-military-action-against-israel-on,0
2154,will-iran-conduct-a-military-action-against-israel-on-march-20-2026-353,iran-military-action-against-israel-on,0
2155,will-iran-conduct-a-military-action-against-israel-on-march-31-2026-112,iran-military-action-against-israel-on,0
2156,will-iran-conduct-a-military-action-against-israel-on-march-30-2026-933,iran-military-action-against-israel-on,0
2157,will-iran-conduct-a-military-action-against-israel-on-march-18-2026-626,iran-military-action-against-israel-on,0
2158,will-iran-conduct-a-military-action-against-israel-on-march-26-2026-528,iran-military-action-against-israel-on,0
2159,will-iran-conduct-a-military-action-against-israel-on-march-21-2026-151,iran-military-action-against-israel-on,0
2160,will-iran-conduct-a-military-action-against-israel-on-march-25-2026-431,iran-military-action-against-israel-on,0
2161,will-iran-conduct-a-military-action-against-israel-on-march-23-2026-964,iran-military-action-against-israel-on,0
2162,israeli-forces-cross-the-litani-river-by-june-30,israeli-forces-cross-the-litani-river-by-june-30,0
2163,will-israel-take-military-action-in-lebanon-on-march-27-2026,israel-military-action-against-lebanon-on,0
2164,will-israel-take-military-action-in-lebanon-on-march-23-2026,israel-military-action-against-lebanon-on,0
2165,will-israel-take-military-action-in-lebanon-on-march-29-2026,israel-military-action-against-lebanon-on,0
2166,will-israel-take-military-action-in-lebanon-on-march-31-2026,israel-military-action-against-lebanon-on,0
2167,will-israel-take-military-action-in-lebanon-on-march-30-2026,israel-military-action-against-lebanon-on,0
2168,will-israel-take-military-action-in-lebanon-on-march-20-2026,israel-military-action-against-lebanon-on,0
2169,will-israel-take-military-action-in-lebanon-on-march-22-2026,israel-military-action-against-lebanon-on,0
2170,will-israel-take-military-action-in-lebanon-on-march-21-2026,israel-military-action-against-lebanon-on,0
2171,will-israel-take-military-action-in-lebanon-on-march-26-2026,israel-military-action-against-lebanon-on,0
2172,will-israel-take-military-action-in-lebanon-on-march-19-2026,israel-military-action-against-lebanon-on,0
2173,will-israel-take-military-action-in-lebanon-on-march-25-2026,israel-military-action-against-lebanon-on,0
2174,will-israel-take-military-action-in-lebanon-on-march-18-2026,israel-military-action-against-lebanon-on,0
2175,will-israel-take-military-action-in-lebanon-on-march-28-2026,israel-military-action-against-lebanon-on,0
2176,will-israel-take-military-action-in-lebanon-on-march-24-2026,israel-military-action-against-lebanon-on,0
2177,will-iran-take-military-action-against-a-gulf-state-on-march-19-2026,iran-military-action-against-a-gulf-state-on,0
2178,will-iran-take-military-action-against-a-gulf-state-on-march-21-2026,iran-military-action-against-a-gulf-state-on,0
2179,will-iran-take-military-action-against-a-gulf-state-on-march-26-2026,iran-military-action-against-a-gulf-state-on,0
2180,will-iran-take-military-action-against-a-gulf-state-on-march-18-2026,iran-military-action-against-a-gulf-state-on,0
2181,will-iran-take-military-action-against-a-gulf-state-on-march-24-2026,iran-military-action-against-a-gulf-state-on,0
2182,will-iran-take-military-action-against-a-gulf-state-on-march-22-2026,iran-military-action-against-a-gulf-state-on,0
2183,will-iran-take-military-action-against-a-gulf-state-on-march-27-2026,iran-military-action-against-a-gulf-state-on,0
2184,will-iran-take-military-action-against-a-gulf-state-on-march-28-2026,iran-military-action-against-a-gulf-state-on,0
2185,will-iran-take-military-action-against-a-gulf-state-on-march-30-2026,iran-military-action-against-a-gulf-state-on,0
2186,will-iran-take-military-action-against-a-gulf-state-on-march-20-2026,iran-military-action-against-a-gulf-state-on,0
2187,will-iran-take-military-action-against-a-gulf-state-on-march-23-2026,iran-military-action-against-a-gulf-state-on,0
2188,will-iran-take-military-action-against-a-gulf-state-on-march-25-2026,iran-military-action-against-a-gulf-state-on,0
2189,will-iran-take-military-action-against-a-gulf-state-on-march-31-2026,iran-military-action-against-a-gulf-state-on,0
2190,will-iran-take-military-action-against-a-gulf-state-on-march-29-2026,iran-military-action-against-a-gulf-state-on,0
2191,will-israel-conduct-military-action-in-greater-beirut-on-march-21-2026,israel-military-action-against-beirut-on,0
2192,will-israel-conduct-military-action-in-greater-beirut-on-march-28-2026,israel-military-action-against-beirut-on,0
2193,will-israel-conduct-military-action-in-greater-beirut-on-march-31-2026,israel-military-action-against-beirut-on,0
2194,will-israel-conduct-military-action-in-greater-beirut-on-march-30-2026,israel-military-action-against-beirut-on,0
2195,will-israel-conduct-military-action-in-greater-beirut-on-march-19-2026,israel-military-action-against-beirut-on,0
2196,will-israel-conduct-military-action-in-greater-beirut-on-march-29-2026,israel-military-action-against-beirut-on,0
2197,will-israel-conduct-military-action-in-greater-beirut-on-march-22-2026,israel-military-action-against-beirut-on,0
2198,will-israel-conduct-military-action-in-greater-beirut-on-march-20-2026,israel-military-action-against-beirut-on,0
2199,will-israel-conduct-military-action-in-greater-beirut-on-march-18-2026,israel-military-action-against-beirut-on,0
2200,will-israel-conduct-military-action-in-greater-beirut-on-march-27-2026,israel-military-action-against-beirut-on,0
2201,will-israel-conduct-military-action-in-greater-beirut-on-march-25-2026,israel-military-action-against-beirut-on,0
2202,will-israel-conduct-military-action-in-greater-beirut-on-march-23-2026,israel-military-action-against-beirut-on,0
2203,will-israel-conduct-military-action-in-greater-beirut-on-march-24-2026,israel-military-action-against-beirut-on,0
2204,will-israel-conduct-military-action-in-greater-beirut-on-march-26-2026,israel-military-action-against-beirut-on,0
2205,houthi-military-action-against-saudi-arabia-by-march-31,houthi-military-action-against-saudi-arabia-by-march-31,0
2206,hezbollah-military-action-against-israel-by-march-20,hezbollah-military-action-against-israel-by-march-20,0
2211,saudi-arabia-military-action-against-yemen-by-march-31,saudi-arabia-military-action-against-yemen-by,0
2212,will-usd-reach-1pt6m-iranian-rials-by-march-31,will-usd-hit-iranian-rials-by-march-31,0
2213,will-usd-reach-1pt5m-iranian-rials-by-march-31-781,will-usd-hit-iranian-rials-by-march-31,0
2214,netanyahu-out-by-april-30,netanyahu-out-before-2027,0
2216,will-another-country-conduct-military-action-against-iran-by-april-30-2026,will-another-country-conduct-military-action-against-iran-by,0
2217,will-another-country-conduct-military-action-against-iran-by-april-15-2026,will-another-country-conduct-military-action-against-iran-by,0
2218,us-escorts-commercial-ship-through-hormuz-by-april-30-894,us-escorts-commercial-ship-through-hormuz-by-march-31,0
2219,houthi-military-action-against-israel-by-april-30-2026,houthi-military-action-against-israel-by,0
2220,houthi-military-action-against-israel-by-april-15-2026,houthi-military-action-against-israel-by,0
2221,trump-announces-end-of-military-operations-against-iran-by-april-15th-962-364-677,trump-announces-end-of-military-operations-against-iran-by,0
2222,will-reza-pahlavi-enter-iran-by-april-30,will-reza-pahlavi-enter-iran-by-june-30,0
2223,will-hezbollah-conduct-military-action-against-israel-on-march-31-2026-119,hezbollah-military-action-against-israel-on,0
2224,will-hezbollah-conduct-military-action-against-israel-on-march-30-2026-278,hezbollah-military-action-against-israel-on,0
2225,will-hezbollah-conduct-military-action-against-israel-on-march-25-2026-968,hezbollah-military-action-against-israel-on,0
2226,will-hezbollah-conduct-military-action-against-israel-on-march-23-2026-979,hezbollah-military-action-against-israel-on,0
2227,will-hezbollah-conduct-military-action-against-israel-on-march-27-2026-153,hezbollah-military-action-against-israel-on,0
2228,will-hezbollah-conduct-military-action-against-israel-on-march-28-2026-174,hezbollah-military-action-against-israel-on,0
2229,will-hezbollah-conduct-military-action-against-israel-on-march-29-2026-526,hezbollah-military-action-against-israel-on,0
2230,will-hezbollah-conduct-military-action-against-israel-on-march-24-2026-647,hezbollah-military-action-against-israel-on,0
2231,will-hezbollah-conduct-military-action-against-israel-on-march-26-2026-253,hezbollah-military-action-against-israel-on,0
2232,will-hezbollah-conduct-military-action-against-israel-on-march-22-2026-854,hezbollah-military-action-against-israel-on,0
2233,will-iran-strike-leviathan-field-by-march-31,what-will-iran-strike-by-march-31,0
2234,will-hezbollah-conduct-military-action-against-israel-on-march-21-2026-123,hezbollah-military-action-against-israel-on,0
2235,will-iran-strike-burj-khalifa-by-march-31,what-will-iran-strike-by-march-31,0
2236,will-iran-strike-habshan-field-or-any-processing-plants-of-the-habshan-complex-by-march-31,what-will-iran-strike-by-march-31,0
2237,will-iran-strike-ras-tanura-by-march-31,what-will-iran-strike-by-march-31,0
2238,will-iran-strike-eastwest-crude-oil-pipeline-by-march-31,what-will-iran-strike-by-march-31,0
2239,will-iran-strike-khurais-field-by-march-31,what-will-iran-strike-by-march-31,0
2240,will-iran-strike-ras-laffan-industrial-city-again-by-march-31,what-will-iran-strike-by-march-31,0
2241,will-iran-sabotage-undersea-internet-cables-by-april-30,will-iran-sabotage-undersea-internet-cables-by-april-30,0
2242,will-iran-strike-leviathan-field-by-april-30,what-will-iran-conduct-military-action-against-by-april-30,0
2243,will-iran-strike-ras-tanura-by-april-30,what-will-iran-conduct-military-action-against-by-april-30,0
2244,will-iran-strike-safaniya-field-by-april-30,what-will-iran-conduct-military-action-against-by-april-30,0
2245,will-iran-strike-abqaiq-oil-processing-facility-by-april-30,what-will-iran-conduct-military-action-against-by-april-30,0
2246,will-iran-strike-khurais-field-by-april-30,what-will-iran-conduct-military-action-against-by-april-30,0
2247,will-iran-strike-al-zour-refinery-by-april-30,what-will-iran-conduct-military-action-against-by-april-30,0
2248,will-iran-strike-ghawar-field-by-april-30,what-will-iran-conduct-military-action-against-by-april-30,0
2249,will-iran-strike-burj-khalifa-by-april-30,what-will-iran-conduct-military-action-against-by-april-30,0
2250,will-iran-strike-ras-laffan-industrial-city-again-by-april-30,what-will-iran-conduct-military-action-against-by-april-30,0
2251,will-iran-strike-mina-al-ahmadi-refinery-by-april-30,what-will-iran-conduct-military-action-against-by-april-30,0
2252,will-iran-strike-habshan-field-or-any-processing-plants-of-the-habshan-complex-by-april-30,what-will-iran-conduct-military-action-against-by-april-30,0
2253,will-iran-strike-eastwest-crude-oil-pipeline-by-april-30,what-will-iran-conduct-military-action-against-by-april-30,0
2254,will-iran-strike-dimona-by-april-30,what-will-iran-conduct-military-action-against-by-april-30,0
2255,will-iran-strike-ruwais-refinery-by-april-30,what-will-iran-conduct-military-action-against-by-april-30,0
2256,will-kuwait-strike-iran-by-april-30,which-countries-will-conduct-military-action-against-iran-by-april-30,0
2257,will-qatar-strike-iran-by-april-30,which-countries-will-conduct-military-action-against-iran-by-april-30,0
2258,will-germany-strike-iran-by-april-30,which-countries-will-conduct-military-action-against-iran-by-april-30,0
2259,will-turkey-strike-iran-by-april-30,which-countries-will-conduct-military-action-against-iran-by-april-30,0
2260,will-oman-strike-iran-by-april-30,which-countries-will-conduct-military-action-against-iran-by-april-30,0
2261,will-france-strike-iran-by-april-30,which-countries-will-conduct-military-action-against-iran-by-april-30,0
2262,will-any-eu-country-strike-iran-by-april-30,which-countries-will-conduct-military-action-against-iran-by-april-30,0
2263,will-canada-strike-iran-by-april-30,which-countries-will-conduct-military-action-against-iran-by-april-30,0
2264,will-jordan-strike-iran-by-april-30,which-countries-will-conduct-military-action-against-iran-by-april-30,0
2265,will-uk-strike-iran-by-april-30,which-countries-will-conduct-military-action-against-iran-by-april-30,0
2266,will-saudi-arabia-strike-iran-by-april-30,which-countries-will-conduct-military-action-against-iran-by-april-30,0
2267,will-bahrain-strike-iran-by-april-30,which-countries-will-conduct-military-action-against-iran-by-april-30,0
2268,will-uae-strike-iran-by-april-30,which-countries-will-conduct-military-action-against-iran-by-april-30,0
2269,houthi-strike-on-israel-by-april-15-2026,houthi-strike-on-israel-by-632,0
2270,will-60-ships-transit-the-strait-of-hormuz-on-any-day-by-april-30,will-ships-transit-the-strait-of-hormuz-on-any-day-by-end-of-april,0
2271,will-20-ships-transit-the-strait-of-hormuz-on-any-day-by-april-30,will-ships-transit-the-strait-of-hormuz-on-any-day-by-end-of-april,0
2272,will-there-be-between-0-and-10-average-daily-transits-of-the-strait-of-hormuz-on-april-30-753,avg-of-ships-transiting-strait-of-hormuz-end-of-april,0
2273,will-80-ships-transit-the-strait-of-hormuz-on-any-day-by-april-30,will-ships-transit-the-strait-of-hormuz-on-any-day-by-end-of-april,0
2274,will-there-be-between-10-and-20-average-daily-transits-of-the-strait-of-hormuz-on-april-30-633,avg-of-ships-transiting-strait-of-hormuz-end-of-april,0
2275,will-there-be-between-30-and-40-average-daily-transits-of-the-strait-of-hormuz-on-april-30-332,avg-of-ships-transiting-strait-of-hormuz-end-of-april,0
2279,will-there-be-between-40-and-50-average-daily-transits-of-the-strait-of-hormuz-on-april-30-318,avg-of-ships-transiting-strait-of-hormuz-end-of-april,0
2280,will-there-be-between-20-and-30-average-daily-transits-of-the-strait-of-hormuz-on-april-30-234,avg-of-ships-transiting-strait-of-hormuz-end-of-april,0
2281,will-israel-take-military-action-in-lebanon-on-april-3-2026,israel-military-action-against-lebanon-on-178,0
2282,will-israel-take-military-action-in-lebanon-on-april-26-2026,israel-military-action-against-lebanon-on-178,0
2284,saudi-arabia-military-action-against-yemen-by-april-30,saudi-arabia-military-action-against-yemen-by,0
2285,will-israel-take-military-action-in-lebanon-on-april-2-2026,israel-military-action-against-lebanon-on-178,0
2288,will-israel-take-military-action-in-lebanon-on-april-6-2026,israel-military-action-against-lebanon-on-178,0
2290,will-40-ships-transit-the-strait-of-hormuz-on-any-day-by-april-30,will-ships-transit-the-strait-of-hormuz-on-any-day-by-end-of-april,0
2292,will-there-be-between-50-and-60-average-daily-transits-of-the-strait-of-hormuz-on-april-30-215,avg-of-ships-transiting-strait-of-hormuz-end-of-april,0
2293,will-israel-take-military-action-in-lebanon-on-april-9-2026,israel-military-action-against-lebanon-on-178,0
2296,will-there-be-60-or-more-average-daily-transits-of-the-strait-of-hormuz-on-april-30-965,avg-of-ships-transiting-strait-of-hormuz-end-of-april,0
2298,will-there-be-between-0-and-10-average-daily-transits-of-the-strait-of-hormuz-on-april-3,avg-of-ships-transiting-strait-of-hormuz-on-april-3,0
2299,will-there-be-between-10-and-20-average-daily-transits-of-the-strait-of-hormuz-on-april-3,avg-of-ships-transiting-strait-of-hormuz-on-april-3,0
2301,will-israel-take-military-action-in-lebanon-on-april-13-2026,israel-military-action-against-lebanon-on-178,0
2302,will-there-be-between-20-and-30-average-daily-transits-of-the-strait-of-hormuz-on-april-3,avg-of-ships-transiting-strait-of-hormuz-on-april-3,0
2303,will-israel-take-military-action-in-lebanon-on-april-1-2026,israel-military-action-against-lebanon-on-178,0
2304,will-israel-take-military-action-in-lebanon-on-april-7-2026,israel-military-action-against-lebanon-on-178,0
2305,will-there-be-between-40-and-50-average-daily-transits-of-the-strait-of-hormuz-on-april-3,avg-of-ships-transiting-strait-of-hormuz-on-april-3,0
2306,will-there-be-between-50-and-60-average-daily-transits-of-the-strait-of-hormuz-on-april-3,avg-of-ships-transiting-strait-of-hormuz-on-april-3,0
2307,will-there-be-between-30-and-40-average-daily-transits-of-the-strait-of-hormuz-on-april-3,avg-of-ships-transiting-strait-of-hormuz-on-april-3,0
2308,will-there-be-60-or-more-average-daily-transits-of-the-strait-of-hormuz-on-april-3,avg-of-ships-transiting-strait-of-hormuz-on-april-3,0
2309,will-israel-take-military-action-in-lebanon-on-april-28-2026,israel-military-action-against-lebanon-on-178,0
2310,will-israel-take-military-action-in-lebanon-on-april-11-2026,israel-military-action-against-lebanon-on-178,0
2312,will-israel-take-military-action-in-lebanon-on-april-10-2026,israel-military-action-against-lebanon-on-178,0
2313,will-israel-take-military-action-in-lebanon-on-april-4-2026,israel-military-action-against-lebanon-on-178,0
2314,will-israel-take-military-action-in-lebanon-on-april-5-2026,israel-military-action-against-lebanon-on-178,0
2315,will-israel-take-military-action-in-lebanon-on-april-22-2026,israel-military-action-against-lebanon-on-178,0
2316,will-israel-take-military-action-in-lebanon-on-april-8-2026,israel-military-action-against-lebanon-on-178,0
2317,will-israel-conduct-military-action-in-greater-beirut-on-april-5-2026,israel-military-action-against-beirut-on-522,0
2318,will-israel-conduct-military-action-in-greater-beirut-on-april-19-2026,israel-military-action-against-beirut-on-522,0
2319,will-israel-conduct-military-action-in-greater-beirut-on-april-12-2026,israel-military-action-against-beirut-on-522,0
2320,will-israel-conduct-military-action-in-greater-beirut-on-april-9-2026,israel-military-action-against-beirut-on-522,0
2321,will-israel-conduct-military-action-in-greater-beirut-on-april-1-2026,israel-military-action-against-beirut-on-522,0
2323,will-israel-conduct-military-action-in-greater-beirut-on-april-3-2026,israel-military-action-against-beirut-on-522,0
2324,will-israel-conduct-military-action-in-greater-beirut-on-april-8-2026,israel-military-action-against-beirut-on-522,0
2325,will-iran-conduct-a-military-action-against-israel-on-april-1-2026,iran-military-action-against-israel-on-628,0
2326,will-israel-conduct-military-action-in-greater-beirut-on-april-7-2026,israel-military-action-against-beirut-on-522,0
2327,will-hezbollah-conduct-military-action-against-israel-on-april-7-2026,hezbollah-military-action-against-israel-on-551,0
2333,will-israel-conduct-military-action-in-greater-beirut-on-april-13-2026,israel-military-action-against-beirut-on-522,0
2335,will-iran-conduct-a-military-action-against-israel-on-april-6-2026,iran-military-action-against-israel-on-628,0
2336,will-iran-conduct-a-military-action-against-israel-on-april-15-2026,iran-military-action-against-israel-on-628,0
2337,will-iran-conduct-a-military-action-against-israel-on-april-16-2026,iran-military-action-against-israel-on-628,0
2338,will-iran-conduct-a-military-action-against-israel-on-april-30-2026,iran-military-action-against-israel-on-628,0
2339,will-hezbollah-conduct-military-action-against-israel-on-april-4-2026,hezbollah-military-action-against-israel-on-551,0
2340,will-hezbollah-conduct-military-action-against-israel-on-april-2-2026,hezbollah-military-action-against-israel-on-551,0
2342,will-iran-conduct-a-military-action-against-israel-on-april-29-2026,iran-military-action-against-israel-on-628,0
2343,will-iran-conduct-a-military-action-against-israel-on-april-25-2026,iran-military-action-against-israel-on-628,0
2344,will-iran-conduct-a-military-action-against-israel-on-april-11-2026,iran-military-action-against-israel-on-628,0
2345,will-iran-conduct-a-military-action-against-israel-on-april-24-2026,iran-military-action-against-israel-on-628,0
2346,will-israel-conduct-military-action-in-greater-beirut-on-april-18-2026,israel-military-action-against-beirut-on-522,0
2347,will-iran-conduct-a-military-action-against-israel-on-april-23-2026,iran-military-action-against-israel-on-628,0
2348,will-hezbollah-conduct-military-action-against-israel-on-april-9-2026,hezbollah-military-action-against-israel-on-551,0
2349,will-hezbollah-conduct-military-action-against-israel-on-april-10-2026,hezbollah-military-action-against-israel-on-551,0
2350,will-hezbollah-conduct-military-action-against-israel-on-april-1-2026,hezbollah-military-action-against-israel-on-551,0
2353,will-iran-conduct-a-military-action-against-israel-on-april-12-2026,iran-military-action-against-israel-on-628,0
2354,will-iran-conduct-a-military-action-against-israel-on-april-5-2026,iran-military-action-against-israel-on-628,0
2355,will-iran-conduct-a-military-action-against-israel-on-april-27-2026,iran-military-action-against-israel-on-628,0
2358,will-iran-take-military-action-against-a-gulf-state-on-april-1-2026,iran-military-action-against-a-gulf-state-on-627,0
2362,will-hezbollah-conduct-military-action-against-israel-on-april-11-2026,hezbollah-military-action-against-israel-on-551,0
2363,will-iran-take-military-action-against-a-gulf-state-on-april-2-2026,iran-military-action-against-a-gulf-state-on-627,0
2367,will-iran-successfully-target-shipping-on-april-17-2026,iran-successfully-targets-shipping-on-346,0
2368,will-iran-conduct-a-military-action-against-israel-on-april-19-2026,iran-military-action-against-israel-on-628,0
2369,will-iran-successfully-target-shipping-on-april-3-2026,iran-successfully-targets-shipping-on-346,0
2370,will-iran-take-military-action-against-a-gulf-state-on-april-20-2026,iran-military-action-against-a-gulf-state-on-627,0
2372,will-iran-successfully-target-shipping-on-april-22-2026,iran-successfully-targets-shipping-on-346,0
2373,will-iran-successfully-target-shipping-on-april-7-2026,iran-successfully-targets-shipping-on-346,0
2374,will-iran-take-military-action-against-a-gulf-state-on-april-4-2026,iran-military-action-against-a-gulf-state-on-627,0
2375,will-israel-conduct-military-action-in-greater-beirut-on-april-10-2026,israel-military-action-against-beirut-on-522,0
2376,will-iran-take-military-action-against-a-gulf-state-on-april-12-2026,iran-military-action-against-a-gulf-state-on-627,0
2377,will-iran-conduct-a-military-action-against-israel-on-april-14-2026,iran-military-action-against-israel-on-628,0
2378,will-iran-take-military-action-against-a-gulf-state-on-april-23-2026,iran-military-action-against-a-gulf-state-on-627,0
2379,will-iran-successfully-target-shipping-on-april-29-2026,iran-successfully-targets-shipping-on-346,0
2380,will-iran-successfully-target-shipping-on-april-27-2026,iran-successfully-targets-shipping-on-346,0
2381,will-iran-take-military-action-against-a-gulf-state-on-april-11-2026,iran-military-action-against-a-gulf-state-on-627,0
2383,will-iran-successfully-target-shipping-on-april-15-2026,iran-successfully-targets-shipping-on-346,0
2384,will-israel-conduct-military-action-in-greater-beirut-on-april-17-2026,israel-military-action-against-beirut-on-522,0
2385,will-iran-conduct-a-military-action-against-israel-on-april-28-2026,iran-military-action-against-israel-on-628,0
2386,will-iran-conduct-a-military-action-against-israel-on-april-2-2026,iran-military-action-against-israel-on-628,0
2387,will-israel-conduct-military-action-in-greater-beirut-on-april-20-2026,israel-military-action-against-beirut-on-522,0
2388,will-israel-conduct-military-action-in-greater-beirut-on-april-6-2026,israel-military-action-against-beirut-on-522,0
2392,will-israel-conduct-military-action-in-greater-beirut-on-april-14-2026,israel-military-action-against-beirut-on-522,0
2393,will-iran-conduct-a-military-action-against-israel-on-april-17-2026,iran-military-action-against-israel-on-628,0
2395,will-iran-successfully-target-shipping-on-april-14-2026,iran-successfully-targets-shipping-on-346,0
2396,will-iran-take-military-action-against-a-gulf-state-on-april-15-2026,iran-military-action-against-a-gulf-state-on-627,0
2397,will-iran-conduct-a-military-action-against-israel-on-april-9-2026,iran-military-action-against-israel-on-628,0
2399,will-iran-take-military-action-against-a-gulf-state-on-april-17-2026,iran-military-action-against-a-gulf-state-on-627,0
2402,will-hezbollah-conduct-military-action-against-israel-on-april-8-2026,hezbollah-military-action-against-israel-on-551,0
2403,will-iran-successfully-target-shipping-on-april-1-2026,iran-successfully-targets-shipping-on-346,0
2404,will-iran-take-military-action-against-a-gulf-state-on-april-24-2026,iran-military-action-against-a-gulf-state-on-627,0
2405,will-iran-take-military-action-against-a-gulf-state-on-april-26-2026,iran-military-action-against-a-gulf-state-on-627,0
2407,will-hezbollah-conduct-military-action-against-israel-on-april-6-2026,hezbollah-military-action-against-israel-on-551,0
2408,will-iran-conduct-a-military-action-against-israel-on-april-21-2026,iran-military-action-against-israel-on-628,0
2409,will-iran-take-military-action-against-a-gulf-state-on-april-7-2026,iran-military-action-against-a-gulf-state-on-627,0
2410,will-iran-conduct-a-military-action-against-israel-on-april-4-2026,iran-military-action-against-israel-on-628,0
2411,will-iran-successfully-target-shipping-on-april-8-2026,iran-successfully-targets-shipping-on-346,0
2412,will-iran-conduct-a-military-action-against-israel-on-april-22-2026,iran-military-action-against-israel-on-628,0
2413,will-iran-successfully-target-shipping-on-april-9-2026,iran-successfully-targets-shipping-on-346,0
2414,will-hezbollah-conduct-military-action-against-israel-on-april-3-2026,hezbollah-military-action-against-israel-on-551,0
2416,will-iran-successfully-target-shipping-on-april-13-2026,iran-successfully-targets-shipping-on-346,0
2419,will-iran-conduct-a-military-action-against-israel-on-april-10-2026,iran-military-action-against-israel-on-628,0
2420,will-israel-conduct-military-action-in-greater-beirut-on-april-16-2026,israel-military-action-against-beirut-on-522,0
2421,will-iran-take-military-action-against-a-gulf-state-on-april-10-2026,iran-military-action-against-a-gulf-state-on-627,0
2422,will-iran-successfully-target-shipping-on-april-6-2026,iran-successfully-targets-shipping-on-346,0
2423,will-iran-take-military-action-against-a-gulf-state-on-april-30-2026,iran-military-action-against-a-gulf-state-on-627,0
2424,will-iran-conduct-a-military-action-against-israel-on-april-20-2026,iran-military-action-against-israel-on-628,0
2425,will-iran-successfully-target-shipping-on-april-11-2026,iran-successfully-targets-shipping-on-346,0
2426,will-iran-conduct-a-military-action-against-israel-on-april-8-2026,iran-military-action-against-israel-on-628,0
2427,will-iran-take-military-action-against-a-gulf-state-on-april-13-2026,iran-military-action-against-a-gulf-state-on-627,0
2428,will-iran-successfully-target-shipping-on-april-5-2026,iran-successfully-targets-shipping-on-346,0
2429,will-iran-conduct-a-military-action-against-israel-on-april-26-2026,iran-military-action-against-israel-on-628,0
2430,will-iran-take-military-action-against-a-gulf-state-on-april-9-2026,iran-military-action-against-a-gulf-state-on-627,0
2431,will-iran-take-military-action-against-a-gulf-state-on-april-27-2026,iran-military-action-against-a-gulf-state-on-627,0
2432,will-iran-take-military-action-against-a-gulf-state-on-april-6-2026,iran-military-action-against-a-gulf-state-on-627,0
2433,will-iran-take-military-action-against-a-gulf-state-on-april-28-2026,iran-military-action-against-a-gulf-state-on-627,0
2434,will-iran-successfully-target-shipping-on-april-28-2026,iran-successfully-targets-shipping-on-346,0
2438,will-israel-conduct-military-action-in-greater-beirut-on-april-2-2026,israel-military-action-against-beirut-on-522,0
2439,will-iran-conduct-a-military-action-against-israel-on-april-7-2026,iran-military-action-against-israel-on-628,0
2440,will-hezbollah-conduct-military-action-against-israel-on-april-5-2026,hezbollah-military-action-against-israel-on-551,0
2441,will-iran-take-military-action-against-a-gulf-state-on-april-8-2026,iran-military-action-against-a-gulf-state-on-627,0
2442,will-iran-conduct-a-military-action-against-israel-on-april-18-2026,iran-military-action-against-israel-on-628,0
2443,will-iran-take-military-action-against-a-gulf-state-on-april-29-2026,iran-military-action-against-a-gulf-state-on-627,0
2444,will-23-ships-be-successfully-targeted-by-iran-by-april-30-589,how-many-ships-will-iran-successfully-target-by-april-30,0
2445,will-iran-take-military-action-against-a-gulf-state-on-april-22-2026,iran-military-action-against-a-gulf-state-on-627,0
2446,will-iran-successfully-target-shipping-on-april-30-2026,iran-successfully-targets-shipping-on-346,0
2447,will-iran-take-military-action-against-a-gulf-state-on-april-3-2026,iran-military-action-against-a-gulf-state-on-627,0
2448,will-iran-successfully-target-shipping-on-april-12-2026,iran-successfully-targets-shipping-on-346,0
2449,will-iran-successfully-target-shipping-on-april-25-2026,iran-successfully-targets-shipping-on-346,0
2450,will-israel-conduct-military-action-in-greater-beirut-on-april-15-2026,israel-military-action-against-beirut-on-522,0
2451,will-iran-successfully-target-shipping-on-april-16-2026,iran-successfully-targets-shipping-on-346,0
2452,will-iran-take-military-action-against-a-gulf-state-on-april-18-2026,iran-military-action-against-a-gulf-state-on-627,0
2453,will-iran-take-military-action-against-a-gulf-state-on-april-21-2026,iran-military-action-against-a-gulf-state-on-627,0
2454,will-iran-successfully-target-shipping-on-april-10-2026,iran-successfully-targets-shipping-on-346,0
2455,will-iran-take-military-action-against-a-gulf-state-on-april-5-2026,iran-military-action-against-a-gulf-state-on-627,0
2456,will-67-ships-be-successfully-targeted-by-iran-by-april-30-177,how-many-ships-will-iran-successfully-target-by-april-30,0
2457,will-iran-successfully-target-shipping-on-april-2-2026,iran-successfully-targets-shipping-on-346,0
2459,will-iran-successfully-target-shipping-on-april-19-2026,iran-successfully-targets-shipping-on-346,0
2460,will-10-or-more-ships-be-successfully-targeted-by-iran-by-april-30-916,how-many-ships-will-iran-successfully-target-by-april-30,0
2462,will-iran-conduct-a-military-action-against-israel-on-april-3-2026,iran-military-action-against-israel-on-628,0
2463,will-45-ships-be-successfully-targeted-by-iran-by-april-30-494,how-many-ships-will-iran-successfully-target-by-april-30,0
2464,will-iran-take-military-action-against-a-gulf-state-on-april-16-2026,iran-military-action-against-a-gulf-state-on-627,0
2466,will-89-ships-be-successfully-targeted-by-iran-by-april-30-113,how-many-ships-will-iran-successfully-target-by-april-30,0
2467,will-iran-take-military-action-against-a-gulf-state-on-april-25-2026,iran-military-action-against-a-gulf-state-on-627,0
2468,will-israel-conduct-military-action-in-greater-beirut-on-april-4-2026,israel-military-action-against-beirut-on-522,0
2469,will-fewer-than-2-ships-be-successfully-targeted-by-iran-by-april-30-439,how-many-ships-will-iran-successfully-target-by-april-30,0
2470,will-iran-take-military-action-against-a-gulf-state-on-april-14-2026,iran-military-action-against-a-gulf-state-on-627,0
2471,will-iran-successfully-target-shipping-on-april-4-2026,iran-successfully-targets-shipping-on-346,0
2472,will-iran-conduct-a-military-action-against-israel-on-april-13-2026,iran-military-action-against-israel-on-628,0
2474,will-iran-take-military-action-against-a-gulf-state-on-april-19-2026,iran-military-action-against-a-gulf-state-on-627,0
2475,trump-announces-end-of-military-operations-against-iran-by-april-7th-659,trump-announces-end-of-military-operations-against-iran-by,0
2476,will-iran-strike-yemen-by-april-30-2026,iran-military-action-against-by-april-30,0
2477,will-iran-strike-kuwait-by-april-30-2026,iran-military-action-against-by-april-30,0
2478,will-iran-strike-qatar-by-april-30-2026,iran-military-action-against-by-april-30,0
2479,will-iran-strike-syria-by-april-30-2026,iran-military-action-against-by-april-30,0
2480,will-iran-strike-afghanistan-by-april-30-2026,iran-military-action-against-by-april-30,0
2481,will-iran-strike-lebanon-by-april-30-2026,iran-military-action-against-by-april-30,0
2482,will-iran-strike-spain-by-april-30-2026,iran-military-action-against-by-april-30,0
2483,will-iran-strike-cyprus-by-april-30-2026,iran-military-action-against-by-april-30,0
2484,will-iran-strike-bahrain-by-april-30-2026,iran-military-action-against-by-april-30,0
2485,will-iran-strike-iraq-by-april-30-2026,iran-military-action-against-by-april-30,0
2486,will-iran-strike-uae-by-april-30-2026,iran-military-action-against-by-april-30,0
2487,will-iran-strike-pakistan-by-april-30-2026,iran-military-action-against-by-april-30,0
2488,will-iran-strike-turkey-by-april-30-2026,iran-military-action-against-by-april-30,0
2489,will-iran-strike-georgia-by-april-30-2026,iran-military-action-against-by-april-30,0
2490,will-iran-strike-jordan-by-april-30-2026,iran-military-action-against-by-april-30,0
2491,will-iran-strike-france-by-april-30-2026,iran-military-action-against-by-april-30,0
2492,will-iran-strike-germany-by-april-30-2026,iran-military-action-against-by-april-30,0
2493,will-iran-strike-hungary-by-april-30-2026,iran-military-action-against-by-april-30,0
2494,will-iran-strike-oman-by-april-30-2026,iran-military-action-against-by-april-30,0
2495,will-iran-strike-israel-by-april-30-2026,iran-military-action-against-by-april-30,0
2496,will-iran-strike-india-by-april-30-2026,iran-military-action-against-by-april-30,0
2497,will-iran-strike-ukraine-by-april-30-2026,iran-military-action-against-by-april-30,0
2498,will-iran-strike-armenia-by-april-30-2026,iran-military-action-against-by-april-30,0
2499,will-iran-strike-italy-by-april-30-2026,iran-military-action-against-by-april-30,0
2500,will-iran-strike-azerbaijan-by-april-30-2026,iran-military-action-against-by-april-30,0
2501,will-iran-strike-saudi-arabia-by-april-30-2026,iran-military-action-against-by-april-30,0
2502,will-iran-strike-poland-by-april-30-2026,iran-military-action-against-by-april-30,0
2503,will-iran-strike-the-united-kingdom-by-april-30-2026,iran-military-action-against-by-april-30,0
2504,iran-x-israelus-conflict-ends-by-april-7-346,iran-x-israelus-conflict-ends-by,0
2505,us-x-iran-ceasefire-by-april-7,us-x-iran-ceasefire-by,0
2506,us-escorts-commercial-ship-through-hormuz-by-april-15,us-escorts-commercial-ship-through-hormuz-by-march-31,0
2508,us-announces-military-support-of-iran-oppostion-by-april-30,us-announces-military-support-of-iran-oppostion-by-march-31,0
2509,will-trump-declare-war-on-iran-by-april-30-2026,will-trump-declare-war-on-iran-by,0
2510,houthis-successfully-target-shipping-by-april-15,houthis-successfully-target-shipping-by-march-31,0
2511,israel-x-hezbollah-ceasefire-by-april-30-2026-989-656-528,israel-x-hezbollah-ceasefire-by,0
2512,will-trump-talk-to-mojtaba-khamenei-by-april-30,will-trump-talk-to-mojtaba-khamenei-by-march-31,0
2513,will-reza-pahlavi-enter-iran-by-may-31,will-reza-pahlavi-enter-iran-by-june-30,0
2514,mojtaba-khamenei-seen-in-public-by-may-31,mojtaba-khamenei-public-appearance-by,0
2515,kharg-island-no-longer-under-iranian-control-by-may-31-689,kharg-island-no-longer-under-iranian-control-by-march-31,0
2516,kharg-island-no-longer-under-iranian-control-by-june-30-561-854-897,kharg-island-no-longer-under-iranian-control-by-march-31,0
2517,iran-leadership-change-by-may-31-593-194-829,iran-leadership-change-by,0
2518,iran-leadership-change-by-june-30-689-922,iran-leadership-change-by,0
2519,mojtaba-khamenei-leaves-iran-by-may-31-2026,mojtaba-khamenei-leaves-iran-by,0
2520,mojtaba-khamenei-leaves-iran-by-june-30-2026,mojtaba-khamenei-leaves-iran-by,0
2521,congress-passes-iran-war-powers-resolution-by-april-30,congress-passes-iran-war-powers-resolution-by-april-30,0
2522,us-evacuates-beirut-embassy-by-april-30,us-evacuates-beirut-embassy-by-april-30,0
2523,will-houthi-military-action-against-saudi-arabia-occur-by-april-15-2026,houthi-military-action-against-saudi-arabia-by,0
2524,will-houthi-military-action-against-saudi-arabia-occur-by-april-30-2026,houthi-military-action-against-saudi-arabia-by,0
2525,israel-military-action-against-fordow-nuclear-facility-by-april-30,israel-military-action-against-fordow-nuclear-facility-by,0
2526,israel-military-action-against-fordow-nuclear-facility-by-april-15,israel-military-action-against-fordow-nuclear-facility-by,0
2527,jd-vance-diplomatic-meeting-with-iran-by-april-10,jd-vance-diplomatic-meeting-with-iran-by,0
2528,jd-vance-diplomatic-meeting-with-iran-by-march-31,jd-vance-diplomatic-meeting-with-iran-by,0
2529,will-jd-vance-talk-to-iranian-negotiators-by,will-jd-vance-talk-to-iranian-negotiators-by,0
2530,will-jd-vance-talk-to-iranian-negotiators-by-april-30,will-jd-vance-talk-to-iranian-negotiators-by,0
2531,will-no-qualifying-diplomatic-us-iran-meeting-occur-by-june-30-2026-216,where-will-the-next-us-iran-diplomatic-meeting-happen-811,0
2532,will-the-next-diplomatic-us-iran-meeting-be-in-oman-655,where-will-the-next-us-iran-diplomatic-meeting-happen-811,0
2533,will-the-next-diplomatic-us-iran-meeting-be-in-the-uae-485,where-will-the-next-us-iran-diplomatic-meeting-happen-811,0
2534,will-the-next-diplomatic-us-iran-meeting-be-in-saudi-arabia-438,where-will-the-next-us-iran-diplomatic-meeting-happen-811,0
2535,will-the-next-diplomatic-us-iran-meeting-be-in-qatar-498,where-will-the-next-us-iran-diplomatic-meeting-happen-811,0
2536,will-the-next-diplomatic-us-iran-meeting-be-in-switzerland-662,where-will-the-next-us-iran-diplomatic-meeting-happen-811,0
2537,will-the-next-diplomatic-us-iran-meeting-be-in-austria-851,where-will-the-next-us-iran-diplomatic-meeting-happen-811,0
2538,will-the-next-diplomatic-us-iran-meeting-be-in-turkey-858,where-will-the-next-us-iran-diplomatic-meeting-happen-811,0
2539,will-the-next-diplomatic-us-iran-meeting-be-in-iran-554,where-will-the-next-us-iran-diplomatic-meeting-happen-811,0
2540,will-the-next-diplomatic-us-iran-meeting-be-in-the-united-states-699,where-will-the-next-us-iran-diplomatic-meeting-happen-811,0
2541,will-the-next-diplomatic-us-iran-meeting-be-in-egypt-715,where-will-the-next-us-iran-diplomatic-meeting-happen-811,0
2542,will-the-next-diplomatic-us-iran-meeting-be-in-italy-682,where-will-the-next-us-iran-diplomatic-meeting-happen-811,0
2543,will-the-next-diplomatic-us-iran-meeting-be-in-iraq-831,where-will-the-next-us-iran-diplomatic-meeting-happen-811,0
2544,will-the-next-diplomatic-us-iran-meeting-be-in-kazakhstan-713,where-will-the-next-us-iran-diplomatic-meeting-happen-811,0
2545,will-the-next-diplomatic-us-iran-meeting-be-in-pakistan-524,where-will-the-next-us-iran-diplomatic-meeting-happen-811,0
2546,will-the-next-diplomatic-us-iran-meeting-be-in-russia-876,where-will-the-next-us-iran-diplomatic-meeting-happen-811,0
2547,will-the-next-diplomatic-us-iran-meeting-be-in-another-middle-eastnorth-africa-country-342,where-will-the-next-us-iran-diplomatic-meeting-happen-811,0
2548,will-the-next-diplomatic-us-iran-meeting-be-in-another-european-country-311,where-will-the-next-us-iran-diplomatic-meeting-happen-811,0
2549,will-the-next-diplomatic-us-iran-meeting-be-in-another-country-523,where-will-the-next-us-iran-diplomatic-meeting-happen-811,0
2550,houthis-successfully-target-shipping-by-april-30,houthis-successfully-target-shipping-by-march-31,0
2551,military-action-against-iran-ends-by-april-30-2026-239,military-action-against-iran-ends-by,0
2552,military-action-against-iran-ends-by-may-31-2026,military-action-against-iran-ends-by,0
2553,military-action-against-iran-ends-by-june-30-2026,military-action-against-iran-ends-by,0
2554,military-action-against-iran-ends-by-april-15-2026-937,military-action-against-iran-ends-by,0
2555,will-trump-talk-to-mojtaba-khamenei-by-june-30-543,will-trump-talk-to-mojtaba-khamenei-by-march-31,0
2556,us-x-iran-ceasefire-before-oil-hits-120,us-x-iran-ceasefire-before-oil-hits-120,0
2557,iran-agrees-to-surrender-enriched-uranium-stockpile-by-june-30-2026,iran-agrees-to-surrender-enriched-uranium-stockpile-by,0
2559,will-15-19-ships-transit-the-strait-of-hormuz-between-march-23-29,how-many-ships-transit-the-strait-of-hormuz-this-week-mar-23-29,0
2560,will-20-24-ships-transit-the-strait-of-hormuz-between-march-23-29,how-many-ships-transit-the-strait-of-hormuz-this-week-mar-23-29,0
2561,will-25-29-ships-transit-the-strait-of-hormuz-between-march-23-29,how-many-ships-transit-the-strait-of-hormuz-this-week-mar-23-29,0
2562,will-30-34-ships-transit-the-strait-of-hormuz-between-march-23-29,how-many-ships-transit-the-strait-of-hormuz-this-week-mar-23-29,0
2563,will-40-44-ships-transit-the-strait-of-hormuz-between-march-23-29,how-many-ships-transit-the-strait-of-hormuz-this-week-mar-23-29,0
2564,will-10-14-ships-transit-the-strait-of-hormuz-between-march-23-29,how-many-ships-transit-the-strait-of-hormuz-this-week-mar-23-29,0
2565,will-35-39-ships-transit-the-strait-of-hormuz-between-march-23-29,how-many-ships-transit-the-strait-of-hormuz-this-week-mar-23-29,0
2566,will-45-or-more-ships-transit-the-strait-of-hormuz-between-march-23-29,how-many-ships-transit-the-strait-of-hormuz-this-week-mar-23-29,0
2567,iran-agrees-to-surrender-enriched-uranium-stockpile-by-april-30-2026,iran-agrees-to-surrender-enriched-uranium-stockpile-by,0
2568,will-fewer-than-10-ships-transit-the-strait-of-hormuz-between-march-23-29,how-many-ships-transit-the-strait-of-hormuz-this-week-mar-23-29,0
2569,will-italy-send-warships-through-the-strait-of-hormuz-by-april-30-2026,which-countries-will-send-warships-through-the-strait-of-hormuz-by-april-30,0
2570,will-japan-send-warships-through-the-strait-of-hormuz-by-april-30-2026,which-countries-will-send-warships-through-the-strait-of-hormuz-by-april-30,0
2571,will-india-send-warships-through-the-strait-of-hormuz-by-april-30-2026,which-countries-will-send-warships-through-the-strait-of-hormuz-by-april-30,0
2572,will-the-netherlands-send-warships-through-the-strait-of-hormuz-by-april-30-2026,which-countries-will-send-warships-through-the-strait-of-hormuz-by-april-30,0
2573,will-pakistan-send-warships-through-the-strait-of-hormuz-by-april-30-2026,which-countries-will-send-warships-through-the-strait-of-hormuz-by-april-30,0
2574,will-the-united-kingdom-send-warships-through-the-strait-of-hormuz-by-april-30-2026,which-countries-will-send-warships-through-the-strait-of-hormuz-by-april-30,0
2575,israel-military-action-against-iranian-power-plant-by-april-30,israel-military-action-against-iranian-power-plant-by-april-30,0
2576,will-the-united-states-send-warships-through-the-strait-of-hormuz-by-april-30-2026,which-countries-will-send-warships-through-the-strait-of-hormuz-by-april-30,0
2577,will-greece-send-warships-through-the-strait-of-hormuz-by-april-30-2026,which-countries-will-send-warships-through-the-strait-of-hormuz-by-april-30,0
2578,abbas-araghchi-out-as-minister-of-foreign-affairs-of-iran-by-april-30-2026,abbas-araghchi-out-as-minister-of-foreign-affairs-of-iran-by,0
2579,will-a-gulf-state-carry-out-military-action-against-iran-by-april-15-2026,gulf-state-military-action-against-iran-by,0
2580,will-canada-send-warships-through-the-strait-of-hormuz-by-april-30-2026,which-countries-will-send-warships-through-the-strait-of-hormuz-by-april-30,0
2581,will-france-send-warships-through-the-strait-of-hormuz-by-april-30-2026,which-countries-will-send-warships-through-the-strait-of-hormuz-by-april-30,0
2582,abbas-araghchi-out-as-minister-of-foreign-affairs-of-iran-by-march-31-2026,abbas-araghchi-out-as-minister-of-foreign-affairs-of-iran-by,0
2583,will-a-gulf-state-carry-out-military-action-against-iran-by-april-30-2026,gulf-state-military-action-against-iran-by,0
2584,military-action-against-iran-ends-by-april-27-2026,military-action-against-iran-ends-by-522,0
2585,military-action-against-iran-ends-by-april-3-2026,military-action-against-iran-ends-by-522,0
2586,military-action-against-iran-ends-by-april-9-2026,military-action-against-iran-ends-by-522,0
2587,military-action-against-iran-ends-by-april-23-2026,military-action-against-iran-ends-by-522,0
2588,military-action-against-iran-ends-by-april-13-2026,military-action-against-iran-ends-by-522,0
2589,military-action-against-iran-ends-by-april-7-2026,military-action-against-iran-ends-by-522,0
2590,military-action-against-iran-ends-by-april-10-2026,military-action-against-iran-ends-by-522,0
2591,military-action-against-iran-ends-by-april-5-2026,military-action-against-iran-ends-by-522,0
2592,military-action-against-iran-ends-by-april-24-2026,military-action-against-iran-ends-by-522,0
2593,military-action-against-iran-ends-by-april-4-2026,military-action-against-iran-ends-by-522,0
2594,will-germany-send-warships-through-the-strait-of-hormuz-by-april-30-2026,which-countries-will-send-warships-through-the-strait-of-hormuz-by-april-30,0
2595,military-action-against-iran-ends-by-april-15-2026,military-action-against-iran-ends-by-522,0
2596,military-action-against-iran-ends-by-april-28-2026,military-action-against-iran-ends-by-522,0
2597,military-action-against-iran-ends-by-april-18-2026,military-action-against-iran-ends-by-522,0
2598,military-action-against-iran-ends-by-april-21-2026,military-action-against-iran-ends-by-522,0
2599,military-action-against-iran-ends-by-april-12-2026,military-action-against-iran-ends-by-522,0
2600,military-action-against-iran-ends-by-april-19-2026,military-action-against-iran-ends-by-522,0
2601,military-action-against-iran-ends-by-april-1-2026,military-action-against-iran-ends-by-522,0
2602,military-action-against-iran-ends-by-april-29-2026,military-action-against-iran-ends-by-522,0
2609,military-action-against-iran-ends-by-april-30-2026,military-action-against-iran-ends-by-522,0
2610,military-action-against-iran-ends-by-april-26-2026,military-action-against-iran-ends-by-522,0
2611,military-action-against-iran-ends-by-april-11-2026,military-action-against-iran-ends-by-522,0
2612,military-action-against-iran-ends-by-april-25-2026,military-action-against-iran-ends-by-522,0
2613,military-action-against-iran-ends-by-april-14-2026,military-action-against-iran-ends-by-522,0
2614,military-action-against-iran-ends-by-april-8-2026,military-action-against-iran-ends-by-522,0
2615,military-action-against-iran-ends-by-april-6-2026,military-action-against-iran-ends-by-522,0
2616,military-action-against-iran-ends-by-april-2-2026,military-action-against-iran-ends-by-522,0
2617,military-action-against-iran-ends-by-april-16-2026,military-action-against-iran-ends-by-522,0
2618,military-action-against-iran-ends-by-april-22-2026,military-action-against-iran-ends-by-522,0
2619,military-action-against-iran-ends-by-april-17-2026,military-action-against-iran-ends-by-522,0
2620,military-action-against-iran-ends-by-april-20-2026,military-action-against-iran-ends-by-522,0
2621,military-action-against-iran-ends-before-april-2026,military-action-against-iran-ends-on-127,0
2622,military-action-against-iran-ends-on-april-1-2026,military-action-against-iran-ends-on-127,0
2623,military-action-against-iran-ends-on-april-2-2026,military-action-against-iran-ends-on-127,0
2624,military-action-against-iran-ends-on-april-3-2026,military-action-against-iran-ends-on-127,0
2625,military-action-against-iran-ends-on-april-4-2026,military-action-against-iran-ends-on-127,0
2626,military-action-against-iran-ends-on-april-5-2026,military-action-against-iran-ends-on-127,0
2627,military-action-against-iran-ends-on-april-6-2026,military-action-against-iran-ends-on-127,0
2628,military-action-against-iran-ends-on-april-7-2026,military-action-against-iran-ends-on-127,0
2629,military-action-against-iran-ends-on-april-8-2026,military-action-against-iran-ends-on-127,0
2630,military-action-against-iran-ends-on-april-9-2026,military-action-against-iran-ends-on-127,0
2631,military-action-against-iran-ends-on-april-10-2026,military-action-against-iran-ends-on-127,0
2632,military-action-against-iran-ends-on-april-11-2026,military-action-against-iran-ends-on-127,0
2633,military-action-against-iran-ends-on-april-12-2026,military-action-against-iran-ends-on-127,0
2634,military-action-against-iran-ends-on-april-13-2026,military-action-against-iran-ends-on-127,0
2635,military-action-against-iran-ends-on-april-14-2026,military-action-against-iran-ends-on-127,0
2636,military-action-against-iran-ends-on-april-15-2026,military-action-against-iran-ends-on-127,0
2637,military-action-against-iran-ends-on-april-16-2026,military-action-against-iran-ends-on-127,0
2638,military-action-against-iran-ends-on-april-17-2026,military-action-against-iran-ends-on-127,0
2639,military-action-against-iran-ends-on-april-18-2026,military-action-against-iran-ends-on-127,0
2640,military-action-against-iran-ends-on-april-19-2026,military-action-against-iran-ends-on-127,0
2641,military-action-against-iran-ends-on-april-20-2026,military-action-against-iran-ends-on-127,0
2642,military-action-against-iran-ends-on-april-21-2026,military-action-against-iran-ends-on-127,0
2643,military-action-against-iran-ends-on-april-22-2026,military-action-against-iran-ends-on-127,0
2644,military-action-against-iran-ends-on-april-23-2026,military-action-against-iran-ends-on-127,0
2645,military-action-against-iran-ends-on-april-24-2026,military-action-against-iran-ends-on-127,0
2646,military-action-against-iran-ends-on-april-25-2026,military-action-against-iran-ends-on-127,0
2647,military-action-against-iran-ends-on-april-26-2026,military-action-against-iran-ends-on-127,0
2648,military-action-against-iran-ends-on-april-28-2026,military-action-against-iran-ends-on-127,0
2649,military-action-against-iran-ends-on-april-27-2026,military-action-against-iran-ends-on-127,0
2650,military-action-against-iran-ends-on-april-29-2026,military-action-against-iran-ends-on-127,0
2651,military-action-against-iran-ends-on-april-30-2026,military-action-against-iran-ends-on-127,0
2652,military-action-against-iran-continues-through-april-30-2026,military-action-against-iran-ends-on-127,0
2653,us-x-iran-meeting-by-april-10-2026-895,us-x-iran-diplomatic-meeting-by-833,0
2654,will-israel-strike-1-countries-in-april-2026,how-many-different-countries-will-israel-strike-in-april,0
2655,will-israel-strike-2-countries-in-april-2026,how-many-different-countries-will-israel-strike-in-april,0
2656,will-israel-strike-3-countries-in-april-2026,how-many-different-countries-will-israel-strike-in-april,0
2657,will-israel-strike-4-countries-in-april-2026,how-many-different-countries-will-israel-strike-in-april,0
2658,will-usd-reach-1pt8m-iranian-rials-by-april-30,will-usd-hit-iranian-rials-by-april-30,0
2659,will-usd-fall-to-1pt5m-iranian-rials-by-april-30-831,will-usd-hit-iranian-rials-by-april-30,0
2660,will-usd-fall-to-1pt4m-iranian-rials-by-april-30-564,will-usd-hit-iranian-rials-by-april-30,0
2661,will-usd-reach-1pt6m-iranian-rials-by-april-30,will-usd-hit-iranian-rials-by-april-30,0
2662,will-usd-fall-to-1pt3m-iranian-rials-by-april-30-728,will-usd-hit-iranian-rials-by-april-30,0
2663,will-usd-reach-1pt7m-iranian-rials-by-april-30,will-usd-hit-iranian-rials-by-april-30,0
2664,us-announces-military-support-of-kurds-in-iran-by-april-30,us-announces-military-coordination-with-kurds-in-iran-by-march-31,0
2665,will-trump-meet-with-benjamin-netanyahu-in-april-2026,who-will-trump-meet-with-in-april,0
2666,will-the-bank-of-israel-decrease-the-bank-of-israel-interest-rate-after-the-july-decision,bank-of-israel-decision-in-july,0
2667,will-the-bank-of-israel-make-no-change-to-the-bank-of-israel-interest-rate-after-the-july-decision,bank-of-israel-decision-in-july,0
2668,will-the-bank-of-israel-increase-the-bank-of-israel-interest-rate-after-the-july-decision,bank-of-israel-decision-in-july,0
2669,will-fewer-than-10-ships-transit-the-strait-of-hormuz-between-march-30-april-5,how-many-ships-transit-the-strait-of-hormuz-this-week-mar-30-apr-5,0
2670,will-10-14-ships-transit-the-strait-of-hormuz-between-march-30-april-5,how-many-ships-transit-the-strait-of-hormuz-this-week-mar-30-apr-5,0
2671,will-15-19-ships-transit-the-strait-of-hormuz-between-march-30-april-5,how-many-ships-transit-the-strait-of-hormuz-this-week-mar-30-apr-5,0
2672,will-20-24-ships-transit-the-strait-of-hormuz-between-march-30-april-5,how-many-ships-transit-the-strait-of-hormuz-this-week-mar-30-apr-5,0
2673,will-25-29-ships-transit-the-strait-of-hormuz-between-march-30-april-5,how-many-ships-transit-the-strait-of-hormuz-this-week-mar-30-apr-5,0
2674,will-30-34-ships-transit-the-strait-of-hormuz-between-march-30-april-5,how-many-ships-transit-the-strait-of-hormuz-this-week-mar-30-apr-5,0
2675,will-35-39-ships-transit-the-strait-of-hormuz-between-march-30-april-5,how-many-ships-transit-the-strait-of-hormuz-this-week-mar-30-apr-5,0
2676,will-40-44-ships-transit-the-strait-of-hormuz-between-march-30-april-5,how-many-ships-transit-the-strait-of-hormuz-this-week-mar-30-apr-5,0
2677,will-45-or-more-ships-transit-the-strait-of-hormuz-between-march-30-april-5,how-many-ships-transit-the-strait-of-hormuz-this-week-mar-30-apr-5,0
2678,naim-qassem-out-as-hezbollahs-secretary-general-by-april-30-2026,naim-qassem-out-as-hezbollahs-secretary-general-by-december-31,0
2679,naim-qassem-out-as-hezbollahs-secretary-general-by-june-30-2026,naim-qassem-out-as-hezbollahs-secretary-general-by-december-31,0
2680,israel-military-action-against-yemen-by-april-15-2026,israel-strike-on-yemen-by-593,0
2681,jd-vance-diplomatic-meeting-with-iran-by-april-30-474-265,jd-vance-diplomatic-meeting-with-iran-by,0
2682,will-trump-name-khamenei-or-khomeini-in-april,who-will-trump-name-in-april,0
2683,will-trump-name-netanyahu-in-april,who-will-trump-name-in-april,0
2684,kharg-island-no-longer-under-iranian-control-by-april-15,kharg-island-no-longer-under-iranian-control-by-march-31,0
2685,will-israel-launch-a-ground-operation-in-iran-by-may-31-2026,israel-ground-operation-in-iran-confirmed-by,0
2686,israel-military-action-on-damascus-by-april-30-2026,israel-strike-on-damascus-by-september-30,0
2687,israel-military-action-on-damascus-by-june-30-2026,israel-strike-on-damascus-by-september-30,0
2690,strait-of-hormuz-traffic-returns-to-normal-by-end-of-may,strait-of-hormuz-traffic-returns-to-normal-by-end-of-may,0
2691,us-obtains-iranian-enriched-uranium-by-may-31-396,us-obtains-iranian-enriched-uranium-by,0
2693,will-the-iranian-regime-fall-by-may-31,will-the-iranian-regime-fall-by-may-31,0
2694,internet-access-restored-in-iran-by-may-31-2026,internet-access-restored-in-iran-by,0
2695,internet-access-restored-in-iran-by-june-30-2026,internet-access-restored-in-iran-by,0
2696,will-fewer-than-20-ships-transit-the-strait-of-hormuz-between-april-6-april-12,how-many-ships-transit-the-strait-of-hormuz-this-week-apr-6-12,0
2697,will-20-29-ships-transit-the-strait-of-hormuz-between-april-6-april-12,how-many-ships-transit-the-strait-of-hormuz-this-week-apr-6-12,0
2698,will-30-39-ships-transit-the-strait-of-hormuz-between-april-6-april-12,how-many-ships-transit-the-strait-of-hormuz-this-week-apr-6-12,0
2699,will-40-49-ships-transit-the-strait-of-hormuz-between-april-6-april-12,how-many-ships-transit-the-strait-of-hormuz-this-week-apr-6-12,0
2700,will-50-59-ships-transit-the-strait-of-hormuz-between-april-6-april-12,how-many-ships-transit-the-strait-of-hormuz-this-week-apr-6-12,0
2701,will-60-or-more-ships-transit-the-strait-of-hormuz-between-april-6-april-12,how-many-ships-transit-the-strait-of-hormuz-this-week-apr-6-12,0
2702,will-the-7-day-moving-average-of-strait-of-hormuz-transits-be-less-than-4-on-april-12-2026,avg-of-ships-transiting-strait-of-hormuz-on-april-12,0
2703,will-the-7-day-moving-average-of-strait-of-hormuz-transits-be-between-4-and-7-on-april-12-2026,avg-of-ships-transiting-strait-of-hormuz-on-april-12,0
2704,will-the-7-day-moving-average-of-strait-of-hormuz-transits-be-between-8-and-11-on-april-12-2026,avg-of-ships-transiting-strait-of-hormuz-on-april-12,0
2705,will-the-7-day-moving-average-of-strait-of-hormuz-transits-be-between-12-and-15-on-april-12-2026,avg-of-ships-transiting-strait-of-hormuz-on-april-12,0
2706,will-the-7-day-moving-average-of-strait-of-hormuz-transits-be-between-16-and-19-on-april-12-2026,avg-of-ships-transiting-strait-of-hormuz-on-april-12,0
2707,will-the-7-day-moving-average-of-strait-of-hormuz-transits-be-20-or-more-on-april-12-2026,avg-of-ships-transiting-strait-of-hormuz-on-april-12,0
2708,trump-announces-end-of-military-operations-against-iran-by-may-31st-651-724-212-638,trump-announces-end-of-military-operations-against-iran-by,0
2709,us-x-iran-ceasefire-by-may,us-x-iran-ceasefire-by,0
2710,another-iranian-diplomat-expelled-by-april-30,another-iranian-diplomat-expelled-by-april-30,0
2711,trump-announces-hormuz-deadline-extension-today,trump-announces-hormuz-deadline-extension-today,0
2712,will-iran-strike-jordan-by-april-30-2026-585,iran-military-action-against-by-april-30,0
2713,will-iran-strike-saudi-arabia-by-april-30-2026-554,iran-military-action-against-by-april-30,0
2714,will-iran-strike-bahrain-by-april-30-2026-553,iran-military-action-against-by-april-30,0
2715,will-iran-strike-kuwait-by-april-30-2026-747,iran-military-action-against-by-april-30,0
2716,us-x-iran-meeting-by-may-31-2026-867-621,us-x-iran-diplomatic-meeting-by-833,0
2717,us-x-iran-meeting-by-april-15-2026-533-583,us-x-iran-diplomatic-meeting-by-833,0
2718,us-x-iran-meeting-by-june-15-2026-776,us-x-iran-diplomatic-meeting-by-833,0
2719,us-x-iran-ceasefire-by-april-10,us-x-iran-ceasefire-by,0
2720,trump-announces-end-of-military-operations-against-iran-by-april-21st,trump-announces-end-of-military-operations-against-iran-by,0
2721,will-israel-conduct-military-action-against-iran-by-april-21-2026,israel-military-action-against-iran-by-167,0
2722,will-israel-conduct-military-action-against-iran-by-april-14-2026,israel-military-action-against-iran-by-167,0
2723,us-x-iran-permanent-peace-deal-by-april-22-2026,us-x-iran-permanent-peace-deal-by,0
2724,us-x-iran-permanent-peace-deal-by-april-30-2026-925,us-x-iran-permanent-peace-deal-by,0
2725,us-x-iran-permanent-peace-deal-by-may-31-2026-333-871-241-192-799-449-125,us-x-iran-permanent-peace-deal-by,0
2726,trump-announces-us-x-iran-ceasefire-end-by-april-21-2026,trump-announces-us-x-iran-ceasefire-by,0
2727,trump-announces-us-x-iran-ceasefire-end-by-april-12-2026,trump-announces-us-x-iran-ceasefire-by,0
2728,trump-announces-us-x-iran-ceasefire-end-by-april-8-2026,trump-announces-us-x-iran-ceasefire-by,0
2729,trump-announces-us-x-iran-ceasefire-end-by-april-15-2026,trump-announces-us-x-iran-ceasefire-by,0
2730,trump-announces-us-x-iran-ceasefire-end-by-april-18-2026,trump-announces-us-x-iran-ceasefire-by,0
2731,trump-announces-us-x-iran-ceasefire-end-by-april-10-2026,trump-announces-us-x-iran-ceasefire-by,0
2732,will-the-us-x-iran-ceasefire-be-extended-by-april-14-2026,us-x-iran-ceasefire-extended-by,0
2733,will-the-us-x-iran-ceasefire-be-extended-by-april-21-2026-365,us-x-iran-ceasefire-extended-by,0
2734,will-60-ships-transit-the-strait-of-hormuz-on-any-day-april-812,will-ships-transit-the-strait-of-hormuz-on-any-day-april-8-12,0
2735,will-20-ships-transit-the-strait-of-hormuz-on-any-day-april-812,will-ships-transit-the-strait-of-hormuz-on-any-day-april-8-12,0
2736,will-10-ships-transit-the-strait-of-hormuz-on-any-day-april-812,will-ships-transit-the-strait-of-hormuz-on-any-day-april-8-12,0
2737,will-50-ships-transit-the-strait-of-hormuz-on-any-day-april-812,will-ships-transit-the-strait-of-hormuz-on-any-day-april-8-12,0
2738,will-30-ships-transit-the-strait-of-hormuz-on-any-day-april-812,will-ships-transit-the-strait-of-hormuz-on-any-day-april-8-12,0
2739,will-40-ships-transit-the-strait-of-hormuz-on-any-day-april-812,will-ships-transit-the-strait-of-hormuz-on-any-day-april-8-12,0
2740,trump-announces-tariff-for-iran-military-cooperation-by-april-17,trump-announces-tariff-for-iran-military-cooperation-by-april-17,0
2741,will-trump-announce-that-the-us-x-iran-ceasefire-has-been-broken-by-april-14-2026,trump-announces-us-x-iran-ceasefire-broken-by,0
2742,will-trump-announce-that-the-us-x-iran-ceasefire-has-been-broken-by-april-21-2026,trump-announces-us-x-iran-ceasefire-broken-by,0
2743,houthi-military-action-against-israel-by-april-30-2026-657,houthi-military-action-against-israel-by-348,0
2744,houthi-military-action-against-israel-by-april-15-2026-727,houthi-military-action-against-israel-by-348,0
2745,will-hezbollah-disarm-by-april-30-343,will-hezbollah-disarm-by-march-31,0
2746,will-trump-agree-to-iranian-transit-fees-in-the-strait-of-hormuz,what-will-the-us-agree-to,0
2747,will-trump-agree-to-iranian-enrichment-of-uranium-in-april,what-will-the-us-agree-to,0
2748,will-trump-agree-to-iranian-oil-sanction-relief-in-april,what-will-the-us-agree-to,0
2749,will-trump-endorse-an-israeli-ceasefire-in-lebanon-by-april-30,will-trump-endorse-an-israeli-ceasefire-in-lebanon-by-april-30,0
2750,israel-x-lebanon-diplomatic-meeting-by-april-12-2026,israel-x-lebanon-diplomatic-meeting-by,0
2751,israel-x-lebanon-diplomatic-meeting-by-april-19-2026-257,israel-x-lebanon-diplomatic-meeting-by,0
2752,israel-x-lebanon-diplomatic-meeting-by-april-30-2026-859,israel-x-lebanon-diplomatic-meeting-by,0
2753,us-x-iran-meeting-by-april-11-2026-678,us-x-iran-diplomatic-meeting-by-833,0
2754,us-x-iran-meeting-by-april-12-2026-558,us-x-iran-diplomatic-meeting-by-833,0
2755,us-x-iran-meeting-by-april-13-2026-393,us-x-iran-diplomatic-meeting-by-833,0
2756,us-x-iran-meeting-by-april-14-2026-588,us-x-iran-diplomatic-meeting-by-833,0
2757,jd-vance-diplomatic-meeting-with-iran-by-april-11-335,jd-vance-diplomatic-meeting-with-iran-by,0
2758,jd-vance-diplomatic-meeting-with-iran-by-april-12-551-973,jd-vance-diplomatic-meeting-with-iran-by,0
2759,jd-vance-diplomatic-meeting-with-iran-by-april-13-828-312,jd-vance-diplomatic-meeting-with-iran-by,0
2760,jd-vance-diplomatic-meeting-with-iran-by-april-14-349-162,jd-vance-diplomatic-meeting-with-iran-by,0
2761,jd-vance-diplomatic-meeting-with-iran-by-april-15-495-617,jd-vance-diplomatic-meeting-with-iran-by,0
2762,will-netanyahu-meet-with-trump,will-netanyahu-meet-with-trump,0
2763,israel-x-hezbollah-ceasefire-by-april-15-2026,israel-x-hezbollah-ceasefire-by,0
2764,israel-announces-suspension-of-lebanon-offensive-by-april-17-2026,israel-announces-suspension-of-lebanon-offensive-by,0
2765,israel-announces-suspension-of-lebanon-offensive-by-april-30-2026-398,israel-announces-suspension-of-lebanon-offensive-by,0
2766,israel-announces-suspension-of-lebanon-offensive-by-june-30-2026-934,israel-announces-suspension-of-lebanon-offensive-by,0
2767,israel-announces-suspension-of-lebanon-offensive-by-may-31-2026-866,israel-announces-suspension-of-lebanon-offensive-by,0
2769,israel-x-lebanon-diplomatic-meeting-by-april-14-2026,israel-x-lebanon-diplomatic-meeting-by,0
2770,us-x-iran-diplomatic-meeting-by-april-18-2026-456,us-x-iran-diplomatic-meeting-by-329,0
2771,us-x-iran-diplomatic-meeting-by-april-22-2026-321-831,us-x-iran-diplomatic-meeting-by-329,0
2772,us-x-iran-diplomatic-meeting-by-april-30-2026-299-459-263-225,us-x-iran-diplomatic-meeting-by-329,0
2774,will-donald-trump-announce-that-the-united-states-blockade-of-the-strait-of-hormuz-has-been-lifted-by-april-12-2026,trump-announces-us-blockade-of-hormuz-lifted-by,0
2775,will-donald-trump-announce-that-the-united-states-blockade-of-the-strait-of-hormuz-has-been-lifted-by-april-15-2026,trump-announces-us-blockade-of-hormuz-lifted-by,0
2776,will-donald-trump-announce-that-the-united-states-blockade-of-the-strait-of-hormuz-has-been-lifted-by-april-19-2026,trump-announces-us-blockade-of-hormuz-lifted-by,0
2777,will-donald-trump-announce-that-the-united-states-blockade-of-the-strait-of-hormuz-has-been-lifted-by-april-13-2026,trump-announces-us-blockade-of-hormuz-lifted-by,0
2778,will-donald-trump-announce-that-the-united-states-blockade-of-the-strait-of-hormuz-has-been-lifted-by-april-17-2026,trump-announces-us-blockade-of-hormuz-lifted-by,0
2779,will-donald-trump-announce-that-the-united-states-blockade-of-the-strait-of-hormuz-has-been-lifted-by-april-30-2026-731,trump-announces-us-blockade-of-hormuz-lifted-by,0
2780,will-no-qualifying-diplomatic-us-iran-meeting-occur-by-june-30-2026-673,where-will-the-next-us-iran-diplomatic-meeting-happen-455,0
2781,will-the-next-diplomatic-us-iran-meeting-be-in-oman-869,where-will-the-next-us-iran-diplomatic-meeting-happen-455,0
2782,will-the-next-diplomatic-us-iran-meeting-be-in-the-uae-638,where-will-the-next-us-iran-diplomatic-meeting-happen-455,0
2783,will-the-next-diplomatic-us-iran-meeting-be-in-saudi-arabia-846,where-will-the-next-us-iran-diplomatic-meeting-happen-455,0
2784,will-the-next-diplomatic-us-iran-meeting-be-in-qatar-436,where-will-the-next-us-iran-diplomatic-meeting-happen-455,0
2785,will-the-next-diplomatic-us-iran-meeting-be-in-switzerland-861,where-will-the-next-us-iran-diplomatic-meeting-happen-455,0
2786,will-the-next-diplomatic-us-iran-meeting-be-in-austria-512,where-will-the-next-us-iran-diplomatic-meeting-happen-455,0
2787,will-the-next-diplomatic-us-iran-meeting-be-in-the-united-states-744,where-will-the-next-us-iran-diplomatic-meeting-happen-455,0
2788,will-the-next-diplomatic-us-iran-meeting-be-in-turkey-583,where-will-the-next-us-iran-diplomatic-meeting-happen-455,0
2789,will-the-next-diplomatic-us-iran-meeting-be-in-iran-484,where-will-the-next-us-iran-diplomatic-meeting-happen-455,0
2790,will-the-next-diplomatic-us-iran-meeting-be-in-egypt-743,where-will-the-next-us-iran-diplomatic-meeting-happen-455,0
2791,will-the-next-diplomatic-us-iran-meeting-be-in-italy-332,where-will-the-next-us-iran-diplomatic-meeting-happen-455,0
2792,will-the-next-diplomatic-us-iran-meeting-be-in-iraq-666,where-will-the-next-us-iran-diplomatic-meeting-happen-455,0
2793,will-the-next-diplomatic-us-iran-meeting-be-in-kazakhstan-356,where-will-the-next-us-iran-diplomatic-meeting-happen-455,0
2794,will-the-next-diplomatic-us-iran-meeting-be-in-pakistan-295,where-will-the-next-us-iran-diplomatic-meeting-happen-455,0
2795,will-the-next-diplomatic-us-iran-meeting-be-in-russia-252,where-will-the-next-us-iran-diplomatic-meeting-happen-455,0
2796,will-the-next-diplomatic-us-iran-meeting-be-in-another-middle-eastnorth-africa-country-844,where-will-the-next-us-iran-diplomatic-meeting-happen-455,0
2797,will-the-next-diplomatic-us-iran-meeting-be-in-another-european-country-641,where-will-the-next-us-iran-diplomatic-meeting-happen-455,0
2798,will-the-next-diplomatic-us-iran-meeting-be-in-another-country-367,where-will-the-next-us-iran-diplomatic-meeting-happen-455,0
2799,us-x-iran-permanent-peace-deal-by-june-30-2026-837-641-896-877-363-892-537-597,us-x-iran-permanent-peace-deal-by,0
2800,will-donald-trump-announce-that-the-united-states-blockade-of-the-strait-of-hormuz-has-been-lifted-by-may-31-2026-313-388-459-589-533,trump-announces-us-blockade-of-hormuz-lifted-by,0
2801,will-the-7-day-moving-average-of-strait-of-hormuz-transits-be-less-than-4-on-april-19-2026,avg-of-ships-transiting-strait-of-hormuz-on-april-19,0
2802,will-the-7-day-moving-average-of-strait-of-hormuz-transits-be-between-4-and-7-on-april-19-2026,avg-of-ships-transiting-strait-of-hormuz-on-april-19,0
2803,will-the-7-day-moving-average-of-strait-of-hormuz-transits-be-between-8-and-11-on-april-19-2026,avg-of-ships-transiting-strait-of-hormuz-on-april-19,0
2804,will-the-7-day-moving-average-of-strait-of-hormuz-transits-be-between-12-and-15-on-april-19-2026,avg-of-ships-transiting-strait-of-hormuz-on-april-19,0
2805,will-the-7-day-moving-average-of-strait-of-hormuz-transits-be-between-16-and-19-on-april-19-2026,avg-of-ships-transiting-strait-of-hormuz-on-april-19,0
2806,will-the-7-day-moving-average-of-strait-of-hormuz-transits-be-20-or-more-on-april-19-2026,avg-of-ships-transiting-strait-of-hormuz-on-april-19,0
2807,will-fewer-than-10-ships-transit-the-strait-of-hormuz-between-april-13-april-19,how-many-ships-transit-the-strait-of-hormuz-this-week-apr-13-19,0
2808,will-40-49-ships-transit-the-strait-of-hormuz-between-april-13-april-19-371,how-many-ships-transit-the-strait-of-hormuz-this-week-apr-13-19,0
2809,will-50-59-ships-transit-the-strait-of-hormuz-between-april-13-april-19-662,how-many-ships-transit-the-strait-of-hormuz-this-week-apr-13-19,0
2810,will-60-69-ships-transit-the-strait-of-hormuz-between-april-13-april-19-525,how-many-ships-transit-the-strait-of-hormuz-this-week-apr-13-19,0
2811,will-70-79-ships-transit-the-strait-of-hormuz-between-april-13-april-19-178,how-many-ships-transit-the-strait-of-hormuz-this-week-apr-13-19,0
2812,will-80-or-more-ships-transit-the-strait-of-hormuz-between-april-13-april-19-362,how-many-ships-transit-the-strait-of-hormuz-this-week-apr-13-19,0
2813,will-10-19-ships-transit-the-strait-of-hormuz-between-april-13-april-19,how-many-ships-transit-the-strait-of-hormuz-this-week-apr-13-19,0
2814,will-20-29-ships-transit-the-strait-of-hormuz-between-april-13-april-19-yzbu,how-many-ships-transit-the-strait-of-hormuz-this-week-apr-13-19,0
2815,will-30-39-ships-transit-the-strait-of-hormuz-between-april-13-april-19,how-many-ships-transit-the-strait-of-hormuz-this-week-apr-13-19,0
2816,strait-of-hormuz-traffic-returns-to-normal-by-end-of-june,strait-of-hormuz-traffic-returns-to-normal-by-end-of-june,0
2817,will-trump-agree-to-unfreeze-iranian-assets-in-april,what-will-the-us-agree-to,0
2818,us-x-iran-diplomatic-meeting-by-april-15-2026-398,us-x-iran-diplomatic-meeting-by-329,0
2819,us-x-iran-diplomatic-meeting-by-april-16-2026-943,us-x-iran-diplomatic-meeting-by-329,0
2820,us-x-iran-diplomatic-meeting-by-april-17-2026-229,us-x-iran-diplomatic-meeting-by-329,0
2821,iran-agrees-to-unrestricted-shipping-through-hormuz-in-april,iran-agrees-to-unrestricted-shipping-through-hormuz-in-april,0
2823,will-donald-trump-attend-the-next-us-x-iran-diplomatic-meeting,who-will-attend-the-next-us-x-iran-diplomatic-meeting,0
2824,will-jd-vance-attend-the-next-us-x-iran-diplomatic-meeting,who-will-attend-the-next-us-x-iran-diplomatic-meeting,0
2825,will-marco-rubio-attend-the-next-us-x-iran-diplomatic-meeting,who-will-attend-the-next-us-x-iran-diplomatic-meeting,0
2826,will-jared-kushner-attend-the-next-us-x-iran-diplomatic-meeting,who-will-attend-the-next-us-x-iran-diplomatic-meeting,0
2827,will-steve-witkoff-attend-the-next-us-x-iran-diplomatic-meeting,who-will-attend-the-next-us-x-iran-diplomatic-meeting,0
2828,will-jd-vance-have-a-diplomatic-meeting-with-iran-by-april-30,who-will-meet-with-iran-by-april-30,0
2829,will-jared-kushner-have-a-diplomatic-meeting-with-iran-by-april-30,who-will-meet-with-iran-by-april-30,0
2830,will-marco-rubio-have-a-diplomatic-meeting-with-iran-by-april-30,who-will-meet-with-iran-by-april-30,0
2831,will-steve-witkoff-have-a-diplomatic-meeting-with-iran-by-april-30,who-will-meet-with-iran-by-april-30,0
2832,will-donald-trump-have-a-diplomatic-meeting-with-iran-by-april-30,who-will-meet-with-iran-by-april-30,0
2833,will-the-us-x-iran-ceasefire-be-extended-by-april-18-2026,us-x-iran-ceasefire-extended-by,0
2834,ben-gvir-out-as-israeli-minister-of-national-security-by-june-30,ben-gvir-out-as-israeli-minister-of-national-security-by-june-30,0
2835,israel-x-hezbollah-ceasefire-by-april-21-2026,israel-x-hezbollah-ceasefire-by,0
2836,israel-x-hezbollah-ceasefire-by-april-18-2026,israel-x-hezbollah-ceasefire-by,0
2837,will-netanyahu-talk-to-joseph-aoun-by-april-17,will-netanyahu-talk-to-joseph-aoun-by,0
2838,will-netanyahu-talk-to-joseph-aoun-by-april-30,will-netanyahu-talk-to-joseph-aoun-by,0
2839,israel-x-hezbollah-ceasefire-extended-by-april-26-2026,israel-x-hezbollah-ceasefire-extended-by,0
2840,israel-x-hezbollah-ceasefire-extended-by-april-21-2026,israel-x-hezbollah-ceasefire-extended-by,0
2841,israel-x-hezbollah-permanent-peace-deal-by-april-26-2026,israel-x-hezbollah-permanent-peace-deal-by,0
2842,israel-x-hezbollah-permanent-peace-deal-by-may-31-2026,israel-x-hezbollah-permanent-peace-deal-by,0
2843,israel-x-iran-permanent-peace-deal-by-june-30-2026-262,israel-x-iran-permanent-peace-deal-by,0
2846,israel-x-iran-permanent-peace-deal-by-april-22-2026,israel-x-iran-permanent-peace-deal-by,0
2847,israel-x-iran-permanent-peace-deal-by-april-30-2026,israel-x-iran-permanent-peace-deal-by,0
2848,israel-withdraws-from-lebanon-by-june-30-2026,israel-withdraws-from-lebanon-by,0
2849,israel-withdraws-from-lebanon-by-may-31-2026,israel-withdraws-from-lebanon-by,0
2850,israel-withdraws-from-lebanon-by-april-30-2026,israel-withdraws-from-lebanon-by,0
2851,us-x-iran-diplomatic-meeting-by-april-20-2026,us-x-iran-diplomatic-meeting-by-329,0
2852,us-x-iran-diplomatic-meeting-by-april-21-2026,us-x-iran-diplomatic-meeting-by-329,0
2853,us-x-iran-diplomatic-meeting-by-april-19-2026,us-x-iran-diplomatic-meeting-by-329,0
2855,will-75-99-ships-transit-the-strait-of-hormuz-between-april-20-april-26,how-many-ships-transit-the-strait-of-hormuz-this-week-apr-20-26,0
2856,will-fewer-than-25-ships-transit-the-strait-of-hormuz-between-april-20-april-26,how-many-ships-transit-the-strait-of-hormuz-this-week-apr-20-26,0
2857,will-100-124-ships-transit-the-strait-of-hormuz-between-april-20-april-26,how-many-ships-transit-the-strait-of-hormuz-this-week-apr-20-26,0
2858,will-125-149-ships-transit-the-strait-of-hormuz-between-april-20-april-26,how-many-ships-transit-the-strait-of-hormuz-this-week-apr-20-26,0
2859,will-50-74-ships-transit-the-strait-of-hormuz-between-april-20-april-26,how-many-ships-transit-the-strait-of-hormuz-this-week-apr-20-26,0
2860,will-25-49-ships-transit-the-strait-of-hormuz-between-april-20-april-26,how-many-ships-transit-the-strait-of-hormuz-this-week-apr-20-26,0
2861,will-150-or-more-ships-transit-the-strait-of-hormuz-between-april-20-april-26,how-many-ships-transit-the-strait-of-hormuz-this-week-apr-20-26,0
2863,us-obtains-iranian-enriched-uranium-by-april-30,us-obtains-iranian-enriched-uranium-by,0
2864,will-donald-trump-announce-that-the-united-states-blockade-of-the-strait-of-hormuz-has-been-lifted-by-april-23-2026,trump-announces-us-blockade-of-hormuz-lifted-by,0
2865,will-donald-trump-announce-that-the-united-states-blockade-of-the-strait-of-hormuz-has-been-lifted-by-april-18-2026-229,trump-announces-us-blockade-of-hormuz-lifted-by,0
2866,israel-x-lebanon-diplomatic-meeting-by-april-26-2026,israel-x-lebanon-diplomatic-meeting-by-341,0
2867,israel-x-hezbollah-diplomatic-meeting-by-april-26-2026,israel-x-hezbollah-diplomatic-meeting-by,0
2868,israel-x-hezbollah-diplomatic-meeting-by-may-31-2026,israel-x-hezbollah-diplomatic-meeting-by,0
2869,israel-x-lebanon-diplomatic-meeting-by-may-31-2026,israel-x-lebanon-diplomatic-meeting-by-341,0
2871,trump-renames-straight-of-hormuz-to-strait-of-trump-by-may-31,trump-renames-straight-of-hormuz-to-strait-of-trump-by-may-31,0
2872,us-x-iran-diplomatic-meeting-by-april-23-2026,us-x-iran-diplomatic-meeting-by-329,0
2873,us-x-iran-diplomatic-meeting-by-april-24-2026,us-x-iran-diplomatic-meeting-by-329,0
2874,us-x-iran-ceasefire-extended-by-april-22-2026,us-x-iran-ceasefire-extended-by,0
2876,will-an-iranian-agent-be-charged-in-the-us-by-may-31,will-an-iranian-agent-be-charged-in-the-us-by-may-31,0
2877,us-x-iran-diplomatic-meeting-by-may-5-2026,us-x-iran-diplomatic-meeting-by-329,0
2878,us-x-iran-diplomatic-meeting-by-april-25-2026,us-x-iran-diplomatic-meeting-by-329,0
2879,us-x-iran-diplomatic-meeting-by-april-28-2026,us-x-iran-diplomatic-meeting-by-329,0
2880,us-x-iran-diplomatic-meeting-by-april-26-2026,us-x-iran-diplomatic-meeting-by-329,0
2881,us-x-iran-diplomatic-meeting-by-april-27-2026,us-x-iran-diplomatic-meeting-by-329,0
2882,us-x-iran-diplomatic-meeting-by-may-15-2026,us-x-iran-diplomatic-meeting-by-329,0
2883,us-x-iran-diplomatic-meeting-by-april-29-2026,us-x-iran-diplomatic-meeting-by-329,0
2884,us-x-iran-permanent-peace-deal-by-april-24-2026,us-x-iran-permanent-peace-deal-by,0
2885,trump-announces-end-of-military-operations-against-iran-by-april-24th,trump-announces-end-of-military-operations-against-iran-by,0
2886,will-the-next-us-x-iran-diplomatic-meeting-be-on-april-22,next-us-x-iran-diplomatic-meeting-on,0
2887,will-the-next-us-x-iran-diplomatic-meeting-be-on-april-23,next-us-x-iran-diplomatic-meeting-on,0
2888,will-the-next-us-x-iran-diplomatic-meeting-be-on-april-24,next-us-x-iran-diplomatic-meeting-on,0
2889,will-the-next-us-x-iran-diplomatic-meeting-be-on-april-25,next-us-x-iran-diplomatic-meeting-on,0
2890,will-the-next-us-x-iran-diplomatic-meeting-be-on-april-26,next-us-x-iran-diplomatic-meeting-on,0
2891,will-the-next-us-x-iran-diplomatic-meeting-be-on-april-27,next-us-x-iran-diplomatic-meeting-on,0
2892,will-the-next-us-x-iran-diplomatic-meeting-be-on-april-28,next-us-x-iran-diplomatic-meeting-on,0
2893,will-the-next-us-x-iran-diplomatic-meeting-be-on-april-29,next-us-x-iran-diplomatic-meeting-on,0
2894,will-the-next-us-x-iran-diplomatic-meeting-be-on-april-30,next-us-x-iran-diplomatic-meeting-on,0
2895,will-the-next-us-x-iran-diplomatic-meeting-be-on-may-1,next-us-x-iran-diplomatic-meeting-on,0
2896,will-the-next-us-x-iran-diplomatic-meeting-be-on-may-2,next-us-x-iran-diplomatic-meeting-on,0
2897,will-the-next-us-x-iran-diplomatic-meeting-be-on-may-3,next-us-x-iran-diplomatic-meeting-on,0
2898,will-the-next-us-x-iran-diplomatic-meeting-be-on-may-4,next-us-x-iran-diplomatic-meeting-on,0
2899,will-the-next-us-x-iran-diplomatic-meeting-be-on-may-5,next-us-x-iran-diplomatic-meeting-on,0
2900,will-the-next-us-x-iran-diplomatic-meeting-be-on-may-6,next-us-x-iran-diplomatic-meeting-on,0
2901,will-the-next-us-x-iran-diplomatic-meeting-be-on-may-7,next-us-x-iran-diplomatic-meeting-on,0
2902,will-the-next-us-x-iran-diplomatic-meeting-be-on-may-8,next-us-x-iran-diplomatic-meeting-on,0
2903,will-the-next-us-x-iran-diplomatic-meeting-occur-after-may-10,next-us-x-iran-diplomatic-meeting-on,0
2904,will-the-next-us-x-iran-diplomatic-meeting-be-on-may-9,next-us-x-iran-diplomatic-meeting-on,0
2905,will-the-next-us-x-iran-diplomatic-meeting-be-on-may-10,next-us-x-iran-diplomatic-meeting-on,0
2906,strait-of-hormuz-traffic-returns-to-normal-by-may-15,strait-of-hormuz-traffic-returns-to-normal-by-may-15,0
2907,will-usd-reach-1pt6m-iranian-rials-by-april-30-373,will-usd-hit-iranian-rials-by-april-30,0
2908,putin-meets-with-iranian-officials-by-may-15,putin-meets-with-iranian-officials-by-may-15,0
2909,will-donald-trump-announce-that-the-united-states-blockade-of-the-strait-of-hormuz-has-been-lifted-by-may-15-2026-154,trump-announces-us-blockade-of-hormuz-lifted-by,0
2910,netanyahu-out-by-may-31,netanyahu-out-before-2027,0
2911,us-x-iran-permanent-peace-deal-by-may-15-2026-144-885-839,us-x-iran-permanent-peace-deal-by,0
2912,will-trump-talk-to-mojtaba-khamenei-by-may-31,will-trump-talk-to-mojtaba-khamenei-by-march-31,0
2913,congress-passes-iran-war-powers-resolution-by-may-31,congress-passes-iran-war-powers-resolution-by-may-31,0
2914,will-fewer-than-25-ships-transit-the-strait-of-hormuz-between-april-27-may-3,how-many-ships-transit-the-strait-of-hormuz-week-of-apr-27,0
2915,will-25-49-ships-transit-the-strait-of-hormuz-between-april-27-may-3,how-many-ships-transit-the-strait-of-hormuz-week-of-apr-27,0
2916,will-50-74-ships-transit-the-strait-of-hormuz-between-april-27-may-3,how-many-ships-transit-the-strait-of-hormuz-week-of-apr-27,0
2917,will-75-99-ships-transit-the-strait-of-hormuz-between-april-27-may-3,how-many-ships-transit-the-strait-of-hormuz-week-of-apr-27,0
2918,will-100-124-ships-transit-the-strait-of-hormuz-between-april-27-may-3,how-many-ships-transit-the-strait-of-hormuz-week-of-apr-27,0
2919,will-125-149-ships-transit-the-strait-of-hormuz-between-april-27-may-3,how-many-ships-transit-the-strait-of-hormuz-week-of-apr-27,0
2920,will-150-or-more-ships-transit-the-strait-of-hormuz-between-april-27-may-3,how-many-ships-transit-the-strait-of-hormuz-week-of-apr-27,0
2921,will-benjamin-netanyahu-be-the-next-leader-out-before-2027-423,next-leader-out-of-power-before-2027-no-orban,0
2922,us-x-iran-diplomatic-meeting-by-may-31-2026-283-616,us-x-iran-diplomatic-meeting-by-329,0
2923,us-x-iran-diplomatic-meeting-by-june-30-2026-983-259-948-431-294-182-296-883-134-598-264,us-x-iran-diplomatic-meeting-by-329,0
2924,will-trump-agree-to-iranian-enrichment-of-uranium-by-may-31,what-iranian-demands-will-trump-agree-to-by-may-31,0
2925,will-trump-agree-to-iranian-transit-fees-in-the-strait-of-hormuz-by-may-31,what-iranian-demands-will-trump-agree-to-by-may-31,0
2926,will-trump-agree-to-iranian-oil-sanction-relief-by-may-31,what-iranian-demands-will-trump-agree-to-by-may-31,0
2927,will-trump-agree-to-unfreeze-iranian-assets-by-may-31,what-iranian-demands-will-trump-agree-to-by-may-31,0
2928,iran-agrees-to-unrestricted-shipping-through-hormuz-by-may-31,iran-agrees-to-unrestricted-shipping-through-hormuz-by-may-31,0
2929,iran-agrees-to-end-enrichment-of-uranium-by-may-31-945,iran-agrees-to-end-enrichment-of-uranium-by-may-31-945,0
2930,us-iran-nuclear-deal-by-may-31-974,us-iran-nuclear-deal-by-may-31-974,0
2931,will-20-ships-transit-the-strait-of-hormuz-on-any-day-by-may-31,will-ships-transit-the-strait-of-hormuz-on-any-day-by-may-31,0
2932,will-80-ships-transit-the-strait-of-hormuz-on-any-day-by-may-31,will-ships-transit-the-strait-of-hormuz-on-any-day-by-may-31,0
2933,will-60-ships-transit-the-strait-of-hormuz-on-any-day-by-may-31,will-ships-transit-the-strait-of-hormuz-on-any-day-by-may-31,0
2934,will-40-ships-transit-the-strait-of-hormuz-on-any-day-by-may-31,will-ships-transit-the-strait-of-hormuz-on-any-day-by-may-31,0
2935,israel-x-lebanon-diplomatic-meeting-by-may-31,israel-x-lebanon-diplomatic-meeting-by-may-31,0
2936,will-netanyahu-talk-to-joseph-aoun-by-june-30,will-netanyahu-talk-to-joseph-aoun-by,0
2937,will-donald-trump-announce-that-the-united-states-blockade-of-the-strait-of-hormuz-has-been-lifted-by-may-8-2026-522,trump-announces-us-blockade-of-hormuz-lifted-by,0
2938,will-donald-trump-announce-that-the-united-states-blockade-of-the-strait-of-hormuz-has-been-lifted-by-may-22-2026,trump-announces-us-blockade-of-hormuz-lifted-by,0
2939,israel-enacts-military-exemption-for-yeshiva-students-by-sep-30,israel-enacts-military-exemption-for-yeshiva-students-by-sep-30,0
2947,netanyahu-drops-out-of-israel-election-by-july-31,netanyahu-drops-out-of-israel-election-by-july-31,0
2948,iran-agrees-to-surrender-enriched-uranium-stockpile-by-may-31-2026,iran-agrees-to-surrender-enriched-uranium-stockpile-by,0
2949,will-fewer-than-25-ships-transit-the-strait-of-hormuz-between-may-4-may-10,how-many-ships-transit-the-strait-of-hormuz-week-of-may-4,0
2950,will-25-49-ships-transit-the-strait-of-hormuz-between-may-4-may-10,how-many-ships-transit-the-strait-of-hormuz-week-of-may-4,0
2951,will-50-74-ships-transit-the-strait-of-hormuz-between-may-4-may-10,how-many-ships-transit-the-strait-of-hormuz-week-of-may-4,0
2952,will-75-99-ships-transit-the-strait-of-hormuz-between-may-4-may-10,how-many-ships-transit-the-strait-of-hormuz-week-of-may-4,0
2953,will-100-or-more-ships-transit-the-strait-of-hormuz-between-may-4-may-10,how-many-ships-transit-the-strait-of-hormuz-week-of-may-4,0
2954,will-donald-trump-have-a-diplomatic-meeting-with-iran-by-may-31,who-will-meet-with-iran-by-may-31,0
2955,will-jared-kushner-have-a-diplomatic-meeting-with-iran-by-may-31,who-will-meet-with-iran-by-may-31,0
2956,will-marco-rubio-have-a-diplomatic-meeting-with-iran-by-may-31,who-will-meet-with-iran-by-may-31,0
2957,will-jd-vance-have-a-diplomatic-meeting-with-iran-by-may-31,who-will-meet-with-iran-by-may-31,0
2958,will-steve-witkoff-have-a-diplomatic-meeting-with-iran-by-may-31,who-will-meet-with-iran-by-may-31,0
2959,another-iranian-diplomat-expelled-by-june-30,another-iranian-diplomat-expelled-by-june-30,0
2960,will-there-be-between-0-and-10-average-daily-transits-of-the-strait-of-hormuz-on-may-31-942,avg-of-ships-transiting-strait-of-hormuz-end-of-may,0
2961,will-there-be-between-10-and-20-average-daily-transits-of-the-strait-of-hormuz-on-may-31-822,avg-of-ships-transiting-strait-of-hormuz-end-of-may,0
2962,will-there-be-between-20-and-40-average-daily-transits-of-the-strait-of-hormuz-on-may-31-569,avg-of-ships-transiting-strait-of-hormuz-end-of-may,0
2963,will-there-be-between-40-and-60-average-daily-transits-of-the-strait-of-hormuz-on-may-31-593,avg-of-ships-transiting-strait-of-hormuz-end-of-may,0
2964,will-there-be-60-or-more-average-daily-transits-of-the-strait-of-hormuz-on-may-31-474,avg-of-ships-transiting-strait-of-hormuz-end-of-may,0
2965,will-usd-reach-1pt9m-iranian-rials-by-may-31,will-usd-hit-iranian-rials-by-may-31,0
2966,will-usd-fall-to-1pt7m-iranian-rials-by-may-31,will-usd-hit-iranian-rials-by-may-31,0
2967,will-usd-fall-to-1pt6m-iranian-rials-by-may-31,will-usd-hit-iranian-rials-by-may-31,0
2968,will-usd-reach-2pt0m-iranian-rials-by-may-31,will-usd-hit-iranian-rials-by-may-31,0
2969,will-usd-fall-to-1pt5m-iranian-rials-by-may-31,will-usd-hit-iranian-rials-by-may-31,0
2970,will-usd-reach-1pt8m-iranian-rials-by-may-31,will-usd-hit-iranian-rials-by-may-31,0
2971,will-trump-meet-with-benjamin-netanyahu-in-may-2026,who-will-trump-meet-with-in-may,0
2972,abbas-araghchi-out-as-minister-of-foreign-affairs-of-iran-by-may-31-2026,abbas-araghchi-out-as-minister-of-foreign-affairs-of-iran-by,0
2973,israel-x-iran-permanent-peace-deal-by-may-31-2026,israel-x-iran-permanent-peace-deal-by,0
2975,iran-closes-its-airspace-by-may-8-754-861,iran-closes-its-airspace-by,0
2976,iran-closes-its-airspace-by-may-31-434-443-672-526-188-756,iran-closes-its-airspace-by,0
3016,will-jd-vance-have-a-diplomatic-meeting-with-iran-by-may-31-2026,jd-vance-diplomatic-meeting-with-iran-by-876,0
3017,will-jd-vance-have-a-diplomatic-meeting-with-iran-by-may-15-2026,jd-vance-diplomatic-meeting-with-iran-by-876,0
3018,will-jd-vance-have-a-diplomatic-meeting-with-iran-by-june-30-2026,jd-vance-diplomatic-meeting-with-iran-by-876,0
3019,will-donald-trump-announce-that-the-united-states-blockade-of-the-strait-of-hormuz-has-been-lifted-by-june-30-2026-159-962-959,trump-announces-us-blockade-of-hormuz-lifted-by,0
3020,us-x-iran-permanent-peace-deal-by-december-31-2026-961-587-341-574-555-817,us-x-iran-permanent-peace-deal-by,0
3021,israel-closes-its-airspace-by-may-31,israel-closes-its-airspace-by,0
3022,israel-closes-its-airspace-by-may-8,israel-closes-its-airspace-by,0
3023,iran-closes-its-airspace-by-may-15-844-228,iran-closes-its-airspace-by,0
3024,xi-meets-with-iranian-officials-by-may-15,xi-meets-with-iranian-officials-by-may-15,0
3025,iran-closes-its-airspace-by-may-6,iran-closes-its-airspace-by,0
3026,iran-closes-its-airspace-by-may-7,iran-closes-its-airspace-by,0
3027,will-germany-send-warships-through-the-strait-of-hormuz-by-may-31-2026,which-countries-will-send-warships-through-the-strait-of-hormuz-by-may-31,0
3028,will-canada-send-warships-through-the-strait-of-hormuz-by-may-31-2026,which-countries-will-send-warships-through-the-strait-of-hormuz-by-may-31,0
3029,will-oman-send-warships-through-the-strait-of-hormuz-by-may-31-2026,which-countries-will-send-warships-through-the-strait-of-hormuz-by-may-31,0
3030,will-the-united-kingdom-send-warships-through-the-strait-of-hormuz-by-may-31-2026,which-countries-will-send-warships-through-the-strait-of-hormuz-by-may-31,0
3031,will-south-korea-send-warships-through-the-strait-of-hormuz-by-may-31-2026,which-countries-will-send-warships-through-the-strait-of-hormuz-by-may-31,0
3032,will-france-send-warships-through-the-strait-of-hormuz-by-may-31-2026,which-countries-will-send-warships-through-the-strait-of-hormuz-by-may-31,0
3033,will-greece-send-warships-through-the-strait-of-hormuz-by-may-31-2026,which-countries-will-send-warships-through-the-strait-of-hormuz-by-may-31,0
3034,will-australia-send-warships-through-the-strait-of-hormuz-by-may-31-2026,which-countries-will-send-warships-through-the-strait-of-hormuz-by-may-31,0
3035,will-pakistan-send-warships-through-the-strait-of-hormuz-by-may-31-2026,which-countries-will-send-warships-through-the-strait-of-hormuz-by-may-31,0
3036,will-saudi-arabia-send-warships-through-the-strait-of-hormuz-by-may-31-2026,which-countries-will-send-warships-through-the-strait-of-hormuz-by-may-31,0
3037,will-the-united-states-send-warships-through-the-strait-of-hormuz-by-may-31-2026,which-countries-will-send-warships-through-the-strait-of-hormuz-by-may-31,0
3038,will-italy-send-warships-through-the-strait-of-hormuz-by-may-31-2026,which-countries-will-send-warships-through-the-strait-of-hormuz-by-may-31,0
3039,will-japan-send-warships-through-the-strait-of-hormuz-by-may-31-2026,which-countries-will-send-warships-through-the-strait-of-hormuz-by-may-31,0
3040,will-india-send-warships-through-the-strait-of-hormuz-by-may-31-2026,which-countries-will-send-warships-through-the-strait-of-hormuz-by-may-31,0
3041,will-qatar-send-warships-through-the-strait-of-hormuz-by-may-31-2026,which-countries-will-send-warships-through-the-strait-of-hormuz-by-may-31,0
3042,will-the-united-arab-emirates-send-warships-through-the-strait-of-hormuz-by-may-31-2026,which-countries-will-send-warships-through-the-strait-of-hormuz-by-may-31,0
3043,will-kuwait-send-warships-through-the-strait-of-hormuz-by-may-31-2026,which-countries-will-send-warships-through-the-strait-of-hormuz-by-may-31,0
3044,will-bahrain-send-warships-through-the-strait-of-hormuz-by-may-31-2026,which-countries-will-send-warships-through-the-strait-of-hormuz-by-may-31,0
3045,will-the-netherlands-send-warships-through-the-strait-of-hormuz-by-may-31-2026,which-countries-will-send-warships-through-the-strait-of-hormuz-by-may-31,0
3046,us-x-iran-permanent-peace-deal-before-trump-visits-china,us-x-iran-permanent-peace-deal-before-trump-visits-china,0
3047,us-x-iran-permanent-peace-deal-by-may-11-2026,us-x-iran-permanent-peace-deal-by,0
3048,us-x-iran-permanent-peace-deal-by-may-8-2026,us-x-iran-permanent-peace-deal-by,0
3049,us-x-iran-permanent-peace-deal-by-may-13-2026,us-x-iran-permanent-peace-deal-by,0
3050,us-obtains-iranian-enriched-uranium-by-june-30,us-obtains-iranian-enriched-uranium-by,0
3051,will-fewer-than-20-ships-transit-the-strait-of-hormuz-between-may-11-may-17,how-many-ships-transit-the-strait-of-hormuz-week-of-may-11,0
3052,will-20-39-ships-transit-the-strait-of-hormuz-between-may-11-may-17,how-many-ships-transit-the-strait-of-hormuz-week-of-may-11,0
3053,will-40-59-ships-transit-the-strait-of-hormuz-between-may-11-may-17,how-many-ships-transit-the-strait-of-hormuz-week-of-may-11,0
3054,will-60-79-ships-transit-the-strait-of-hormuz-between-may-11-may-17,how-many-ships-transit-the-strait-of-hormuz-week-of-may-11,0
3055,will-80-or-more-ships-transit-the-strait-of-hormuz-between-may-11-may-17,how-many-ships-transit-the-strait-of-hormuz-week-of-may-11,0
3057,strait-of-hormuz-traffic-returns-to-normal-by-july-31,strait-of-hormuz-traffic-returns-to-normal-by-july-31,0
3058,israel-closes-its-airspace-by-june-30-324-253-464-332-827-713-671-846,israel-closes-its-airspace-by,0
3059,iran-closes-its-airspace-by-june-30-432-786-462-866-468,iran-closes-its-airspace-by,0
3060,will-china-announce-participation-in-iran-negotiations-by-may-22-881,trump-xi-summit-what-will-china-announce-by-may-22,0
3061,iran-closes-its-airspace-by-may-18,iran-closes-its-airspace-by,0
3062,iran-closes-its-airspace-by-may-24,iran-closes-its-airspace-by,0
3063,iran-closes-its-airspace-by-may-21,iran-closes-its-airspace-by,0
3064,internet-access-restored-in-iran-by-september-30-2026,internet-access-restored-in-iran-by,0
3065,internet-access-restored-in-iran-by-december-31-2026,internet-access-restored-in-iran-by,0
3066,israeli-parliament-dissolved-by-may-31,israeli-parliament-dissolved-by-october-31,0
3067,will-israel-announce-the-ceasefire-has-been-extended-by-may-14,israel-announces-ceasefire-extended-by,0
3068,will-israel-announce-the-ceasefire-has-been-extended-by-may-17,israel-announces-ceasefire-extended-by,0
3069,will-israel-announce-the-ceasefire-has-been-extended-by-may-13,israel-announces-ceasefire-extended-by,0
3070,will-israel-announce-the-ceasefire-has-been-extended-by-may-15,israel-announces-ceasefire-extended-by,0
3071,will-israel-announce-the-ceasefire-has-been-extended-by-may-16,israel-announces-ceasefire-extended-by,0
3072,us-x-iran-permanent-peace-deal-by-july-31-2026-831-252,us-x-iran-permanent-peace-deal-by,0
3073,us-x-iran-permanent-peace-deal-by-june-15-2026-734-856-129,us-x-iran-permanent-peace-deal-by,0
3074,will-fewer-than-20-ships-transit-the-strait-of-hormuz-between-may-18-may-24,how-many-ships-transit-the-strait-of-hormuz-week-of-may-18,0
3075,will-20-39-ships-transit-the-strait-of-hormuz-between-may-18-may-24,how-many-ships-transit-the-strait-of-hormuz-week-of-may-18,0
3076,will-40-59-ships-transit-the-strait-of-hormuz-between-may-18-may-24,how-many-ships-transit-the-strait-of-hormuz-week-of-may-18,0
3077,will-60-79-ships-transit-the-strait-of-hormuz-between-may-18-may-24,how-many-ships-transit-the-strait-of-hormuz-week-of-may-18,0
3078,will-80-or-more-ships-transit-the-strait-of-hormuz-between-may-18-may-24,how-many-ships-transit-the-strait-of-hormuz-week-of-may-18,0
3079,iran-closes-its-airspace-by-june-15-219,iran-closes-its-airspace-by,0
3080,iran-closes-its-airspace-by-may-29,iran-closes-its-airspace-by,0
3081,israel-closes-its-airspace-by-june-15-687-594-783-732-455-613-653,israel-closes-its-airspace-by,0
3082,israel-closes-its-airspace-by-may-24,israel-closes-its-airspace-by,0
3083,us-x-iran-permanent-peace-deal-by-may-22-2026,us-x-iran-permanent-peace-deal-by,0
3084,us-x-iran-diplomatic-meeting-by-june-15-2026-671-962-535-596-386,us-x-iran-diplomatic-meeting-by-329,0
3085,us-x-iran-diplomatic-meeting-by-july-31-2026-436-841-384-728-576-249-144-819-328-645-725-579,us-x-iran-diplomatic-meeting-by-329,0
3086,us-x-iran-diplomatic-meeting-by-may-22-2026-516,us-x-iran-diplomatic-meeting-by-329,0
3087,will-the-us-lift-direct-iran-ofac-sanctions-by-may-31-2026,us-lifts-iran-ofac-sanctions-by,0
3088,will-the-us-lift-direct-iran-ofac-sanctions-by-june-30-2026-171,us-lifts-iran-ofac-sanctions-by,0
3089,will-the-iran-ceasefire-continue-through-june-7-849,iran-ceasefire-continues-through,0
3090,will-the-iran-ceasefire-continue-through-december-31-395-943,iran-ceasefire-continues-through,0
3091,will-the-iran-ceasefire-continue-through-may-21,iran-ceasefire-continues-through,0
3092,will-the-iran-ceasefire-continue-through-june-30-529-427,iran-ceasefire-continues-through,0
3093,will-the-iran-ceasefire-continue-through-may-31-654-633,iran-ceasefire-continues-through,0
3094,will-the-iran-ceasefire-continue-through-july-31-157-645,iran-ceasefire-continues-through,0
3095,will-the-iran-ceasefire-continue-through-may-22,iran-ceasefire-continues-through,0
3096,will-the-iran-ceasefire-continue-through-may-24-733,iran-ceasefire-continues-through,0
3097,will-the-iran-ceasefire-continue-through-may-20,iran-ceasefire-continues-through,0
3098,will-the-iran-ceasefire-continue-through-may-27-496,iran-ceasefire-continues-through,0
3099,will-the-iran-ceasefire-continue-through-june-15-136-565,iran-ceasefire-continues-through,0
3100,us-x-iran-permanent-peace-deal-by-may-26-2026,us-x-iran-permanent-peace-deal-by,0
3101,will-trump-agree-to-iranian-oil-sanction-relief-by-june-30,what-iranian-demands-will-trump-agree-to-by-june-30,0
3102,will-trump-agree-to-iranian-transit-fees-in-the-strait-of-hormuz-by-june-30,what-iranian-demands-will-trump-agree-to-by-june-30,0
3103,will-trump-agree-to-unfreeze-iranian-assets-by-june-30,what-iranian-demands-will-trump-agree-to-by-june-30,0
3104,will-trump-agree-to-iranian-enrichment-of-uranium-by-june-30,what-iranian-demands-will-trump-agree-to-by-june-30,0
3105,israel-x-lebanon-diplomatic-meeting-by-may-31-177,israel-x-lebanon-diplomatic-meeting-by-may-31-177,0
3106,israel-withdraws-from-lebanon-by-july-31-2026,israel-withdraws-from-lebanon-by,0
3107,will-germany-send-warships-through-the-strait-of-hormuz-by-june-30-2026,which-countries-will-send-warships-through-the-strait-of-hormuz-by-june-30,0
3108,will-the-united-arab-emirates-send-warships-through-the-strait-of-hormuz-by-june-30-2026,which-countries-will-send-warships-through-the-strait-of-hormuz-by-june-30,0
3109,will-france-send-warships-through-the-strait-of-hormuz-by-june-30-2026,which-countries-will-send-warships-through-the-strait-of-hormuz-by-june-30,0
3110,will-qatar-send-warships-through-the-strait-of-hormuz-by-june-30-2026,which-countries-will-send-warships-through-the-strait-of-hormuz-by-june-30,0
3111,will-italy-send-warships-through-the-strait-of-hormuz-by-june-30-2026,which-countries-will-send-warships-through-the-strait-of-hormuz-by-june-30,0
3112,will-south-korea-send-warships-through-the-strait-of-hormuz-by-june-30-2026,which-countries-will-send-warships-through-the-strait-of-hormuz-by-june-30,0
3113,will-india-send-warships-through-the-strait-of-hormuz-by-june-30-2026,which-countries-will-send-warships-through-the-strait-of-hormuz-by-june-30,0
3114,will-japan-send-warships-through-the-strait-of-hormuz-by-june-30-2026,which-countries-will-send-warships-through-the-strait-of-hormuz-by-june-30,0
3115,will-the-netherlands-send-warships-through-the-strait-of-hormuz-by-june-30-2026,which-countries-will-send-warships-through-the-strait-of-hormuz-by-june-30,0
3116,will-pakistan-send-warships-through-the-strait-of-hormuz-by-june-30-2026,which-countries-will-send-warships-through-the-strait-of-hormuz-by-june-30,0
3117,will-australia-send-warships-through-the-strait-of-hormuz-by-june-30-2026,which-countries-will-send-warships-through-the-strait-of-hormuz-by-june-30,0
3118,will-canada-send-warships-through-the-strait-of-hormuz-by-june-30-2026,which-countries-will-send-warships-through-the-strait-of-hormuz-by-june-30,0
3119,will-saudi-arabia-send-warships-through-the-strait-of-hormuz-by-june-30-2026,which-countries-will-send-warships-through-the-strait-of-hormuz-by-june-30,0
3120,will-greece-send-warships-through-the-strait-of-hormuz-by-june-30-2026,which-countries-will-send-warships-through-the-strait-of-hormuz-by-june-30,0
3121,will-kuwait-send-warships-through-the-strait-of-hormuz-by-june-30-2026,which-countries-will-send-warships-through-the-strait-of-hormuz-by-june-30,0
3122,will-the-united-states-send-warships-through-the-strait-of-hormuz-by-june-30-2026,which-countries-will-send-warships-through-the-strait-of-hormuz-by-june-30,0
3123,will-oman-send-warships-through-the-strait-of-hormuz-by-june-30-2026,which-countries-will-send-warships-through-the-strait-of-hormuz-by-june-30,0
3124,will-bahrain-send-warships-through-the-strait-of-hormuz-by-june-30-2026,which-countries-will-send-warships-through-the-strait-of-hormuz-by-june-30,0
3125,will-the-united-kingdom-send-warships-through-the-strait-of-hormuz-by-june-30-2026,which-countries-will-send-warships-through-the-strait-of-hormuz-by-june-30,0
3126,iran-x-oman-strait-of-hormuz-agreement-by-june-15,iran-x-oman-strait-of-hormuz-agreement-by-june-15,0
3127,will-100-or-more-ships-transit-the-strait-of-hormuz-between-may-25-june-1,how-many-ships-transit-the-strait-of-hormuz-week-of-may-25,0
3128,will-50-74-ships-transit-the-strait-of-hormuz-between-may-25-june-1,how-many-ships-transit-the-strait-of-hormuz-week-of-may-25,0
3129,will-75-99-ships-transit-the-strait-of-hormuz-between-may-25-june-1,how-many-ships-transit-the-strait-of-hormuz-week-of-may-25,0
3130,will-25-49-ships-transit-the-strait-of-hormuz-between-may-25-june-1,how-many-ships-transit-the-strait-of-hormuz-week-of-may-25,0
3131,will-fewer-than-25-ships-transit-the-strait-of-hormuz-between-may-25-june-1,how-many-ships-transit-the-strait-of-hormuz-week-of-may-25,0
3132,will-the-iran-ceasefire-continue-through-may-28,iran-ceasefire-continues-through,0
3133,will-the-iran-ceasefire-continue-through-may-23,iran-ceasefire-continues-through,0
3134,will-the-iran-ceasefire-continue-through-may-25,iran-ceasefire-continues-through,0
3135,will-the-iran-ceasefire-continue-through-may-26,iran-ceasefire-continues-through,0
3136,us-x-iran-permanent-peace-deal-by-june-7-2026,us-x-iran-permanent-peace-deal-by,0
3137,us-announces-new-iran-agreementceasefire-extension-by-may-31-665-831-238,us-announces-new-iran-agreementceasefire-extension-by,0
3138,us-announces-new-iran-agreementceasefire-extension-by-may-23,us-announces-new-iran-agreementceasefire-extension-by,0
3139,us-announces-new-iran-agreementceasefire-extension-by-may-24,us-announces-new-iran-agreementceasefire-extension-by,0
3140,us-announces-new-iran-agreementceasefire-extension-by-may-25,us-announces-new-iran-agreementceasefire-extension-by,0
3141,us-announces-new-iran-agreementceasefire-extension-by-may-26,us-announces-new-iran-agreementceasefire-extension-by,0
3142,us-announces-new-iran-agreementceasefire-extension-by-june-7-265-824-655-577-216,us-announces-new-iran-agreementceasefire-extension-by,0
3143,us-x-iran-permanent-peace-deal-before-ceasefire-ends,us-x-iran-permanent-peace-deal-before-ceasefire-ends,0
3144,us-announces-new-iran-agreementceasefire-extension-by-may-28,us-announces-new-iran-agreementceasefire-extension-by,0
3145,us-announces-new-iran-agreementceasefire-extension-by-june-30-848-925-757-129-337-165,us-announces-new-iran-agreementceasefire-extension-by,0
3146,us-announces-new-iran-agreementceasefire-extension-by-may-27,us-announces-new-iran-agreementceasefire-extension-by,0
3147,israel-x-hezbollah-permanent-peace-deal-by-june-15-2026,israel-x-hezbollah-permanent-peace-deal-by,0
3148,israel-x-hezbollah-permanent-peace-deal-by-june-30-2026,israel-x-hezbollah-permanent-peace-deal-by,0
3149,will-donald-trump-announce-that-the-united-states-blockade-of-the-strait-of-hormuz-has-been-lifted-by-june-7-2026,trump-announces-us-blockade-of-hormuz-lifted-by,0
3150,will-donald-trump-announce-that-the-united-states-blockade-of-the-strait-of-hormuz-has-been-lifted-by-may-28-2026,trump-announces-us-blockade-of-hormuz-lifted-by,0
3151,will-donald-trump-announce-that-the-united-states-blockade-of-the-strait-of-hormuz-has-been-lifted-by-june-15-2026,trump-announces-us-blockade-of-hormuz-lifted-by,0
3152,us-x-iran-diplomatic-meeting-by-may-28-2026,us-x-iran-diplomatic-meeting-by-329,0
3153,us-x-iran-diplomatic-meeting-by-june-3-2026,us-x-iran-diplomatic-meeting-by-329,0
3154,us-x-iran-diplomatic-meeting-by-june-7-2026,us-x-iran-diplomatic-meeting-by-329,0
3155,israeli-parliament-dissolved-by-june-15,israeli-parliament-dissolved-by-october-31,0
3156,israeli-parliament-dissolved-by-july-31-832,israeli-parliament-dissolved-by-october-31,0
3157,iran-agrees-to-surrender-enriched-uranium-stockpile-by-july-31-2026,iran-agrees-to-surrender-enriched-uranium-stockpile-by,0
3158,iran-agrees-to-end-enrichment-of-uranium-by-july-31,iran-agrees-to-end-enrichment-of-uranium-by-july-31,0
3159,us-iran-nuclear-deal-by-july-31,us-iran-nuclear-deal-by-july-31,0
3160,strait-of-hormuz-traffic-returns-to-normal-by-june-15,strait-of-hormuz-traffic-returns-to-normal-by-june-15,0
3161,israeli-forces-cross-the-litani-river-again-by-may-31,israeli-forces-cross-the-litani-river-again-by-may-31,0
3162,us-evacuates-beirut-embassy-by-june-30,us-evacuates-beirut-embassy-by-june-30,0
3163,israeli-forces-enter-beirut-by-may-31,israeli-forces-enter-beirut-by-475,0
3164,israeli-forces-enter-beirut-by-june-30,israeli-forces-enter-beirut-by-475,0
3165,israel-announces-lebanon-ceasefire-extension-by-june-7,israel-announces-lebanon-ceasefire-extension-by,0
3166,israel-announces-lebanon-ceasefire-extension-by-may-31,israel-announces-lebanon-ceasefire-extension-by,0
3167,us-announces-new-iran-agreementceasefire-extension-by-june-3-569-213,us-announces-new-iran-agreementceasefire-extension-by,0
3168,us-announces-new-iran-agreementceasefire-extension-by-may-30,us-announces-new-iran-agreementceasefire-extension-by,0
3169,us-announces-new-iran-agreementceasefire-extension-by-may-29,us-announces-new-iran-agreementceasefire-extension-by,0
3170,mojtaba-khamenei-seen-in-public-by-june-30-832,mojtaba-khamenei-public-appearance-by,0
3171,will-steve-witkoff-have-a-diplomatic-meeting-with-iran-by-june-30,who-will-meet-with-iran-by-june-30,0
3172,trump-renames-strait-of-hormuz-to-strait-of-trump-by-june-30,trump-renames-strait-of-hormuz-to-strait-of-trump-by-june-30,0
3173,will-donald-trump-have-a-diplomatic-meeting-with-iran-by-june-30,who-will-meet-with-iran-by-june-30,0
3174,will-marco-rubio-have-a-diplomatic-meeting-with-iran-by-june-30,who-will-meet-with-iran-by-june-30,0
3175,will-jared-kushner-have-a-diplomatic-meeting-with-iran-by-june-30,who-will-meet-with-iran-by-june-30,0
3176,will-jd-vance-have-a-diplomatic-meeting-with-iran-by-june-30,who-will-meet-with-iran-by-june-30,0
3177,iran-agrees-to-unrestricted-shipping-through-hormuz-by-june-30,iran-agrees-to-unrestricted-shipping-through-hormuz-by-june-30,0
3178,will-the-bank-of-israel-hike-by-50-bps-or-more-at-the-august-2026-meeting,bank-of-israel-decision-in-august,0
3179,will-the-bank-of-israel-cut-by-50-bps-or-more-at-the-august-2026-meeting,bank-of-israel-decision-in-august,0
3180,will-the-bank-of-israel-hike-by-25-bps-at-the-august-2026-meeting,bank-of-israel-decision-in-august,0
3181,will-the-bank-of-israel-hold-at-the-august-2026-meeting,bank-of-israel-decision-in-august,0
3182,will-the-bank-of-israel-cut-by-25-bps-at-the-august-2026-meeting,bank-of-israel-decision-in-august,0
3183,will-trump-agree-to-withdraw-troops-from-the-iranian-region-by-june-30,what-iranian-demands-will-trump-agree-to-by-june-30,0
3184,israeli-forces-enter-tyre-by-may-31,israeli-forces-enter-tyre-by,0
3185,israeli-forces-enter-tyre-by-june-7,israeli-forces-enter-tyre-by,0
3186,israeli-forces-enter-nabatieh-by-june-7,israeli-forces-enter-nabatieh-by,0
3187,israeli-forces-enter-choukine-by-june-7,israeli-forces-enter-choukine-by,0
3188,israeli-forces-enter-nabatieh-by-may-31,israeli-forces-enter-nabatieh-by,0
3189,israeli-forces-enter-choukine-by-may-31,israeli-forces-enter-choukine-by,0
3190,abbas-araghchi-out-as-minister-of-foreign-affairs-of-iran-by-june-30-2026,abbas-araghchi-out-as-minister-of-foreign-affairs-of-iran-by,0
3191,israel-x-hezbollah-diplomatic-meeting-by-june-30-2026,israel-x-hezbollah-diplomatic-meeting-by,0
3192,israel-announces-lebanon-ceasefire-extension-by-june-30,israel-announces-lebanon-ceasefire-extension-by,0
3193,will-israel-launch-a-ground-operation-in-iran-by-june-30-2026,israel-ground-operation-in-iran-confirmed-by,0
3195,congress-passes-iran-war-powers-resolution-by-june-30,congress-passes-iran-war-powers-resolution-by-june-30,0
3196,will-trump-meet-with-benjamin-netanyahu-in-june-2026,who-will-trump-meet-with-in-june,0
3197,will-there-be-between-0-and-10-average-daily-transits-of-the-strait-of-hormuz-on-june-30,avg-of-ships-transiting-strait-of-hormuz-end-of-june,0
3198,will-there-be-between-10-and-20-average-daily-transits-of-the-strait-of-hormuz-on-june-30,avg-of-ships-transiting-strait-of-hormuz-end-of-june,0
3199,will-there-be-between-20-and-40-average-daily-transits-of-the-strait-of-hormuz-on-june-30,avg-of-ships-transiting-strait-of-hormuz-end-of-june,0
3200,will-there-be-60-or-more-average-daily-transits-of-the-strait-of-hormuz-on-june-30,avg-of-ships-transiting-strait-of-hormuz-end-of-june,0
3201,will-there-be-between-40-and-60-average-daily-transits-of-the-strait-of-hormuz-on-june-30,avg-of-ships-transiting-strait-of-hormuz-end-of-june,0
3202,will-100-or-more-ships-transit-the-strait-of-hormuz-between-june-1-june-7,how-many-ships-transit-the-strait-of-hormuz-week-of-june-1,0
3203,will-75-99-ships-transit-the-strait-of-hormuz-between-june-1-june-7,how-many-ships-transit-the-strait-of-hormuz-week-of-june-1,0
3204,will-50-74-ships-transit-the-strait-of-hormuz-between-june-1-june-7,how-many-ships-transit-the-strait-of-hormuz-week-of-june-1,0
3205,will-fewer-than-25-ships-transit-the-strait-of-hormuz-between-june-1-june-7,how-many-ships-transit-the-strait-of-hormuz-week-of-june-1,0
3206,will-25-49-ships-transit-the-strait-of-hormuz-between-june-1-june-7,how-many-ships-transit-the-strait-of-hormuz-week-of-june-1,0
3223,will-60-ships-transit-the-strait-of-hormuz-on-any-day-by-june-30-2026,will-ships-transit-the-strait-of-hormuz-on-any-day-by-june-30,0
3224,will-40-ships-transit-the-strait-of-hormuz-on-any-day-by-june-30-2026,will-ships-transit-the-strait-of-hormuz-on-any-day-by-june-30,0
3225,will-20-ships-transit-the-strait-of-hormuz-on-any-day-by-june-30-2026,will-ships-transit-the-strait-of-hormuz-on-any-day-by-june-30,0
3226,will-80-ships-transit-the-strait-of-hormuz-on-any-day-by-june-30-2026,will-ships-transit-the-strait-of-hormuz-on-any-day-by-june-30,0
3227,iran-closes-its-airspace-by-july-31-478,iran-closes-its-airspace-by,0
3228,iran-closes-its-airspace-by-july-15-758,iran-closes-its-airspace-by,0
3229,will-donald-trump-announce-that-the-united-states-blockade-of-the-strait-of-hormuz-has-been-lifted-by-july-31-2026-495,trump-announces-us-blockade-of-hormuz-lifted-by,0
3230,us-x-iran-diplomatic-meeting-by-june-10-2026,us-x-iran-diplomatic-meeting-by-329,0
3231,us-x-iran-diplomatic-meeting-by-june-21-2026-631-919-131-645-654-454-281-531-319-585-646,us-x-iran-diplomatic-meeting-by-329,0
3232,us-x-iran-permanent-peace-deal-by-august-31-2026,us-x-iran-permanent-peace-deal-by,0
3233,us-x-iran-permanent-peace-deal-by-october-31-2026,us-x-iran-permanent-peace-deal-by,0
3234,will-israel-and-lebanon-hold-a-diplomatic-meeting-by-june-7-2026,israel-x-lebanon-diplomatic-meeting-byptptpt,0
3235,will-israel-and-lebanon-hold-a-diplomatic-meeting-by-june-15-2026,israel-x-lebanon-diplomatic-meeting-byptptpt,0
3236,will-usd-fall-to-1pt7m-iranian-rials-by-june-30,will-usd-hit-iranian-rials-by-june-30,0
3237,will-usd-fall-to-1pt5m-iranian-rials-by-june-30,will-usd-hit-iranian-rials-by-june-30,0
3238,will-usd-reach-2pt0m-iranian-rials-by-june-30,will-usd-hit-iranian-rials-by-june-30,0
3239,will-usd-reach-1pt9m-iranian-rials-by-june-30,will-usd-hit-iranian-rials-by-june-30,0
3240,will-usd-fall-to-1pt6m-iranian-rials-by-june-30,will-usd-hit-iranian-rials-by-june-30,0
3241,will-usd-reach-1pt8m-iranian-rials-by-june-30,will-usd-hit-iranian-rials-by-june-30,0
3242,will-usd-be-less-than-1pt5m-iranian-rials-on-june-30,usd-x-iranian-rials-end-of-june,0
3243,will-usd-be-between-1pt5m-and-1pt6m-iranian-rials-on-june-30,usd-x-iranian-rials-end-of-june,0
3244,will-usd-be-between-1pt6m-and-1pt7m-iranian-rials-on-june-30,usd-x-iranian-rials-end-of-june,0
3245,will-usd-be-between-1pt7m-and-1pt8m-iranian-rials-on-june-30,usd-x-iranian-rials-end-of-june,0
3246,will-usd-be-between-1pt8m-and-1pt9m-iranian-rials-on-june-30,usd-x-iranian-rials-end-of-june,0
3247,will-usd-be-between-1pt9m-and-2pt0m-iranian-rials-on-june-30,usd-x-iranian-rials-end-of-june,0
3248,will-usd-be-at-least-2pt0m-iranian-rials-on-june-30,usd-x-iranian-rials-end-of-june,0
3249,us-announces-new-iran-agreementceasefire-extension-by-july-31-772,us-announces-new-iran-agreementceasefire-extension-by,0
3250,us-announces-new-iran-agreementceasefire-extension-by-june-5-9144,us-announces-new-iran-agreementceasefire-extension-by,0
3251,us-announces-new-iran-agreementceasefire-extension-by-june-15-2889-539,us-announces-new-iran-agreementceasefire-extension-by,0
3252,us-announces-new-iran-agreementceasefire-extension-by-june-12-2482,us-announces-new-iran-agreementceasefire-extension-by,0
3253,us-announces-new-iran-agreementceasefire-extension-by-june-9,us-announces-new-iran-agreementceasefire-extension-by,0
3254,iran-closes-its-airspace-by-june-8,iran-closes-its-airspace-by,0
3255,iran-closes-its-airspace-by-june-22,iran-closes-its-airspace-by,0
3256,will-trump-speak-to-mojtaba-khamenei-in-june,who-will-trump-speak-to-in-june,0
3258,trump-meets-with-mojtaba-khamenei-by-june-15,trump-meets-with-mojtaba-khamenei-by,0
3259,trump-meets-with-mojtaba-khamenei-by-june-30,trump-meets-with-mojtaba-khamenei-by,0
3260,trump-meets-with-mojtaba-khamenei-by-july-31,trump-meets-with-mojtaba-khamenei-by,0
3261,will-fewer-than-25-ships-transit-the-strait-of-hormuz-between-june-8-june-14,how-many-ships-transit-the-strait-of-hormuz-week-of-june-8,0
3262,will-100-or-more-ships-transit-the-strait-of-hormuz-between-june-8-june-14,how-many-ships-transit-the-strait-of-hormuz-week-of-june-8,0
3263,will-50-74-ships-transit-the-strait-of-hormuz-between-june-8-june-14,how-many-ships-transit-the-strait-of-hormuz-week-of-june-8,0
3264,will-25-49-ships-transit-the-strait-of-hormuz-between-june-8-june-14,how-many-ships-transit-the-strait-of-hormuz-week-of-june-8,0
3265,will-75-99-ships-transit-the-strait-of-hormuz-between-june-8-june-14,how-many-ships-transit-the-strait-of-hormuz-week-of-june-8,0
3266,will-israel-and-lebanon-hold-a-diplomatic-meeting-by-june-22-2026-20260607225940216-619,israel-x-lebanon-diplomatic-meeting-byptptpt-20260607225939974,0
3268,will-israel-and-lebanon-hold-a-diplomatic-meeting-by-june-30-2026-20260607225940217-843-464,israel-x-lebanon-diplomatic-meeting-byptptpt-20260607225939974,0
3269,israel-closes-its-airspace-by-june-8,israel-closes-its-airspace-by,0
3270,israel-closes-its-airspace-by-june-9,israel-closes-its-airspace-by,0
3271,will-israeli-forces-withdraw-from-beyond-the-litani-river-by-june-30-20260607234650335,israeli-forces-withdraw-from-beyond-the-litani-river-by-20260607234645733,0
3272,will-israeli-forces-withdraw-from-beyond-the-litani-river-by-june-15-20260607234650334,israeli-forces-withdraw-from-beyond-the-litani-river-by-20260607234645733,0
3273,israeli-forces-enter-choukine-by-june-30,israeli-forces-enter-choukine-by,0
3274,israeli-forces-enter-nabatieh-by-june-30,israeli-forces-enter-nabatieh-by,0
3275,israeli-forces-enter-tyre-by-june-30,israeli-forces-enter-tyre-by,0
3276,israel-closes-its-airspace-by-june-10,israel-closes-its-airspace-by,0
3277,israel-closes-its-airspace-by-june-13,israel-closes-its-airspace-by,0
3278,israel-closes-its-airspace-by-june-14,israel-closes-its-airspace-by,0
3279,israel-closes-its-airspace-by-june-11,israel-closes-its-airspace-by,0
3280,israel-closes-its-airspace-by-june-12,israel-closes-its-airspace-by,0
3281,will-netanyahu-publicly-insult-trump-by-june-30,will-netanyahu-publicly-insult-trump-by-june-30,0
3282,trump-announces-us-x-iran-ceasefire-over-by-june-12-20260607232556274,trump-announces-us-x-iran-ceasefire-over-byptptpt-20260607232555290,0
3283,trump-announces-us-x-iran-ceasefire-over-by-june-15-20260607232556275-193,trump-announces-us-x-iran-ceasefire-over-byptptpt-20260607232555290,0
3284,trump-announces-us-x-iran-ceasefire-over-by-june-30-20260607232556276-219,trump-announces-us-x-iran-ceasefire-over-byptptpt-20260607232555290,0
3285,trump-announces-us-x-iran-ceasefire-over-by-june-8-20260607232556273,trump-announces-us-x-iran-ceasefire-over-byptptpt-20260607232555290,0
3286,will-israel-and-lebanon-hold-a-diplomatic-meeting-by-june-15-2026-98,israel-x-lebanon-diplomatic-meeting-byptptpt-20260607225939974,0
3287,will-iran-close-its-airspace-by-june-15-20260609184136053,iran-closes-its-airspace-byptptpt-20260609184135829,0
3288,will-iran-close-its-airspace-by-december-31-20260609184136058,iran-closes-its-airspace-byptptpt-20260609184135829,0
3289,will-iran-close-its-airspace-by-june-12-20260609184136050,iran-closes-its-airspace-byptptpt-20260609184135829,0
3290,will-iran-close-its-airspace-by-june-11-20260609184136049,iran-closes-its-airspace-byptptpt-20260609184135829,0
3291,will-iran-close-its-airspace-by-july-31-20260609184136056,iran-closes-its-airspace-byptptpt-20260609184135829,0
3292,will-iran-close-its-airspace-by-august-31-20260609184136057,iran-closes-its-airspace-byptptpt-20260609184135829,0
3293,will-iran-close-its-airspace-by-june-10-20260609184136048,iran-closes-its-airspace-byptptpt-20260609184135829,0
3294,will-iran-close-its-airspace-by-july-15-20260609184136055,iran-closes-its-airspace-byptptpt-20260609184135829,0
3295,will-iran-close-its-airspace-by-june-14-20260609184136052,iran-closes-its-airspace-byptptpt-20260609184135829,0
3296,will-iran-close-its-airspace-by-june-30-20260609184136054,iran-closes-its-airspace-byptptpt-20260609184135829,0
3297,will-iran-close-its-airspace-by-june-9-20260609184136047,iran-closes-its-airspace-byptptpt-20260609184135829,0
3298,will-iran-close-its-airspace-by-june-13-20260609184136051,iran-closes-its-airspace-byptptpt-20260609184135829,0
3322,us-obtains-iranian-enriched-uranium-by-july-31-20260610164403871-511,us-obtains-iranian-enriched-uranium-by,0
3323,total-internet-blackout-in-iran-by-june-30-2026,total-internet-blackout-in-iran-by-732,0
3324,total-internet-blackout-in-iran-by-july-31-2026,total-internet-blackout-in-iran-by-732,0
3325,kharg-island-no-longer-under-iranian-control-by-july-31,kharg-island-no-longer-under-iranian-control-by-march-31,0
3326,kharg-island-no-longer-under-iranian-control-by-june-24,kharg-island-no-longer-under-iranian-control-by-march-31,0
3327,kharg-island-no-longer-under-iranian-control-by-august-31,kharg-island-no-longer-under-iranian-control-by-march-31,0
3328,us-announces-new-iran-agreementceasefire-extension-by-june-17,us-announces-new-iran-agreementceasefire-extension-by,0
3329,us-announces-new-iran-agreementceasefire-extension-by-june-18,us-announces-new-iran-agreementceasefire-extension-by,0
3330,us-announces-new-iran-agreementceasefire-extension-by-june-16,us-announces-new-iran-agreementceasefire-extension-by,0
3331,us-announces-new-iran-agreementceasefire-extension-by-june-13,us-announces-new-iran-agreementceasefire-extension-by,0
3332,us-announces-new-iran-agreementceasefire-extension-by-june-14,us-announces-new-iran-agreementceasefire-extension-by,0
3333,us-announces-new-iran-agreementceasefire-extension-by-june-19,us-announces-new-iran-agreementceasefire-extension-by,0
3334,will-donald-trump-announce-that-the-united-states-blockade-of-the-strait-of-hormuz-has-been-lifted-by-june-12-2026,trump-announces-us-blockade-of-hormuz-lifted-by,0
3335,us-and-iran-sign-an-agreement-by-june-15-2026-20260611221049851,us-and-iran-sign-an-agreement-byptptpt-20260611221049850,0
3336,us-and-iran-sign-an-agreement-by-june-30-2026-20260611221049853,us-and-iran-sign-an-agreement-byptptpt-20260611221049850,0
3337,us-and-iran-sign-an-agreement-by-june-22-2026-20260611221049852,us-and-iran-sign-an-agreement-byptptpt-20260611221049850,0
3338,us-and-iran-sign-an-agreement-by-july-31-2026-20260611221049854,us-and-iran-sign-an-agreement-byptptpt-20260611221049850,0
3339,will-donald-trump-sign-a-uptspt-x-iran-deal-by-july-31-20260611235950067,who-will-sign-uptspt-x-iran-deal-20260612002238373,0
3340,will-mojtaba-khamenei-sign-a-uptspt-x-iran-deal-by-july-31-20260611235950074,who-will-sign-uptspt-x-iran-deal-20260612002238373,0
3341,will-mohamed-bin-zayed-al-nahyan-sign-a-uptspt-x-iran-deal-by-july-31-20260611235950078,who-will-sign-uptspt-x-iran-deal-20260612002238373,0
3342,will-mishal-al-ahmad-al-jaber-al-sabah-sign-a-uptspt-x-iran-deal-by-july-31-20260611235950083,who-will-sign-uptspt-x-iran-deal-20260612002238373,0
3343,will-king-abdullah-ii-sign-a-uptspt-x-iran-deal-by-july-31-20260611235950084,who-will-sign-uptspt-x-iran-deal-20260612002238373,0
3344,will-steve-witkoff-sign-a-uptspt-x-iran-deal-by-july-31-20260611235950071,who-will-sign-uptspt-x-iran-deal-20260612002238373,0
3345,will-marco-rubio-sign-a-uptspt-x-iran-deal-by-july-31-20260611235950069,who-will-sign-uptspt-x-iran-deal-20260612002238373,0
3346,will-ali-larijani-sign-a-uptspt-x-iran-deal-by-july-31-20260611235950075,who-will-sign-uptspt-x-iran-deal-20260612002238373,0
3347,will-jd-vance-sign-a-uptspt-x-iran-deal-by-july-31-20260611235950068,who-will-sign-uptspt-x-iran-deal-20260612002238373,0
3348,will-shehbaz-sharif-sign-a-uptspt-x-iran-deal-by-july-31-20260611235950081,who-will-sign-uptspt-x-iran-deal-20260612002238373,0
3349,will-mohammed-bin-salman-sign-a-uptspt-x-iran-deal-by-july-31-20260611235950077,who-will-sign-uptspt-x-iran-deal-20260612002238373,0
3350,will-hamad-bin-isa-al-khalifa-sign-a-uptspt-x-iran-deal-by-july-31-20260611235950082,who-will-sign-uptspt-x-iran-deal-20260612002238373,0
3351,will-masoud-pezeshkian-sign-a-uptspt-x-iran-deal-by-july-31-20260611235950072,who-will-sign-uptspt-x-iran-deal-20260612002238373,0
3352,will-abdel-fattah-el-sisi-sign-a-uptspt-x-iran-deal-by-july-31-20260611235950085,who-will-sign-uptspt-x-iran-deal-20260612002238373,0
3353,will-pete-hegseth-sign-a-uptspt-x-iran-deal-by-july-31-20260611235950070,who-will-sign-uptspt-x-iran-deal-20260612002238373,0
3354,will-recep-tayyip-erdogan-sign-a-uptspt-x-iran-deal-by-july-31-20260611235950080,who-will-sign-uptspt-x-iran-deal-20260612002238373,0
3355,will-benjamin-netanyahu-sign-a-uptspt-x-iran-deal-by-july-31-20260611235950076,who-will-sign-uptspt-x-iran-deal-20260612002238373,0
3356,will-sheikh-tamim-bin-hamad-al-thani-sign-a-uptspt-x-iran-deal-by-july-31-20260611235950079,who-will-sign-uptspt-x-iran-deal-20260612002238373,0
3357,will-abbas-araghchi-sign-a-uptspt-x-iran-deal-by-july-31-20260611235950073,who-will-sign-uptspt-x-iran-deal-20260612002238373,0
3358,will-trump-announce-location-or-date-of-us-and-iran-deal-signing-by-june-12-2026-20260611220617200,us-announces-location-or-date-of-us-x-iran-deal-signing-byptptpt-20260611223337443,0
3359,will-trump-announce-location-or-date-of-us-and-iran-deal-signing-by-june-13-2026-20260611220122298,us-announces-location-or-date-of-us-x-iran-deal-signing-byptptpt-20260611223337443,0
3360,will-trump-announce-location-or-date-of-us-and-iran-deal-signing-by-june-14-2026-20260611220617201,us-announces-location-or-date-of-us-x-iran-deal-signing-byptptpt-20260611223337443,0
3361,will-us-announce-location-or-date-of-us-and-iran-deal-signing-by-june-15-2026-20260612002622286,us-announces-location-or-date-of-us-x-iran-deal-signing-byptptpt-20260611223337443,0
3362,us-x-iran-diplomatic-meeting-by-june-14-2026-20260612000748609,us-x-iran-diplomatic-meeting-by-329,0
3363,us-x-iran-diplomatic-meeting-by-june-13-2026-20260612000830408,us-x-iran-diplomatic-meeting-by-329,0
3364,us-x-iran-diplomatic-meeting-by-june-16-2026-20260612160513701,us-x-iran-diplomatic-meeting-by-329,0
3365,us-x-iran-diplomatic-meeting-by-june-17-2026-20260612163100185-516-841,us-x-iran-diplomatic-meeting-by-329,0
3366,us-x-iran-diplomatic-meeting-by-june-19-2026-475,us-x-iran-diplomatic-meeting-by-329,0
3367,us-x-iran-diplomatic-meeting-by-june-18-2026-585,us-x-iran-diplomatic-meeting-by-329,0
3368,will-the-us-lift-direct-iran-ofac-sanctions-by-june-17-2026,us-lifts-iran-ofac-sanctions-by,0
3369,will-the-us-lift-direct-iran-ofac-sanctions-by-june-19-2026,us-lifts-iran-ofac-sanctions-by,0
3370,will-the-us-lift-direct-iran-ofac-sanctions-by-june-15-2026,us-lifts-iran-ofac-sanctions-by,0
3371,will-25-49-ships-transit-the-strait-of-hormuz-between-june-15-june-21-20260612220911144,how-many-ships-transit-the-strait-of-hormuz-week-of-june-15-20260612220910298,0
3372,will-100-or-more-ships-transit-the-strait-of-hormuz-between-june-15-june-21-20260612220911147,how-many-ships-transit-the-strait-of-hormuz-week-of-june-15-20260612220910298,0
3373,will-50-74-ships-transit-the-strait-of-hormuz-between-june-15-june-21-20260612220911145,how-many-ships-transit-the-strait-of-hormuz-week-of-june-15-20260612220910298,0
3374,will-75-99-ships-transit-the-strait-of-hormuz-between-june-15-june-21-20260612220911146,how-many-ships-transit-the-strait-of-hormuz-week-of-june-15-20260612220910298,0
3375,will-fewer-than-25-ships-transit-the-strait-of-hormuz-between-june-15-june-21-20260612220911143,how-many-ships-transit-the-strait-of-hormuz-week-of-june-15-20260612220910298,0
3376,will-donald-trump-announce-that-the-united-states-blockade-of-the-strait-of-hormuz-has-been-lifted-by-june-18-2026,trump-announces-us-blockade-of-hormuz-lifted-by,0
3377,will-donald-trump-announce-that-the-united-states-blockade-of-the-strait-of-hormuz-has-been-lifted-by-june-21-2026,trump-announces-us-blockade-of-hormuz-lifted-by,0
3378,strait-of-hormuz-traffic-returns-to-normal-by-july-15,strait-of-hormuz-traffic-returns-to-normal-by-july-15,0
3379,israel-x-iran-permanent-peace-deal-by-july-31-2026,israel-x-iran-permanent-peace-deal-by,0
3380,israel-x-hezbollah-permanent-peace-deal-by-july-31-2026,israel-x-hezbollah-permanent-peace-deal-by,0
3381,mojtaba-khamenei-seen-in-public-by-june-26,mojtaba-khamenei-public-appearance-by,0
3382,israel-closes-its-airspace-by-july-15-182,israel-closes-its-airspace-by,0
3383,mojtaba-khamenei-seen-in-public-by-june-19,mojtaba-khamenei-public-appearance-by,0
3384,mojtaba-khamenei-seen-in-public-by-july-31-827-659,mojtaba-khamenei-public-appearance-by,0
3385,netanyahu-out-by-july-31,netanyahu-out-before-2027,0
3386,israel-closes-its-airspace-by-july-31-287,israel-closes-its-airspace-by,0
3387,will-the-text-of-the-us-iran-agreement-be-released-by-june-17-20260615191216216,us-iran-deal-text-released-byptptpt-20260615224044572,0
3388,will-the-text-of-the-us-iran-agreement-be-released-by-june-30-20260615191216221,us-iran-deal-text-released-byptptpt-20260615224044572,0
3389,will-the-text-of-the-us-iran-agreement-be-released-by-june-16-20260615224555000,us-iran-deal-text-released-byptptpt-20260615224044572,0
3390,will-the-text-of-the-us-iran-agreement-be-released-by-june-19-20260615191216217,us-iran-deal-text-released-byptptpt-20260615224044572,0
3391,will-mohammad-bagher-ghalibaf-sign-a-us-x-iran-deal-by-july-31,who-will-sign-uptspt-x-iran-deal-20260612002238373,0
3392,will-jordan-be-a-party-to-the-us-x-iran-memorandum-of-understanding-20260611230522914,which-countries-will-sign-the-us-x-iran-deal-by-june-30-20260616012051697,0
3393,will-saudi-arabia-be-a-party-to-the-us-x-iran-memorandum-of-understanding-20260611230522909,which-countries-will-sign-the-us-x-iran-deal-by-june-30-20260616012051697,0
3394,will-pakistan-be-a-party-to-the-us-x-iran-memorandum-of-understanding-20260611230522910,which-countries-will-sign-the-us-x-iran-deal-by-june-30-20260616012051697,0
3395,will-qatar-be-a-party-to-the-us-x-iran-memorandum-of-understanding-20260611230522911,which-countries-will-sign-the-us-x-iran-deal-by-june-30-20260616012051697,0
3396,will-oman-be-a-party-to-the-us-x-iran-memorandum-of-understanding-20260611230522905,which-countries-will-sign-the-us-x-iran-deal-by-june-30-20260616012051697,0
3397,will-turkey-be-a-party-to-the-us-x-iran-memorandum-of-understanding-20260611230522912,which-countries-will-sign-the-us-x-iran-deal-by-june-30-20260616012051697,0
3398,will-israel-be-a-party-to-the-us-x-iran-memorandum-of-understanding-20260611230522915,which-countries-will-sign-the-us-x-iran-deal-by-june-30-20260616012051697,0
3399,will-kuwait-be-a-party-to-the-us-x-iran-memorandum-of-understanding-20260611230522906,which-countries-will-sign-the-us-x-iran-deal-by-june-30-20260616012051697,0
3400,will-syria-be-a-party-to-the-us-x-iran-memorandum-of-understanding-20260611230522907,which-countries-will-sign-the-us-x-iran-deal-by-june-30-20260616012051697,0
3401,will-lebanon-be-a-party-to-the-us-x-iran-memorandum-of-understanding-20260611230522908,which-countries-will-sign-the-us-x-iran-deal-by-june-30-20260616012051697,0
3402,will-egypt-be-a-party-to-the-us-x-iran-memorandum-of-understanding-20260611230522913,which-countries-will-sign-the-us-x-iran-deal-by-june-30-20260616012051697,0
3403,will-the-us-iran-deal-be-physically-signed-by-june-19-2026-20260615222831704,us-iran-deal-physically-signed-byptptpt-20260616152449830,0
3404,will-trump-physically-sign-us-x-iran-deal-20260615192526331,will-trump-physically-sign-us-x-iran-deal-20260615192526331,0
3405,will-the-us-iran-deal-be-physically-signed-by-june-30-20260615222831705,us-iran-deal-physically-signed-byptptpt-20260616152449830,0
3406,will-pete-hegseth-attend-the-us-iran-signing-ceremony-20260615232204737,who-will-attend-us-iran-signing-ceremony-20260615232202457,0
3407,will-shehbaz-sharif-attend-the-us-iran-signing-ceremony-20260615232204725,who-will-attend-us-iran-signing-ceremony-20260615232202457,0
3408,will-sheikh-tamim-bin-hamad-al-thani-attend-the-us-iran-signing-ceremony-20260615232204724,who-will-attend-us-iran-signing-ceremony-20260615232202457,0
3409,will-mohamed-bin-zayed-al-nahyan-attend-the-us-iran-signing-ceremony-20260615232204733,who-will-attend-us-iran-signing-ceremony-20260615232202457,0
3410,will-masoud-pezeshkian-attend-the-us-iran-signing-ceremony-20260615232204727,who-will-attend-us-iran-signing-ceremony-20260615232202457,0
3411,will-donald-trump-attend-the-us-iran-signing-ceremony-20260615232204740,who-will-attend-us-iran-signing-ceremony-20260615232202457,0
3412,will-marco-rubio-attend-the-us-iran-signing-ceremony-20260615232204731,who-will-attend-us-iran-signing-ceremony-20260615232202457,0
3413,will-king-abdullah-ii-attend-the-us-iran-signing-ceremony-20260615232204728,who-will-attend-us-iran-signing-ceremony-20260615232202457,0
3414,will-steve-witkoff-attend-the-us-iran-signing-ceremony-20260615232204726,who-will-attend-us-iran-signing-ceremony-20260615232202457,0
3415,will-mishal-al-ahmad-al-jaber-al-sabah-attend-the-us-iran-signing-ceremony-20260615232204729,who-will-attend-us-iran-signing-ceremony-20260615232202457,0
3416,will-abbas-araghchi-attend-the-us-iran-signing-ceremonywill-abbas-araghchi-attend-the-us-iran-signing-ceremony-20260615232204723,who-will-attend-us-iran-signing-ceremony-20260615232202457,0
3417,will-mojtaba-khamenei-attend-the-us-iran-signing-ceremony-20260615232204736,who-will-attend-us-iran-signing-ceremony-20260615232202457,0
3418,will-jared-kushner-attend-the-us-iran-signing-ceremony-20260615232204741,who-will-attend-us-iran-signing-ceremony-20260615232202457,0
3419,will-benjamin-netanyahu-attend-the-us-iran-signing-ceremony-20260615232204734,who-will-attend-us-iran-signing-ceremony-20260615232202457,0
3420,will-hamad-bin-isa-al-khalifa-attend-the-us-iran-signing-ceremony-20260615232204732,who-will-attend-us-iran-signing-ceremony-20260615232202457,0
3421,will-recep-tayyip-erdogan-attend-the-us-iran-signing-ceremony-20260615232204738,who-will-attend-us-iran-signing-ceremony-20260615232202457,0
3422,will-elon-musk-attend-the-us-iran-signing-ceremony-20260615232204742,who-will-attend-us-iran-signing-ceremony-20260615232202457,0
3423,will-jd-vance-attend-the-us-iran-signing-ceremony-20260615232204739,who-will-attend-us-iran-signing-ceremony-20260615232202457,0
3424,will-mohammed-bin-salman-attend-the-us-iran-signing-ceremony-20260615232204730,who-will-attend-us-iran-signing-ceremony-20260615232202457,0
3425,will-abdel-fattah-el-sisi-attend-the-us-iran-signing-ceremony-20260615232204735,who-will-attend-us-iran-signing-ceremony-20260615232202457,0
3427,israeli-parliament-dissolved-by-july-15,israeli-parliament-dissolved-by-october-31,0
3428,will-50-74-ships-transit-the-strait-of-hormuz-between-june-22-june-28-20260619213821002,how-many-ships-transit-the-strait-of-hormuz-week-of-june-22-20260619213820140,0
3429,will-25-49-ships-transit-the-strait-of-hormuz-between-june-22-june-28-20260619213821001,how-many-ships-transit-the-strait-of-hormuz-week-of-june-22-20260619213820140,0
3430,will-100-or-more-ships-transit-the-strait-of-hormuz-between-june-22-june-28-20260619213821004,how-many-ships-transit-the-strait-of-hormuz-week-of-june-22-20260619213820140,0
3431,will-fewer-than-25-ships-transit-the-strait-of-hormuz-between-june-22-june-28-20260619213821000,how-many-ships-transit-the-strait-of-hormuz-week-of-june-22-20260619213820140,0
3432,will-75-99-ships-transit-the-strait-of-hormuz-between-june-22-june-28-20260619213821003,how-many-ships-transit-the-strait-of-hormuz-week-of-june-22-20260619213820140,0
3433,us-iran-final-nuclear-deal-by-august-31-2026-20260621201255154,us-iran-final-nuclear-deal-by-20260621201254412,0
3434,us-iran-final-nuclear-deal-by-august-18-2026-20260621201255153,us-iran-final-nuclear-deal-by-20260621201254412,0
3435,us-iran-final-nuclear-deal-by-june-30-2026-20260621201255150,us-iran-final-nuclear-deal-by-20260621201254412,0
3436,us-iran-final-nuclear-deal-by-august-13-2026-20260621201255152,us-iran-final-nuclear-deal-by-20260621201254412,0
3437,us-iran-final-nuclear-deal-by-july-31-2026-20260621201255151,us-iran-final-nuclear-deal-by-20260621201254412,0
3438,israel-withdraws-from-lebanon-by-september-30-2026,israel-withdraws-from-lebanon-by,0
3440,israel-withdraws-from-lebanon-by-august-31-2026,israel-withdraws-from-lebanon-by,0
3441,will-iran-announce-withdrawal-from-mou-negotiations-by-june-26-20260622191733844,iran-announces-withdrawal-from-mou-negotiations-byptptpt-20260622191732319,0
3442,will-iran-announce-withdrawal-from-mou-negotiations-by-june-30-20260622191733845,iran-announces-withdrawal-from-mou-negotiations-byptptpt-20260622191732319,0
3443,will-iran-announce-withdrawal-from-mou-negotiations-by-july-31-20260622191733846-586-829-787,iran-announces-withdrawal-from-mou-negotiations-byptptpt-20260622191732319,0
3444,will-the-us-announce-a-blockade-on-iran-by-june-30-20260622191116911,us-announces-blockade-on-iran-byptptpt-20260622191049039,0
3448,will-israeli-forces-withdraw-from-beyond-the-litani-river-by-july-31,israeli-forces-withdraw-from-beyond-the-litani-river-by-20260607234645733,0
3450,us-x-iran-diplomatic-meeting-by-june-26-2026-20260622191708358,next-round-of-us-iran-peace-talks-byptptpt-20260623022722982,0
3451,us-x-iran-diplomatic-meeting-by-july-3-2026-20260622191708359,next-round-of-us-iran-peace-talks-byptptpt-20260623022722982,0
3452,us-x-iran-diplomatic-meeting-by-july-31-2026-20260622191708361,next-round-of-us-iran-peace-talks-byptptpt-20260623022722982,0
3453,us-x-iran-diplomatic-meeting-by-july-10-2026-20260622191708360,next-round-of-us-iran-peace-talks-byptptpt-20260623022722982,0
3454,will-no-qualifying-diplomatic-us-iran-meeting-occur-by-september-30-2026-20260622185050763,where-will-the-next-next-round-of-us-iran-peace-talks-beptptpt-20260623023740663,0
3455,will-the-next-diplomatic-us-iran-meeting-be-in-oman-by-september-30-2026-20260622185050764,where-will-the-next-next-round-of-us-iran-peace-talks-beptptpt-20260623023740663,0
3456,will-the-next-diplomatic-us-iran-meeting-be-in-the-uae-by-september-30-2026-20260622185050765,where-will-the-next-next-round-of-us-iran-peace-talks-beptptpt-20260623023740663,0
3457,will-the-next-diplomatic-us-iran-meeting-be-in-saudi-arabia-by-september-30-2026-20260622185050766,where-will-the-next-next-round-of-us-iran-peace-talks-beptptpt-20260623023740663,0
3458,will-the-next-diplomatic-us-iran-meeting-be-in-qatar-by-september-30-2026-20260622185050767,where-will-the-next-next-round-of-us-iran-peace-talks-beptptpt-20260623023740663,0
3459,will-the-next-diplomatic-us-iran-meeting-be-in-switzerland-by-september-30-2026-20260622185050768,where-will-the-next-next-round-of-us-iran-peace-talks-beptptpt-20260623023740663,0
3460,will-the-next-diplomatic-us-iran-meeting-be-in-austria-by-september-30-2026-20260622185050769,where-will-the-next-next-round-of-us-iran-peace-talks-beptptpt-20260623023740663,0
3461,will-the-next-diplomatic-us-iran-meeting-be-in-turkey-by-september-30-2026-20260622185050770,where-will-the-next-next-round-of-us-iran-peace-talks-beptptpt-20260623023740663,0
3462,will-the-next-diplomatic-us-iran-meeting-be-in-iran-by-september-30-2026-20260622185050771,where-will-the-next-next-round-of-us-iran-peace-talks-beptptpt-20260623023740663,0
3463,will-the-next-diplomatic-us-iran-meeting-be-in-the-united-states-by-september-30-2026-20260622185050772,where-will-the-next-next-round-of-us-iran-peace-talks-beptptpt-20260623023740663,0
3464,will-the-next-diplomatic-us-iran-meeting-be-in-egypt-by-september-30-2026-20260622185050773,where-will-the-next-next-round-of-us-iran-peace-talks-beptptpt-20260623023740663,0
3465,will-the-next-diplomatic-us-iran-meeting-be-in-iraq-by-september-30-2026-20260622185050775,where-will-the-next-next-round-of-us-iran-peace-talks-beptptpt-20260623023740663,0
3466,will-the-next-diplomatic-us-iran-meeting-be-in-italy-by-september-30-2026-20260622185050774,where-will-the-next-next-round-of-us-iran-peace-talks-beptptpt-20260623023740663,0
3467,will-the-next-diplomatic-us-iran-meeting-be-in-kazakhstan-by-september-30-2026-20260622185050776,where-will-the-next-next-round-of-us-iran-peace-talks-beptptpt-20260623023740663,0
3468,will-the-next-diplomatic-us-iran-meeting-be-in-pakistan-by-september-30-2026-20260622185050777,where-will-the-next-next-round-of-us-iran-peace-talks-beptptpt-20260623023740663,0
3469,will-the-next-diplomatic-us-iran-meeting-be-in-russia-by-september-30-2026-20260622185050778,where-will-the-next-next-round-of-us-iran-peace-talks-beptptpt-20260623023740663,0
3470,will-the-next-diplomatic-us-iran-meeting-be-in-another-middle-eastnorth-africa-country-by-september-30-2026-20260622185050779,where-will-the-next-next-round-of-us-iran-peace-talks-beptptpt-20260623023740663,0
3471,will-the-next-diplomatic-us-iran-meeting-be-in-another-european-country-by-september-30-2026-20260622185050780,where-will-the-next-next-round-of-us-iran-peace-talks-beptptpt-20260623023740663,0
3472,will-the-next-diplomatic-us-iran-meeting-be-in-another-country-by-september-30-2026-20260622185050781,where-will-the-next-next-round-of-us-iran-peace-talks-beptptpt-20260623023740663,0
3474,mojtaba-khamenei-seen-in-public-by-september-30-944,mojtaba-khamenei-public-appearance-by,0
3475,mojtaba-khamenei-seen-in-public-by-august-31-223,mojtaba-khamenei-public-appearance-by,0
3476,mojtaba-khamenei-seen-in-public-by-july-15-155,mojtaba-khamenei-public-appearance-by,0
3477,iaea-visits-isfahan-fordow-or-natanz-nuclear-site-by-july-31-20260624040209014,iaea-visits-isfahan-fordow-or-natanz-nuclear-site-by-july-31-20260624040209014,0
3478,us-iran-60-day-negotiation-period-extended-20260624044855448,us-iran-60-day-negotiation-period-extended-20260624044855448,0
3485,will-marco-rubio-attend-a-us-x-iran-diplomatic-meeting-by-august-31-2026-20260622201044255,who-will-attend-a-round-of-us-iran-peace-by-august-31-20260623143114130,0
3486,will-jared-kushner-attend-a-us-x-iran-diplomatic-meeting-by-august-31-2026-20260622201044257,who-will-attend-a-round-of-us-iran-peace-by-august-31-20260623143114130,0
3487,will-majid-takht-ravanchi-attend-a-us-x-iran-diplomatic-meeting-by-august-31-2026-20260622201044264,who-will-attend-a-round-of-us-iran-peace-by-august-31-20260623143114130,0
3488,will-ishaq-dar-attend-a-us-x-iran-diplomatic-meeting-by-august-31-2026-20260622201044270,who-will-attend-a-round-of-us-iran-peace-by-august-31-20260623143114130,0
3489,will-donald-trump-attend-a-us-x-iran-diplomatic-meeting-by-august-31-2026-20260622201044254,who-will-attend-a-round-of-us-iran-peace-by-august-31-20260623143114130,0
3490,will-jptdpt-vance-attend-a-us-x-iran-diplomatic-meeting-by-august-31-2026-20260622201044256,who-will-attend-a-round-of-us-iran-peace-by-august-31-20260623143114130,0
3491,will-mojtaba-khamenei-attend-a-us-x-iran-diplomatic-meeting-by-august-31-2026-20260622201044262,who-will-attend-a-round-of-us-iran-peace-by-august-31-20260623143114130,0
3492,will-pete-hegseth-attend-a-us-x-iran-diplomatic-meeting-by-august-31-2026-20260622201044259,who-will-attend-a-round-of-us-iran-peace-by-august-31-20260623143114130,0
3493,will-ahmad-vahidi-attend-a-us-x-iran-diplomatic-meeting-by-august-31-2026-20260622201044266,who-will-attend-a-round-of-us-iran-peace-by-august-31-20260623143114130,0
3494,will-abbas-araghchi-attend-a-us-x-iran-diplomatic-meeting-by-august-31-2026-20260622201044260,who-will-attend-a-round-of-us-iran-peace-by-august-31-20260623143114130,0
3495,will-kazem-gharibabadi-attend-a-us-x-iran-diplomatic-meeting-by-august-31-2026-20260622201044265,who-will-attend-a-round-of-us-iran-peace-by-august-31-20260623143114130,0
3496,will-mohammed-bin-abdulrahman-al-thani-attend-a-us-x-iran-diplomatic-meeting-by-august-31-2026-20260622201044269,who-will-attend-a-round-of-us-iran-peace-by-august-31-20260623143114130,0
3497,will-mohammad-bagher-ghalibaf-attend-a-us-x-iran-diplomatic-meeting-by-august-31-2026-20260622201044261,who-will-attend-a-round-of-us-iran-peace-by-august-31-20260623143114130,0
3498,will-esmail-qaani-attend-a-us-x-iran-diplomatic-meeting-by-august-31-2026-20260622201044267,who-will-attend-a-round-of-us-iran-peace-by-august-31-20260623143114130,0
3499,will-badr-bin-hamad-al-busaidi-attend-a-us-x-iran-diplomatic-meeting-by-august-31-2026-20260622201044268,who-will-attend-a-round-of-us-iran-peace-by-august-31-20260623143114130,0
3500,will-rafael-grossi-attend-a-us-x-iran-diplomatic-meeting-by-august-31-2026-20260622201044271,who-will-attend-a-round-of-us-iran-peace-by-august-31-20260623143114130,0
3501,will-steve-witkoff-attend-a-us-x-iran-diplomatic-meeting-by-august-31-2026-20260622201044258,who-will-attend-a-round-of-us-iran-peace-by-august-31-20260623143114130,0
3502,will-masoud-pezeshkian-attend-a-us-x-iran-diplomatic-meeting-by-august-31-2026-20260622201044263,who-will-attend-a-round-of-us-iran-peace-by-august-31-20260623143114130,0
3503,strait-of-hormuz-traffic-returns-to-normal-by-july-7-20260625174256255,strait-of-hormuz-traffic-returns-to-normal-by-july-7-20260625174256255,0
3504,us-x-iran-diplomatic-meeting-by-july-17-2026-20260625223459704,next-round-of-us-iran-peace-talks-byptptpt-20260623022722982,0
3505,iran-successfully-targets-shipping-by-june-30-20260625215135369,iran-successfully-targets-shipping-byptptpt-20260625215134143,0
3506,iran-successfully-targets-shipping-by-june-27-20260625215135368,iran-successfully-targets-shipping-byptptpt-20260625215134143,0
3507,iran-successfully-targets-shipping-by-july-15-20260625225958880,iran-successfully-targets-shipping-byptptpt-20260625215134143,0
3508,iran-successfully-targets-shipping-by-july-14-20260625215135371,iran-successfully-targets-shipping-byptptpt-20260625215134143,0
3509,iran-successfully-targets-shipping-by-july-31-20260625215135372,iran-successfully-targets-shipping-byptptpt-20260625215134143,0
3510,iran-successfully-targets-shipping-by-july-7-20260625215135370,iran-successfully-targets-shipping-byptptpt-20260625215134143,0
3511,iran-successfully-targets-shipping-on-june-29-20260625225210240,iran-successfully-targets-shipping-onptptpt-20260625225210236,0
3512,iran-successfully-targets-shipping-on-july-5-20260625225210246,iran-successfully-targets-shipping-onptptpt-20260625225210236,0
3513,iran-successfully-targets-shipping-on-june-28-20260625225210239,iran-successfully-targets-shipping-onptptpt-20260625225210236,0
3514,iran-successfully-targets-shipping-on-july-4-20260625225210245,iran-successfully-targets-shipping-onptptpt-20260625225210236,0
3515,iran-successfully-targets-shipping-on-july-9-20260625225210250,iran-successfully-targets-shipping-onptptpt-20260625225210236,0
3516,untitled-market-1-20260625224941800,iran-successfully-targets-shipping-onptptpt-20260625225210236,0
3517,iran-successfully-targets-shipping-on-july-2-20260625225210243,iran-successfully-targets-shipping-onptptpt-20260625225210236,0
3518,iran-successfully-targets-shipping-on-june-30-20260625225210241,iran-successfully-targets-shipping-onptptpt-20260625225210236,0
3519,iran-successfully-targets-shipping-on-july-6-20260625225210247,iran-successfully-targets-shipping-onptptpt-20260625225210236,0
3520,iran-successfully-targets-shipping-on-july-7-20260625225210248,iran-successfully-targets-shipping-onptptpt-20260625225210236,0
3521,iran-successfully-targets-shipping-on-july-1-20260625225210242,iran-successfully-targets-shipping-onptptpt-20260625225210236,0
3522,iran-successfully-targets-shipping-on-july-8-20260625225210249,iran-successfully-targets-shipping-onptptpt-20260625225210236,0
3523,iran-charges-hormuz-fees-by-july-15-20260625175039061,iran-charges-hormuz-fees-byptptpt-20260625175035466,0
3524,iran-successfully-targets-shipping-on-june-27-20260625225210238,iran-successfully-targets-shipping-onptptpt-20260625225210236,0
3525,iran-charges-hormuz-fees-by-august-31-20260625175039062-177,iran-charges-hormuz-fees-byptptpt-20260625175035466,0
3526,iran-successfully-targets-shipping-on-july-3-20260625225210244,iran-successfully-targets-shipping-onptptpt-20260625225210236,0
3527,iran-full-airspace-closure-by-july-15-20260625195254149,iran-full-airspace-closure-byptptpt-20260625195253028,0
3528,iran-full-airspace-closure-by-july-31-20260625195254150-838,iran-full-airspace-closure-byptptpt-20260625195253028,0
3529,iran-full-airspace-closure-by-june-30-20260625195254148,iran-full-airspace-closure-byptptpt-20260625195253028,0
3530,iran-full-airspace-closure-by-august-31-20260625195254151-668,iran-full-airspace-closure-byptptpt-20260625195253028,0
3531,will-75-99-ships-transit-the-strait-of-hormuz-between-june-29-july-5-20260626161457730,how-many-ships-transit-the-strait-of-hormuz-week-of-june-29-20260626161457728,0
3532,will-150-or-more-ships-transit-the-strait-of-hormuz-between-june-29-july-5-20260626161457733,how-many-ships-transit-the-strait-of-hormuz-week-of-june-29-20260626161457728,0
3533,untitled-market-1-20260626161138561,how-many-ships-transit-the-strait-of-hormuz-week-of-june-29-20260626161457728,0
3534,us-iran-final-nuclear-deal-by-september-30-2026,us-iran-final-nuclear-deal-by-20260621201254412,0
3535,will-125-149-ships-transit-the-strait-of-hormuz-between-june-29-july-5-20260626161457732,how-many-ships-transit-the-strait-of-hormuz-week-of-june-29-20260626161457728,0
3536,0-ships-transit-hormuz-on-any-date-by-july-7-20260626172559968,0-ships-transit-hormuz-on-any-date-byptpt-20260626172559966,0
3537,0-ships-transit-hormuz-on-any-date-by-july-31-20260626172559970,0-ships-transit-hormuz-on-any-date-byptpt-20260626172559966,0
3539,will-100-124-ships-transit-the-strait-of-hormuz-between-june-29-july-5-20260626161457731,how-many-ships-transit-the-strait-of-hormuz-week-of-june-29-20260626161457728,0
3540,0-ships-transit-hormuz-on-any-date-by-july-14-20260626172559969,0-ships-transit-hormuz-on-any-date-byptpt-20260626172559966,0
3541,untitled-market-1-20260626145744786,will-usd-hit-iranian-rials-by-july-31-20260626150325078,0
3542,will-60-ships-transit-the-strait-of-hormuz-on-any-day-by-july-31-2026-20260626152655082-171-832,will-ships-transit-the-strait-of-hormuz-on-any-day-by-july-31-20260626152655081,0
3543,will-usd-fall-to-1pt5m-iranian-rials-by-july-31-20260626150325083,will-usd-hit-iranian-rials-by-july-31-20260626150325078,0
3544,will-80-ships-transit-the-strait-of-hormuz-on-any-day-by-july-31-2026-20260626152655083-396-786,will-ships-transit-the-strait-of-hormuz-on-any-day-by-july-31-20260626152655081,0
3545,will-usd-reach-1pt8m-iranian-rials-by-july-31-20260626150325080,will-usd-hit-iranian-rials-by-july-31-20260626150325078,0
3546,untitled-market-1-20260626200633581,israel-x-lebanon-diplomatic-meeting-byptptpt-20260626200919626,0
3547,will-usd-fall-to-1pt6m-iranian-rials-by-july-31-20260626150325082,will-usd-hit-iranian-rials-by-july-31-20260626150325078,0
3548,israel-x-lebanon-diplomatic-meeting-by-july-17-2026-20260626200919628,israel-x-lebanon-diplomatic-meeting-byptptpt-20260626200919626,0
3549,will-usd-fall-to-1pt4m-iranian-rials-by-july-31-20260626150325084,will-usd-hit-iranian-rials-by-july-31-20260626150325078,0
3550,will-100-ships-transit-the-strait-of-hormuz-on-any-day-by-july-31-2026-20260626152655084-912-671,will-ships-transit-the-strait-of-hormuz-on-any-day-by-july-31-20260626152655081,0
3551,untitled-market-1-20260626171044552,0-ships-transit-hormuz-on-any-date-byptpt-20260626172559966,0
3552,israel-x-lebanon-diplomatic-meeting-by-july-31-2026-20260626200919629,israel-x-lebanon-diplomatic-meeting-byptptpt-20260626200919626,0
3553,will-usd-reach-1pt7m-iranian-rials-by-july-31-20260626150325081,will-usd-hit-iranian-rials-by-july-31-20260626150325078,0
3554,will-trump-speak-to-mojtaba-khamenei-in-july-20260626154217442,who-will-trump-speak-to-in-july-20260626154217421,0
3555,will-trump-meet-with-benjamin-netanyahu-in-july-2026-20260626153701914,who-will-trump-meet-with-in-july-20260626153701904,0
3556,will-usd-be-between-1pt5m-and-1pt6m-iranian-rials-on-june-30-20260626151916142,usd-x-iranian-rials-end-of-july-20260626151916139,0
3557,will-usd-be-between-1pt8m-and-1pt9m-iranian-rials-on-june-30-20260626151916145,usd-x-iranian-rials-end-of-july-20260626151916139,0
3558,will-usd-be-at-least-1pt9m-iranian-rials-on-june-30-20260626151916146,usd-x-iranian-rials-end-of-july-20260626151916139,0
3559,will-usd-be-between-1pt4m-and-1pt5m-iranian-rials-on-june-30-20260626151916141,usd-x-iranian-rials-end-of-july-20260626151916139,0
3560,will-usd-be-between-1pt6m-and-1pt7m-iranian-rials-on-june-30-20260626151916143,usd-x-iranian-rials-end-of-july-20260626151916139,0
3561,will-usd-be-between-1pt7m-and-1pt8m-iranian-rials-on-june-30-20260626151916144,usd-x-iranian-rials-end-of-july-20260626151916139,0
3562,will-there-be-between-20-and-40-average-daily-transits-of-the-strait-of-hormuz-on-july-31-20260626153158275,avgpt-of-ships-transiting-strait-of-hormuz-end-of-july-20260626153158273,0
3563,untitled-market-1-20260626150429014,usd-x-iranian-rials-end-of-july-20260626151916139,0
3564,will-there-be-80-or-more-average-daily-transits-of-the-strait-of-hormuz-on-july-31-20260626153158278,avgpt-of-ships-transiting-strait-of-hormuz-end-of-july-20260626153158273,0
3565,will-there-be-between-60-and-80-average-daily-transits-of-the-strait-of-hormuz-on-july-31-20260626153158277,avgpt-of-ships-transiting-strait-of-hormuz-end-of-july-20260626153158273,0
3566,untitled-market-1-20260626152736700,avgpt-of-ships-transiting-strait-of-hormuz-end-of-july-20260626153158273,0
3567,will-there-be-between-40-and-60-average-daily-transits-of-the-strait-of-hormuz-on-july-31-20260626153158276,avgpt-of-ships-transiting-strait-of-hormuz-end-of-july-20260626153158273,0
3568,iran-leadership-change-by-july-31-20260629143932628,iran-leadership-change-by,0
3569,iran-leadership-change-by-september-30-20260629144005163-739-824,iran-leadership-change-by,0
3570,israel-closes-its-airspace-by-july-7,israel-closes-its-airspace-by,0
3571,israel-closes-its-airspace-by-august-31-389,israel-closes-its-airspace-by,0
3572,will-40-ships-transit-the-strait-of-hormuz-on-any-day-by-july-31-2026-743,will-ships-transit-the-strait-of-hormuz-on-any-day-by-july-31-20260626152655081,0
3573,will-the-us-house-pass-a-bill-restricting-military-aid-to-israel-by-september-30-20260629164744619,will-the-us-house-pass-a-bill-restricting-military-aid-to-israel-by-september-30-20260629164744619,0
3575,iran-successfully-targets-shipping-by-august-31-20260629202434614,iran-successfully-targets-shipping-byptptpt-20260629202434609,0
3576,iran-successfully-targets-shipping-by-july-31-20260629202434613,iran-successfully-targets-shipping-byptptpt-20260629202434609,0
3577,iran-successfully-targets-shipping-by-july-1-20260629202434610,iran-successfully-targets-shipping-byptptpt-20260629202434609,0
3578,iran-successfully-targets-shipping-by-july-7-20260629202434611,iran-successfully-targets-shipping-byptptpt-20260629202434609,0
3579,iran-successfully-targets-shipping-by-july-15-20260629202434612,iran-successfully-targets-shipping-byptptpt-20260629202434609,0
3581,will-the-iranian-regime-fall-by-september-30-20260629143335077,will-the-iranian-regime-fall-by-september-30-20260629143335077,0
3582,will-iran-announce-withdrawal-from-mou-negotiations-by-july-7-20260630014219997-185,iran-announces-withdrawal-from-mou-negotiations-byptptpt-20260622191732319,0
3583,israel-x-lebanon-diplomatic-meeting-by-july-17-2026-20260627173804884-615-954-754-586,israel-x-lebanon-diplomatic-meeting-byptptpt-20260627173804882,0
3584,israel-x-lebanon-diplomatic-meeting-by-july-31-2026-20260627173804885-499-947-776-521,israel-x-lebanon-diplomatic-meeting-byptptpt-20260627173804882,0
3585,untitled-market-1-20260627173541502,israel-x-lebanon-diplomatic-meeting-byptptpt-20260627173804882,0
3586,will-nick-stewart-attend-a-us-x-iran-diplomatic-meeting-by-august-31-2026-20260630182938003,who-will-attend-a-round-of-us-iran-peace-by-august-31-20260623143114130,0
3587,israeli-forces-enter-beirut-by-july-31,israeli-forces-enter-beirut-by-475,0
3588,israeli-forces-enter-tyre-by-july-31,israeli-forces-enter-tyre-by,0
3589,israeli-forces-enter-nabatieh-by-july-31,israeli-forces-enter-nabatieh-by,0
3590,israeli-forces-enter-choukine-by-july-31,israeli-forces-enter-choukine-by,0
3591,netanyahu-drops-out-of-israel-election-by-september-30,netanyahu-drops-out-of-israel-election-by-july-31,0
3592,will-israel-launch-a-ground-operation-in-iran-by-july-31-2026,israel-ground-operation-in-iran-confirmed-by,0
3602,us-obtains-iranian-enriched-uranium-by-september-30-145,us-obtains-iranian-enriched-uranium-by,0
3604,iran-charges-hormuz-fees-by-july-31,iran-charges-hormuz-fees-byptptpt-20260625175035466,0
3607,will-italy-send-warships-through-the-strait-of-hormuz-by-july-31-2026-20260701001952744,which-countries-will-send-warships-through-the-strait-of-hormuz-by-july-31-20260701001952738,0
3608,will-the-united-states-send-warships-through-the-strait-of-hormuz-by-july-31-2026-20260701001952741,which-countries-will-send-warships-through-the-strait-of-hormuz-by-july-31-20260701001952738,0
3609,will-france-send-warships-through-the-strait-of-hormuz-by-july-31-2026-20260701001952740,which-countries-will-send-warships-through-the-strait-of-hormuz-by-july-31-20260701001952738,0
3610,will-greece-send-warships-through-the-strait-of-hormuz-by-july-31-2026-20260701001952743,which-countries-will-send-warships-through-the-strait-of-hormuz-by-july-31-20260701001952738,0
3611,will-australia-send-warships-through-the-strait-of-hormuz-by-july-31-2026-20260701001952746,which-countries-will-send-warships-through-the-strait-of-hormuz-by-july-31-20260701001952738,0
3612,will-the-netherlands-send-warships-through-the-strait-of-hormuz-by-july-31-2026-20260701001952742,which-countries-will-send-warships-through-the-strait-of-hormuz-by-july-31-20260701001952738,0
3613,will-the-united-kingdom-send-warships-through-the-strait-of-hormuz-by-july-31-2026-20260701001952739,which-countries-will-send-warships-through-the-strait-of-hormuz-by-july-31-20260701001952738,0
3614,will-germany-send-warships-through-the-strait-of-hormuz-by-july-31-2026-20260701001952745,which-countries-will-send-warships-through-the-strait-of-hormuz-by-july-31-20260701001952738,0
3616,strait-of-hormuz-traffic-returns-to-normal-by-august-31-20260702154212320,strait-of-hormuz-traffic-returns-to-normal-by-august-31-20260702154212320,0
3617,strait-of-hormuz-traffic-returns-to-normal-by-september-30-20260702154339440,strait-of-hormuz-traffic-returns-to-normal-by-september-30-20260702154339440,0
3618,putin-meets-with-iranian-officials-by-august-31-20260702174616624,putin-meets-with-iranian-officials-by-august-31-20260702174616624,0
3619,will-fewer-than-150-ships-transit-the-strait-of-hormuz-between-july-6-july-12-20260703173313934,how-many-ships-transit-the-strait-of-hormuz-week-of-july-6-20260703173313706,0
3620,will-150-174-ships-transit-the-strait-of-hormuz-between-july-6-july-12-20260703173313935,how-many-ships-transit-the-strait-of-hormuz-week-of-july-6-20260703173313706,0
3621,will-175-199-ships-transit-the-strait-of-hormuz-between-july-6-july-12-20260703173313936,how-many-ships-transit-the-strait-of-hormuz-week-of-july-6-20260703173313706,0
3622,will-200-224-ships-transit-the-strait-of-hormuz-between-july-6-july-12-20260703173313937,how-many-ships-transit-the-strait-of-hormuz-week-of-july-6-20260703173313706,0
3623,will-225-or-more-ships-transit-the-strait-of-hormuz-between-july-6-july-12-20260703173313938,how-many-ships-transit-the-strait-of-hormuz-week-of-july-6-20260703173313706,0
3624,will-iran-announce-withdrawal-from-mou-negotiations-by-august-15-881-867,iran-announces-withdrawal-from-mou-negotiations-byptptpt-20260622191732319,0
3625,will-30-ships-transit-the-strait-of-hormuz-on-any-day-by-july-31-2026,will-ships-transit-the-strait-of-hormuz-on-any-day-by-july-31-20260626152655081,0
3626,will-50-ships-transit-the-strait-of-hormuz-on-any-day-by-july-31-2026,will-ships-transit-the-strait-of-hormuz-on-any-day-by-july-31-20260626152655081,0
3627,israel-x-lebanon-diplomatic-meeting-by-july-14-2026,israel-x-lebanon-diplomatic-meeting-byptptpt-20260627173804882,0
3628,israel-x-lebanon-diplomatic-meeting-by-july-13-2026,israel-x-lebanon-diplomatic-meeting-byptptpt-20260627173804882,0
3629,israel-x-lebanon-diplomatic-meeting-by-july-16-2026,israel-x-lebanon-diplomatic-meeting-byptptpt-20260627173804882,0
3630,israel-x-lebanon-diplomatic-meeting-by-july-15-2026,israel-x-lebanon-diplomatic-meeting-byptptpt-20260627173804882,0
3631,will-the-us-announce-a-blockade-on-iran-by-august-31,us-announces-blockade-on-iran-byptptpt-20260622191049039,0
3633,iran-successfully-targets-shipping-on-july-15,iran-successfully-targets-shipping-onptptpt-20260625225210236,0
3634,iran-successfully-targets-shipping-on-july-10,iran-successfully-targets-shipping-onptptpt-20260625225210236,0
3635,iran-successfully-targets-shipping-on-july-16,iran-successfully-targets-shipping-onptptpt-20260625225210236,0
3636,iran-successfully-targets-shipping-on-july-12,iran-successfully-targets-shipping-onptptpt-20260625225210236,0
3637,iran-successfully-targets-shipping-on-july-13,iran-successfully-targets-shipping-onptptpt-20260625225210236,0
3638,iran-successfully-targets-shipping-on-july-17,iran-successfully-targets-shipping-onptptpt-20260625225210236,0
3639,iran-successfully-targets-shipping-on-july-11,iran-successfully-targets-shipping-onptptpt-20260625225210236,0
3640,iran-successfully-targets-shipping-on-july-14,iran-successfully-targets-shipping-onptptpt-20260625225210236,0
3641,iran-successfully-targets-shipping-by-july-31-20260707223722048-726,iran-successfully-targets-shipping-byptptpt-20260707223842830,0
3642,iran-successfully-targets-shipping-by-august-31-20260707223722049-583,iran-successfully-targets-shipping-byptptpt-20260707223842830,0
3643,iran-successfully-targets-shipping-by-july-15-20260707223722047-799,iran-successfully-targets-shipping-byptptpt-20260707223842830,0
3644,israel-x-hezbollah-diplomatic-meeting-by-august-31-2026-20260706181027671,israel-x-hezbollah-diplomatic-meeting-byptptpt-20260706181026740,0
3645,israel-x-hezbollah-diplomatic-meeting-by-july-31-2026-20260706181027670,israel-x-hezbollah-diplomatic-meeting-byptptpt-20260706181026740,0
3646,will-iran-announce-withdrawal-from-mou-negotiations-by-july-10,iran-announces-withdrawal-from-mou-negotiations-byptptpt-20260622191732319,0
3647,us-reissues-iran-oil-sanction-relief-by-july-31-20260707233859433,us-reissues-iran-oil-sales-sanction-relief-byptptpt-20260708142359046,0
3649,will-strait-of-hormuz-traffic-return-to-normal-in-july-20260702155718115,which-month-will-strait-of-hormuz-traffic-return-to-normal-20260702155718114,0
3651,us-reissues-iran-oil-sanction-relief-by-august-31-20260707233859434,us-reissues-iran-oil-sales-sanction-relief-byptptpt-20260708142359046,0
3653,will-strait-of-hormuz-traffic-return-to-normal-in-august-20260702155718116,which-month-will-strait-of-hormuz-traffic-return-to-normal-20260702155718114,0
3656,will-the-houthis-successfully-target-shipping-by-july-17-2026-20260708165455692,houthis-successfully-target-shipping-byptptpt-20260708165455691,0
3657,will-the-houthis-successfully-target-shipping-by-august-31-2026-20260708165455694-787,houthis-successfully-target-shipping-byptptpt-20260708165455691,0
3658,will-the-houthis-successfully-target-shipping-by-july-31-2026-20260708165455693-459,houthis-successfully-target-shipping-byptptpt-20260708165455691,0
3659,iran-military-action-against-a-gulf-state-on-july-24-20260708212322949,iran-military-action-against-a-gulf-state-onptptpt-20260708212328295,0
3660,iran-military-action-against-a-gulf-state-on-july-25-20260708212322950,iran-military-action-against-a-gulf-state-onptptpt-20260708212328295,0
3661,iran-military-action-against-a-gulf-state-on-july-17-20260708212322942,iran-military-action-against-a-gulf-state-onptptpt-20260708212328295,0
3662,iran-military-action-against-a-gulf-state-on-july-26-20260708212322951,iran-military-action-against-a-gulf-state-onptptpt-20260708212328295,0
3663,iran-military-action-against-a-gulf-state-on-july-20-20260708212322945,iran-military-action-against-a-gulf-state-onptptpt-20260708212328295,0
3664,iran-military-action-against-a-gulf-state-on-july-27-20260708212322952,iran-military-action-against-a-gulf-state-onptptpt-20260708212328295,0
3665,iran-military-action-against-a-gulf-state-on-july-12-20260708212322937,iran-military-action-against-a-gulf-state-onptptpt-20260708212328295,0
3666,iran-military-action-against-a-gulf-state-on-july-11-20260708212322936,iran-military-action-against-a-gulf-state-onptptpt-20260708212328295,0
3668,iran-military-action-against-a-gulf-state-on-july-15-20260708212322940,iran-military-action-against-a-gulf-state-onptptpt-20260708212328295,0
3669,iran-military-action-against-a-gulf-state-on-july-19-20260708212322944,iran-military-action-against-a-gulf-state-onptptpt-20260708212328295,0
3670,iran-military-action-against-a-gulf-state-on-july-9-20260708212322934,iran-military-action-against-a-gulf-state-onptptpt-20260708212328295,0
3671,iran-military-action-against-a-gulf-state-on-july-22-20260708212322947,iran-military-action-against-a-gulf-state-onptptpt-20260708212328295,0
3672,iran-military-action-against-a-gulf-state-on-july-23-20260708212322948,iran-military-action-against-a-gulf-state-onptptpt-20260708212328295,0
3673,israel-military-action-against-greater-beirut-by-august-31-20260708214159403,israel-military-action-against-beirut-byptptpt-20260708221422557,0
3674,iran-military-action-against-a-gulf-state-on-july-16-20260708212322941,iran-military-action-against-a-gulf-state-onptptpt-20260708212328295,0
3675,iran-military-action-against-a-gulf-state-on-july-21-20260708212322946,iran-military-action-against-a-gulf-state-onptptpt-20260708212328295,0
3679,iran-military-action-against-a-gulf-state-on-july-13-20260708212322938,iran-military-action-against-a-gulf-state-onptptpt-20260708212328295,0
3680,iran-military-action-against-a-gulf-state-on-july-18-20260708212322943,iran-military-action-against-a-gulf-state-onptptpt-20260708212328295,0
3682,iran-military-action-against-a-gulf-state-on-july-10-20260708212322935,iran-military-action-against-a-gulf-state-onptptpt-20260708212328295,0
3684,israel-military-action-against-greater-beirut-by-july-14-20260708204650548,israel-military-action-against-beirut-byptptpt-20260708221422557,0
3685,iran-military-action-against-a-gulf-state-on-july-14-20260708212322939,iran-military-action-against-a-gulf-state-onptptpt-20260708212328295,0
3686,will-iran-announce-withdrawal-from-mou-negotiations-by-july-17,iran-announces-withdrawal-from-mou-negotiations-byptptpt-20260622191732319,0
3687,will-iran-announce-withdrawal-from-mou-negotiations-by-july-24,iran-announces-withdrawal-from-mou-negotiations-byptptpt-20260622191732319,0
3688,will-40-ships-transit-the-strait-of-hormuz-on-any-day-by-july-31-2026,will-ships-transit-the-strait-of-hormuz-on-any-day-by-july-31-20260626152655081,0
3690,iaea-visits-isfahan-fordow-or-natanz-nuclear-site-by-august-31,iaea-visits-isfahan-fordow-or-natanz-nuclear-site-by-july-31-20260624040209014,0
3691,iran-agrees-to-surrender-enriched-uranium-stockpile-by-august-31-2026,iran-agrees-to-surrender-enriched-uranium-stockpile-by,0
3693,iran-successfully-targets-shipping-by-july-12,iran-successfully-targets-shipping-byptptpt-20260707223842830,0
3694,iran-agrees-to-end-enrichment-of-uranium-by-september-30-20260709004922353,iran-agrees-to-end-enrichment-of-uranium-by-september-30-20260709004922353,0
3695,mohammed-ghalibaf-out-as-speaker-of-iran-parliament-by-july-31-2026-20260710000011403,mohammed-ghalibaf-out-as-speaker-of-iran-parliament-byptptpt-20260709235401297,0
3696,mohammed-ghalibaf-out-as-speaker-of-iran-parliament-by-september-30-2026-20260710000011404,mohammed-ghalibaf-out-as-speaker-of-iran-parliament-byptptpt-20260709235401297,0
3699,abbas-araghchi-out-as-minister-of-foreign-affairs-of-iran-by-july-31-2026-20260709234123316,abbas-araghchi-out-as-minister-of-foreign-affairs-of-iran-byptptpt-20260709234123315,0
3700,abbas-araghchi-out-as-minister-of-foreign-affairs-of-iran-by-september-30-2026-20260709234123317,abbas-araghchi-out-as-minister-of-foreign-affairs-of-iran-byptptpt-20260709234123315,0
3701,will-the-bank-of-israel-decrease-the-bank-of-israel-interest-rate-after-the-september-decision-20260710022233151,bank-of-israel-decision-in-september-20260710022159182,0
3702,will-the-bank-of-israel-make-no-change-to-the-bank-of-israel-interest-rate-after-the-september-decision-20260710022233152,bank-of-israel-decision-in-september-20260710022159182,0
3703,will-the-bank-of-israel-increase-the-bank-of-israel-interest-rate-after-the-september-decision-20260710022233153,bank-of-israel-decision-in-september-20260710022159182,0
3704,iran-commits-not-to-attack-ships-in-hormuz-by-sunday-20260710215434348,iran-commits-not-to-attack-ships-in-hormuz-by-sunday-20260710215434348,0
3705,will-fewer-than-100-ships-transit-the-strait-of-hormuz-between-july-13-july-19-20260710152651090,how-many-ships-transit-the-strait-of-hormuz-week-of-july-13-20260710152651089,0
3706,will-125-149-ships-transit-the-strait-of-hormuz-between-july-13-july-19-20260710152651092,how-many-ships-transit-the-strait-of-hormuz-week-of-july-13-20260710152651089,0
3707,will-150-174-ships-transit-the-strait-of-hormuz-between-july-13-july-19-20260710152651093,how-many-ships-transit-the-strait-of-hormuz-week-of-july-13-20260710152651089,0
3708,will-175-or-more-ships-transit-the-strait-of-hormuz-between-july-13-july-19-20260710152651094,how-many-ships-transit-the-strait-of-hormuz-week-of-july-13-20260710152651089,0
3709,will-100-124-ships-transit-the-strait-of-hormuz-between-july-13-july-19-20260710152651091,how-many-ships-transit-the-strait-of-hormuz-week-of-july-13-20260710152651089,0
3710,israeli-parliament-dissolved-by-july-16-20260713154904805,israeli-parliament-dissolved-by-october-31,0
3711,israeli-parliament-dissolved-by-july-17-20260713154943505,israeli-parliament-dissolved-by-october-31,0
3713,us-charges-hormuz-fees-by-july-31-2026-20260713151243233,us-charges-hormuz-fees-byptptpt-20260713151243232,0
3714,us-charges-hormuz-fees-by-july-17-2026-20260713155039898,us-charges-hormuz-fees-byptptpt-20260713151243232,0
3715,us-charges-hormuz-fees-by-august-31-2026-20260713151243234,us-charges-hormuz-fees-byptptpt-20260713151243232,0
3716,us-announces-end-of-iranian-blockade-by-august-15-2026-20260713152715083-347-987-697-628-574-676,us-announces-end-of-iranian-blockade-byptptpt-20260713152715080,0
3717,us-announces-end-of-iranian-blockade-by-august-31-2026-20260713152715084-642-513-584-641-939-632-729,us-announces-end-of-iranian-blockade-byptptpt-20260713152715080,0
3718,us-announces-end-of-iranian-blockade-by-july-24-2026-20260713152715081-211,us-announces-end-of-iranian-blockade-byptptpt-20260713152715080,0
3719,us-announces-end-of-iranian-blockade-by-july-31-2026-20260713152715082-212,us-announces-end-of-iranian-blockade-byptptpt-20260713152715080,0
3720,us-announces-end-of-iranian-blockade-by-july-14-2026,us-announces-end-of-iranian-blockade-byptptpt-20260713152715080,0
3721,us-x-iran-diplomatic-meeting-by-august-31-2026-2,next-round-of-us-iran-peace-talks-byptptpt-20260623022722982,0
3722,israel-military-action-against-yemen-by-july-31-20260714001321877,israel-military-action-against-yemen-byptptpt-20260714001321874,0
3723,israel-military-action-against-yemen-by-july-21-20260714001321876,israel-military-action-against-yemen-byptptpt-20260714001321874,0
3724,israel-military-action-against-yemen-by-july-14-20260714001321875,israel-military-action-against-yemen-byptptpt-20260714001321874,0
3725,will-trump-accuse-iran-of-election-interference-by-july-16-20260714013930796,which-countries-will-trump-accuse-of-election-interference-by-july-16-20260714013930793,0
3726,will-trump-accuse-israel-of-election-interference-by-july-16-20260714013930797,which-countries-will-trump-accuse-of-election-interference-by-july-16-20260714013930793,0
3727,will-there-be-houthi-military-action-against-israel-by-july-24-2026-20260714210303208,houthi-military-action-against-israel-byptptpt-20260714210303206,0
3728,will-there-be-houthi-military-action-against-israel-by-july-31-2026-20260714210303209,houthi-military-action-against-israel-byptptpt-20260714210303206,0
3729,will-there-be-houthi-military-action-against-israel-by-july-17-2026-20260714210303207,houthi-military-action-against-israel-byptptpt-20260714210303206,0
3730,will-there-be-saudi-arabian-military-action-against-yemen-by-july-17-2026-20260714210903831,saudi-arabia-military-action-against-yemen-byptptpt-20260714210903830,0
3731,will-there-be-saudi-arabian-military-action-against-yemen-by-july-31-2026-20260714210903833,saudi-arabia-military-action-against-yemen-byptptpt-20260714210903830,0
3732,will-there-be-saudi-arabian-military-action-against-yemen-by-july-24-2026-20260714210903832,saudi-arabia-military-action-against-yemen-byptptpt-20260714210903830,0
3733,will-there-be-houthi-military-action-against-saudi-arabia-by-july-17-2026-20260714212508551,houthi-military-action-against-saudi-arabia-byptptpt-20260714212508550,0
3734,will-there-be-houthi-military-action-against-saudi-arabia-by-july-31-2026-20260714212508553,houthi-military-action-against-saudi-arabia-byptptpt-20260714212508550,0
3735,will-there-be-houthi-military-action-against-saudi-arabia-by-july-24-2026-20260714212508552,houthi-military-action-against-saudi-arabia-byptptpt-20260714212508550,0
3736,will-trump-meet-with-netanyahu-by-july-19-2026-20260714195149521,will-trump-meet-with-netanyahu-byptptpt-20260714195149520,0
3737,will-trump-meet-with-netanyahu-by-july-24-2026-20260714195149523,will-trump-meet-with-netanyahu-byptptpt-20260714195149520,0
3738,will-trump-meet-with-netanyahu-by-july-20-2026-20260714195149522,will-trump-meet-with-netanyahu-byptptpt-20260714195149520,0
3739,us-x-iran-effective-ceasfire-by-july-18-20260715194822043,us-x-iran-effective-ceasfire-byptptpt-2-week-pause-20260715194822042,0
3740,us-x-iran-effective-ceasfire-by-august-31-20260715194822047,us-x-iran-effective-ceasfire-byptptpt-2-week-pause-20260715194822042,0
3741,us-x-iran-effective-ceasfire-by-july-31-20260715194822045,us-x-iran-effective-ceasfire-byptptpt-2-week-pause-20260715194822042,0
3742,us-x-iran-effective-ceasfire-by-august-14-20260715194822046,us-x-iran-effective-ceasfire-byptptpt-2-week-pause-20260715194822042,0
3743,us-x-iran-effective-ceasfire-by-july-24-20260715194822044,us-x-iran-effective-ceasfire-byptptpt-2-week-pause-20260715194822042,0
3744,will-trump-meet-with-netanyahu-by-august-31-2026,will-trump-meet-with-netanyahu-byptptpt-20260714195149520,0
3745,will-trump-meet-with-netanyahu-by-july-31-2026,will-trump-meet-with-netanyahu-byptptpt-20260714195149520,0
3746,israel-x-iran-ceasefire-continues-through-july-18-20260716224448964,israel-x-iran-ceasefire-continues-throughptptpt-20260716224448963,0
3747,israel-x-iran-ceasefire-continues-through-july-22-20260716224448966,israel-x-iran-ceasefire-continues-throughptptpt-20260716224448963,0
3748,israel-x-iran-ceasefire-continues-through-july-20-20260716224448965,israel-x-iran-ceasefire-continues-throughptptpt-20260716224448963,0
3749,israel-x-iran-ceasefire-continues-through-july-25-20260716224448967-454,israel-x-iran-ceasefire-continues-throughptptpt-20260716224448963,0
3750,israel-x-iran-ceasefire-continues-through-august-31-20260716224448970-754-896-823,israel-x-iran-ceasefire-continues-throughptptpt-20260716224448963,0
3751,israel-x-iran-ceasefire-continues-through-august-15-20260716224448969-246-815-987-693,israel-x-iran-ceasefire-continues-throughptptpt-20260716224448963,0
3752,israel-x-iran-ceasefire-continues-through-july-31-20260716224448968-384-155-519-798-243,israel-x-iran-ceasefire-continues-throughptptpt-20260716224448963,0
3753,will-iranun-sultanates-league-of-the-philippines-incpt-islpi-win-the-most-seats-in-the-2026-barmm-parliamentary-elections-20260715164930585,2026-bangsamoro-parliament-election-party-winner-20260715164930563,0
3754,will-fewer-than-50-ships-transit-the-strait-of-hormuz-between-july-20-july-26-20260717154058216,how-many-ships-transit-the-strait-of-hormuz-week-of-july-20-20260717154058215,0
3755,will-50-74-ships-transit-the-strait-of-hormuz-between-july-20-july-26-20260717154058217,how-many-ships-transit-the-strait-of-hormuz-week-of-july-20-20260717154058215,0
3756,will-75-99-ships-transit-the-strait-of-hormuz-between-july-20-july-26-20260717154058218,how-many-ships-transit-the-strait-of-hormuz-week-of-july-20-20260717154058215,0
3757,will-100-124-ships-transit-the-strait-of-hormuz-between-july-20-july-26-20260717154058219,how-many-ships-transit-the-strait-of-hormuz-week-of-july-20-20260717154058215,0
3758,will-125-or-more-ships-transit-the-strait-of-hormuz-between-july-20-july-26-20260717154058220,how-many-ships-transit-the-strait-of-hormuz-week-of-july-20-20260717154058215,0
3759,will-the-us-announce-an-iran-ceasefire-by-july-31-20260718000915875,us-announces-halt-in-iran-offensive-operations-byptptpt-20260718015003096,0
3760,will-the-us-announce-an-iran-ceasefire-by-july-19-20260718000915872,us-announces-halt-in-iran-offensive-operations-byptptpt-20260718015003096,0
3761,will-the-us-announce-an-iran-ceasefire-by-july-21-20260718000915873,us-announces-halt-in-iran-offensive-operations-byptptpt-20260718015003096,0
3762,will-the-us-announce-an-iran-ceasefire-by-august-31-20260718000915876-168,us-announces-halt-in-iran-offensive-operations-byptptpt-20260718015003096,0
3763,will-the-us-announce-an-iran-ceasefire-by-july-24-20260718000915874,us-announces-halt-in-iran-offensive-operations-byptptpt-20260718015003096,0
3764,iran-full-airspace-closure-by-july-24,iran-full-airspace-closure-byptptpt-20260625195253028,0
3765,iran-full-airspace-closure-by-july-21,iran-full-airspace-closure-byptptpt-20260625195253028,0
3766,iran-full-airspace-closure-by-august-15,iran-full-airspace-closure-byptptpt-20260625195253028,0
3767,israel-closes-its-airspace-by-august-15,israel-closes-its-airspace-by,0
3768,israel-closes-its-airspace-by-july-24,israel-closes-its-airspace-by,0
3769,us-announces-halt-in-iran-offensive-operations-by-august-15,us-announces-halt-in-iran-offensive-operations-byptptpt-20260718015003096,0
3770,iran-successfully-targets-shipping-on-july-20,iran-successfully-targets-shipping-onptptpt-20260625225210236,0
3771,iran-successfully-targets-shipping-on-july-19,iran-successfully-targets-shipping-onptptpt-20260625225210236,0
3772,iran-successfully-targets-shipping-on-july-21,iran-successfully-targets-shipping-onptptpt-20260625225210236,0
3773,iran-successfully-targets-shipping-on-july-23,iran-successfully-targets-shipping-onptptpt-20260625225210236,0
3774,iran-successfully-targets-shipping-on-july-25,iran-successfully-targets-shipping-onptptpt-20260625225210236,0
3775,iran-successfully-targets-shipping-on-july-24,iran-successfully-targets-shipping-onptptpt-20260625225210236,0
3776,iran-successfully-targets-shipping-on-july-22,iran-successfully-targets-shipping-onptptpt-20260625225210236,0
3777,iran-successfully-targets-shipping-on-july-30,iran-successfully-targets-shipping-onptptpt-20260625225210236,0
3778,iran-successfully-targets-shipping-on-july-27,iran-successfully-targets-shipping-onptptpt-20260625225210236,0
3779,iran-successfully-targets-shipping-on-july-28,iran-successfully-targets-shipping-onptptpt-20260625225210236,0
3780,iran-successfully-targets-shipping-on-july-26,iran-successfully-targets-shipping-onptptpt-20260625225210236,0
3781,iran-successfully-targets-shipping-on-july-29,iran-successfully-targets-shipping-onptptpt-20260625225210236,0
3782,iran-successfully-targets-shipping-on-july-31,iran-successfully-targets-shipping-onptptpt-20260625225210236,0
3783,iran-successfully-targets-shipping-by-july-31-20260718195951624,iran-successfully-targets-shipping-byptptpt-20260718200224364,0
3784,iran-successfully-targets-shipping-by-july-24-20260718200145713,iran-successfully-targets-shipping-byptptpt-20260718200224364,0
3785,iran-successfully-targets-shipping-by-july-22-20260718200842464,iran-successfully-targets-shipping-byptptpt-20260718200224364,0
3786,iran-successfully-targets-shipping-by-july-15-20260718195951623,iran-successfully-targets-shipping-byptptpt-20260718200224364,0
3787,will-mojtaba-khamenei-leave-iran-by-july-24-20260720003505491,will-mojtaba-khamenei-leave-iran-byptptpt-20260720003505489,0
3788,will-mojtaba-khamenei-leave-iran-by-july-31-20260720003505492,will-mojtaba-khamenei-leave-iran-byptptpt-20260720003505489,0
3789,will-mojtaba-khamenei-leave-iran-by-august-31-20260720003950635,will-mojtaba-khamenei-leave-iran-byptptpt-20260720003505489,0
3790,will-a-european-country-take-military-action-on-iran-by-august-31-20260720005529606,european-military-action-on-iran-byptptpt-20260720022428140,0
3791,will-a-european-country-take-military-action-on-iran-by-july-31-20260720005529605,european-military-action-on-iran-byptptpt-20260720022428140,0
3793,iran-invades-kuwait-by-august-31-20260720015031546,iran-invades-kuwait-byptptpt-20260720015031544,0
3794,will-israeli-forces-withdraw-from-beyond-the-litani-river-by-august-31,israeli-forces-withdraw-from-beyond-the-litani-river-by-20260607234645733,0
3795,total-internet-blackout-in-iran-by-july-31-2026-20260720155238427,total-internet-blackout-in-iran-byptptpt-20260720155238426,0
3796,total-internet-blackout-in-iran-by-august-31-2026-20260720155238428,total-internet-blackout-in-iran-byptptpt-20260720155238426,0
3797,israel-x-lebanon-diplomatic-meeting-by-july-31-2026-20260720155040248,israel-x-lebanon-diplomatic-meeting-byptptpt-20260720155040247,0
3798,israel-x-lebanon-diplomatic-meeting-by-august-31-2026-20260720155040249,israel-x-lebanon-diplomatic-meeting-byptptpt-20260720155040247,0
3800,greater-tunb-island-no-longer-under-iranian-control-by-july-31-20260720012832781,greater-tunb-island-no-longer-under-iranian-control-byptptpt-20260720014332851,0
3801,greater-tunb-island-no-longer-under-iranian-control-by-august-31-20260720014332853,greater-tunb-island-no-longer-under-iranian-control-byptptpt-20260720014332851,0
3802,abu-musa-island-no-longer-under-iranian-control-by-july-31-20260720011758215,abu-musa-island-no-longer-under-iranian-control-byptptpt-20260720011758214,0
3803,abu-musa-island-no-longer-under-iranian-control-by-august-31-20260720011758216,abu-musa-island-no-longer-under-iranian-control-byptptpt-20260720011758214,0
3804,hormuz-island-no-longer-under-iranian-control-by-july-31-20260720013251723,hormuz-island-no-longer-under-iranian-control-byptptpt-20260720014603391,0
3805,hormuz-island-no-longer-under-iranian-control-by-august-31-20260720014603393,hormuz-island-no-longer-under-iranian-control-byptptpt-20260720014603391,0
3806,hengam-island-no-longer-under-iranian-control-by-july-31-20260720013456856,hengam-island-no-longer-under-iranian-control-byptptpt-20260720014859845,0
3807,farsi-island-no-longer-under-iranian-control-by-august-31-20260720015111490,farsi-island-no-longer-under-iranian-control-byptptpt-20260720015111488,0
3808,hengam-island-no-longer-under-iranian-control-by-august-31-20260720014859847,hengam-island-no-longer-under-iranian-control-byptptpt-20260720014859845,0
3809,farsi-island-no-longer-under-iranian-control-by-july-31-20260720013631152,farsi-island-no-longer-under-iranian-control-byptptpt-20260720015111488,0
3810,will-the-houthis-successfully-target-shipping-by-july-25-2026,houthis-successfully-target-shipping-byptptpt-20260708165455691,0
3811,will-the-houthis-successfully-target-shipping-by-august-15-2026,houthis-successfully-target-shipping-byptptpt-20260708165455691,0
3812,will-the-houthis-successfully-target-shipping-by-july-23-2026,houthis-successfully-target-shipping-byptptpt-20260708165455691,0
3813,iran-leadership-change-by-august-31-669-893,iran-leadership-change-by,0
3814,iran-full-airspace-closure-by-july-27,iran-full-airspace-closure-byptptpt-20260625195253028,0
3815,will-israel-katz-win-the-2026-likud-party-primary-elections-20260720203933768,likud-party-primary-winner-20260720203933764,0
3816,will-benjamin-netanyahu-visit-new-york-city-by-september-30-20260722053445710-178,will-netanyahu-visit-new-york-city-byptptpt-20260722053445708,0
3817,will-benjamin-netanyahu-visit-new-york-city-by-december-31-20260722053445711-376,will-netanyahu-visit-new-york-city-byptptpt-20260722053445708,0
3818,will-benjamin-netanyahu-visit-new-york-city-by-july-31-20260722053445709,will-netanyahu-visit-new-york-city-byptptpt-20260722053445708,0
3819,israel-x-iran-ceasefire-continues-through-july-23,israel-x-iran-ceasefire-continues-throughptptpt-20260716224448963,0
3820,israel-x-iran-ceasefire-continues-through-july-24,israel-x-iran-ceasefire-continues-throughptptpt-20260716224448963,0
3821,israel-x-iran-ceasefire-continues-through-july-26,israel-x-iran-ceasefire-continues-throughptptpt-20260716224448963,0
3822,will-the-houthis-successfully-target-shipping-by-july-23-2026-20260722224646692,houthis-successfully-target-shipping-byptptpt-20260722224646691,0
3823,will-the-houthis-successfully-target-shipping-by-july-24-2026-20260722224646693,houthis-successfully-target-shipping-byptptpt-20260722224646691,0
3824,will-the-houthis-successfully-target-shipping-by-july-31-2026-20260722224455367,houthis-successfully-target-shipping-byptptpt-20260722224646691,0
3825,will-the-houthis-successfully-target-shipping-by-august-15-2026-20260722224455368,houthis-successfully-target-shipping-byptptpt-20260722224646691,0
3826,will-the-houthis-successfully-target-shipping-by-july-25-2026-20260722224455366,houthis-successfully-target-shipping-byptptpt-20260722224646691,0
3827,will-the-houthis-successfully-target-shipping-by-august-31-2026-20260722224455369,houthis-successfully-target-shipping-byptptpt-20260722224646691,0
3828,will-houthis-successfully-target-shipping-on-july-29-2026-20260722225036922,houthis-successfully-target-shipping-onptptpt-20260722225036915,0
3829,will-houthis-successfully-target-shipping-on-august-11-2026-20260722225036935,houthis-successfully-target-shipping-onptptpt-20260722225036915,0
3830,will-houthis-successfully-target-shipping-on-august-20-2026-20260722225036944,houthis-successfully-target-shipping-onptptpt-20260722225036915,0
3831,will-houthis-successfully-target-shipping-on-august-26-2026-20260722225036950,houthis-successfully-target-shipping-onptptpt-20260722225036915,0
3832,will-houthis-successfully-target-shipping-on-august-31-2026-20260722225036955,houthis-successfully-target-shipping-onptptpt-20260722225036915,0
3833,will-houthis-successfully-target-shipping-on-august-16-2026-20260722225036940,houthis-successfully-target-shipping-onptptpt-20260722225036915,0
3834,will-houthis-successfully-target-shipping-on-august-14-2026-20260722225036938,houthis-successfully-target-shipping-onptptpt-20260722225036915,0
3835,will-houthis-successfully-target-shipping-on-august-13-2026-20260722225036937,houthis-successfully-target-shipping-onptptpt-20260722225036915,0
3836,will-houthis-successfully-target-shipping-on-august-6-2026-20260722225036930,houthis-successfully-target-shipping-onptptpt-20260722225036915,0
3837,will-houthis-successfully-target-shipping-on-july-28-2026-20260722225036921,houthis-successfully-target-shipping-onptptpt-20260722225036915,0
3838,will-houthis-successfully-target-shipping-on-august-17-2026-20260722225036941,houthis-successfully-target-shipping-onptptpt-20260722225036915,0
3839,will-houthis-successfully-target-shipping-on-august-19-2026-20260722225036943,houthis-successfully-target-shipping-onptptpt-20260722225036915,0
3840,will-houthis-successfully-target-shipping-on-august-10-2026-20260722225036934,houthis-successfully-target-shipping-onptptpt-20260722225036915,0
3841,will-houthis-successfully-target-shipping-on-august-4-2026-20260722225036928,houthis-successfully-target-shipping-onptptpt-20260722225036915,0
3842,will-houthis-successfully-target-shipping-on-august-3-2026-20260722225036927,houthis-successfully-target-shipping-onptptpt-20260722225036915,0
3843,will-houthis-successfully-target-shipping-on-august-12-2026-20260722225036936,houthis-successfully-target-shipping-onptptpt-20260722225036915,0
3844,will-houthis-successfully-target-shipping-on-august-18-2026-20260722225036942,houthis-successfully-target-shipping-onptptpt-20260722225036915,0
3845,will-houthis-successfully-target-shipping-on-august-5-2026-20260722225036929,houthis-successfully-target-shipping-onptptpt-20260722225036915,0
3846,will-houthis-successfully-target-shipping-on-august-23-2026-20260722225036947,houthis-successfully-target-shipping-onptptpt-20260722225036915,0
3847,will-houthis-successfully-target-shipping-on-august-29-2026-20260722225036953,houthis-successfully-target-shipping-onptptpt-20260722225036915,0
3848,will-houthis-successfully-target-shipping-on-august-9-2026-20260722225036933,houthis-successfully-target-shipping-onptptpt-20260722225036915,0
3849,will-houthis-successfully-target-shipping-on-july-30-2026-20260722225036923,houthis-successfully-target-shipping-onptptpt-20260722225036915,0
3850,will-houthis-successfully-target-shipping-on-august-28-2026-20260722225036952,houthis-successfully-target-shipping-onptptpt-20260722225036915,0
3851,will-houthis-successfully-target-shipping-on-august-24-2026-20260722225036948,houthis-successfully-target-shipping-onptptpt-20260722225036915,0
3852,will-houthis-successfully-target-shipping-on-july-26-2026-20260722225036919,houthis-successfully-target-shipping-onptptpt-20260722225036915,0
3853,will-houthis-successfully-target-shipping-on-july-27-2026-20260722225036920,houthis-successfully-target-shipping-onptptpt-20260722225036915,0
3854,will-houthis-successfully-target-shipping-on-july-31-2026-20260722225036924,houthis-successfully-target-shipping-onptptpt-20260722225036915,0
3855,will-houthis-successfully-target-shipping-on-august-2-2026-20260722225036926,houthis-successfully-target-shipping-onptptpt-20260722225036915,0
3856,will-houthis-successfully-target-shipping-on-august-25-2026-20260722225036949,houthis-successfully-target-shipping-onptptpt-20260722225036915,0
3857,will-houthis-successfully-target-shipping-on-august-15-2026-20260722225036939,houthis-successfully-target-shipping-onptptpt-20260722225036915,0
3858,will-houthis-successfully-target-shipping-on-august-1-2026-20260722225036925,houthis-successfully-target-shipping-onptptpt-20260722225036915,0
3859,will-houthis-successfully-target-shipping-on-august-22-2026-20260722225036946,houthis-successfully-target-shipping-onptptpt-20260722225036915,0
3860,will-houthis-successfully-target-shipping-on-august-21-2026-20260722225036945,houthis-successfully-target-shipping-onptptpt-20260722225036915,0
3861,will-houthis-successfully-target-shipping-on-august-30-2026-20260722225036954,houthis-successfully-target-shipping-onptptpt-20260722225036915,0
3862,will-houthis-successfully-target-shipping-on-august-27-2026-20260722225036951,houthis-successfully-target-shipping-onptptpt-20260722225036915,0
3863,will-houthis-successfully-target-shipping-on-august-8-2026-20260722225036932,houthis-successfully-target-shipping-onptptpt-20260722225036915,0
3864,will-houthis-successfully-target-shipping-on-august-7-2026-20260722225036931,houthis-successfully-target-shipping-onptptpt-20260722225036915,0
3865,will-houthis-successfully-target-shipping-on-july-25-2026-20260722225036918,houthis-successfully-target-shipping-onptptpt-20260722225036915,0
3866,will-houthis-successfully-target-shipping-on-july-24-2026-20260722225036917,houthis-successfully-target-shipping-onptptpt-20260722225036915,0
3867,israel-x-iran-ceasefire-continues-through-july-29,israel-x-iran-ceasefire-continues-throughptptpt-20260716224448963,0
3868,israel-x-iran-ceasefire-continues-through-july-27,israel-x-iran-ceasefire-continues-throughptptpt-20260716224448963,0
3869,israel-x-iran-ceasefire-continues-through-july-28,israel-x-iran-ceasefire-continues-throughptptpt-20260716224448963,0
3870,israel-x-iran-ceasefire-continues-through-july-30,israel-x-iran-ceasefire-continues-throughptptpt-20260716224448963,0
3871,will-benjamin-netanyahu-visit-new-york-city-by-august-31,will-netanyahu-visit-new-york-city-byptptpt-20260722053445708,0
3872,will-trump-meet-with-netanyahu-by-july-28-2026,will-trump-meet-with-netanyahu-byptptpt-20260714195149520,0
3873,will-netanyahu-wear-a-yarmulke-at-next-meeting-with-trump-20260724180650962,will-netanyahu-wear-a-yarmulke-at-next-meeting-with-trump-20260724180650962,0
3874,will-trump-and-netanyahu-hug-on-tuesday-20260724181151719,will-trump-and-netanyahu-hug-on-tuesday-20260724181151719,0
3875,us-x-iran-diplomatic-meeting-by-august-15-2026,next-round-of-us-iran-peace-talks-byptptpt-20260623022722982,0
3876,will-fewer-than-25-ships-transit-the-strait-of-hormuz-between-july-27-august-2-20260724144200303,how-many-ships-transit-the-strait-of-hormuz-week-of-july-27-20260724144200302,0
3877,will-25-49-ships-transit-the-strait-of-hormuz-between-july-27-august-2-20260724144200304,how-many-ships-transit-the-strait-of-hormuz-week-of-july-27-20260724144200302,0
3878,will-50-74-ships-transit-the-strait-of-hormuz-between-july-27-august-2-20260724144200305,how-many-ships-transit-the-strait-of-hormuz-week-of-july-27-20260724144200302,0
3879,will-75-99-ships-transit-the-strait-of-hormuz-between-july-27-august-2-20260724144200306,how-many-ships-transit-the-strait-of-hormuz-week-of-july-27-20260724144200302,0
3880,will-100-or-more-ships-transit-the-strait-of-hormuz-between-july-27-august-2-20260724144200307,how-many-ships-transit-the-strait-of-hormuz-week-of-july-27-20260724144200302,0
3881,will-trump-praise-benjamin-netanyahu-by-july-31-20260724182749274,will-trump-praise-benjamin-netanyahu-by-july-31-20260724182749274,0
3882,will-trump-and-netanyahu-not-shake-hands-by-july-31-2026-20260724175229943,how-long-will-trump-and-netanyahu-shake-hands-for-20260724175229942,0
3883,will-trump-and-netanyahu-handshake-last-less-than-2-seconds-by-july-31-2026-20260724175229944,how-long-will-trump-and-netanyahu-shake-hands-for-20260724175229942,0
3884,will-trump-and-netanyahu-handshake-last-26-seconds-by-july-31-2026-20260724175229945,how-long-will-trump-and-netanyahu-shake-hands-for-20260724175229942,0
3885,will-trump-and-netanyahu-handshake-last-610-seconds-by-july-31-2026-20260724175229946,how-long-will-trump-and-netanyahu-shake-hands-for-20260724175229942,0
3886,will-trump-and-netanyahu-handshake-last-at-least-15-seconds-by-july-31-2026-20260724175229948,how-long-will-trump-and-netanyahu-shake-hands-for-20260724175229942,0
3887,will-trump-and-netanyahu-only-be-photographed-together-by-july-31-2026-20260724175229949,how-long-will-trump-and-netanyahu-shake-hands-for-20260724175229942,0
3888,will-trump-and-netanyahu-handshake-last-1015-seconds-by-july-31-2026-20260724175229947,how-long-will-trump-and-netanyahu-shake-hands-for-20260724175229942,0
3890,iran-full-airspace-closure-by-september-30-20260727170320670,iran-full-airspace-closure-byptptpt-20260625195253028,0
3891,israel-x-iran-ceasefire-continues-through-august-2-20260727170555149,israel-x-iran-ceasefire-continues-throughptptpt-20260716224448963,0
3892,israel-x-iran-ceasefire-continues-through-august-9-20260727170733638,israel-x-iran-ceasefire-continues-throughptptpt-20260716224448963,0
3893,strait-of-hormuz-traffic-returns-to-normal-by-august-15-20260727171036148,strait-of-hormuz-traffic-returns-to-normal-by-august-31-20260702154212320,0
3895,us-announces-end-of-iranian-blockade-by-august-7-2026-20260727171523690,us-announces-end-of-iranian-blockade-byptptpt-20260713152715080,0
3897,us-announces-end-of-iranian-blockade-by-september-30-2026-20260727171615364-722-649-646-561-213-644-414-831,us-announces-end-of-iranian-blockade-byptptpt-20260713152715080,0
3898,us-x-iran-diplomatic-meeting-by-august-7-2026,next-round-of-us-iran-peace-talks-byptptpt-20260623022722982,0
3899,will-iran-target-ukraine-by-september-30-2026-20260727234956918,will-iran-target-ukraine-byptptpt-20260727234956916,0
3900,will-iran-target-ukraine-by-august-31-2026-20260727234956917,will-iran-target-ukraine-byptptpt-20260727234956916,0
3901,zelenskyy-meets-with-netanyahu-by-thursday-20260727212337638,zelenskyy-meets-with-netanyahu-by-thursday-20260727212337638,0
3908,will-israel-launch-a-ground-operation-in-iran-by-august-31-2026,israel-ground-operation-in-iran-confirmed-by,0
3909,us-obtains-iranian-enriched-uranium-by-august-31,us-obtains-iranian-enriched-uranium-by,0
3910,0-ships-transit-hormuz-on-any-date-by-august-31,0-ships-transit-hormuz-on-any-date-byptpt-20260626172559966,0
3911,iran-successfully-targets-shipping-on-august-31-2026-20260729163314551,iran-successfully-targets-shipping-onptptpt-20260729163314520,0
3912,iran-successfully-targets-shipping-on-august-18-2026-20260729163314538,iran-successfully-targets-shipping-onptptpt-20260729163314520,0
3913,iran-successfully-targets-shipping-on-august-16-2026-20260729163314536,iran-successfully-targets-shipping-onptptpt-20260729163314520,0
3914,iran-successfully-targets-shipping-on-august-17-2026-20260729163314537,iran-successfully-targets-shipping-onptptpt-20260729163314520,0
3915,iran-successfully-targets-shipping-on-august-26-2026-20260729163314546,iran-successfully-targets-shipping-onptptpt-20260729163314520,0
3916,iran-successfully-targets-shipping-on-august-5-2026-20260729163314525,iran-successfully-targets-shipping-onptptpt-20260729163314520,0
3917,iran-successfully-targets-shipping-on-august-27-2026-20260729163314547,iran-successfully-targets-shipping-onptptpt-20260729163314520,0
3918,iran-successfully-targets-shipping-on-august-3-2026-20260729163314523,iran-successfully-targets-shipping-onptptpt-20260729163314520,0
3919,iran-successfully-targets-shipping-on-august-21-2026-20260729163314541,iran-successfully-targets-shipping-onptptpt-20260729163314520,0
3920,iran-successfully-targets-shipping-on-august-8-2026-20260729163314528,iran-successfully-targets-shipping-onptptpt-20260729163314520,0
3921,iran-successfully-targets-shipping-on-august-24-2026-20260729163314544,iran-successfully-targets-shipping-onptptpt-20260729163314520,0
3922,iran-successfully-targets-shipping-on-august-30-2026-20260729163314550,iran-successfully-targets-shipping-onptptpt-20260729163314520,0
3923,iran-successfully-targets-shipping-on-august-22-2026-20260729163314542,iran-successfully-targets-shipping-onptptpt-20260729163314520,0
3924,iran-successfully-targets-shipping-on-august-19-2026-20260729163314539,iran-successfully-targets-shipping-onptptpt-20260729163314520,0
3925,iran-successfully-targets-shipping-on-august-9-2026-20260729163314529,iran-successfully-targets-shipping-onptptpt-20260729163314520,0
3926,iran-successfully-targets-shipping-on-august-4-2026-20260729163314524,iran-successfully-targets-shipping-onptptpt-20260729163314520,0
3927,iran-successfully-targets-shipping-on-august-29-2026-20260729163314549,iran-successfully-targets-shipping-onptptpt-20260729163314520,0
3928,iran-successfully-targets-shipping-on-august-7-2026-20260729163314527,iran-successfully-targets-shipping-onptptpt-20260729163314520,0
3929,iran-successfully-targets-shipping-on-august-14-2026-20260729163314534,iran-successfully-targets-shipping-onptptpt-20260729163314520,0
3930,iran-successfully-targets-shipping-on-august-25-2026-20260729163314545,iran-successfully-targets-shipping-onptptpt-20260729163314520,0
3931,iran-successfully-targets-shipping-on-august-15-2026-20260729163314535,iran-successfully-targets-shipping-onptptpt-20260729163314520,0
3932,iran-successfully-targets-shipping-on-august-6-2026-20260729163314526,iran-successfully-targets-shipping-onptptpt-20260729163314520,0
3933,iran-successfully-targets-shipping-on-august-2-2026-20260729163314522,iran-successfully-targets-shipping-onptptpt-20260729163314520,0
3934,iran-successfully-targets-shipping-on-august-12-2026-20260729163314532,iran-successfully-targets-shipping-onptptpt-20260729163314520,0
3935,iran-successfully-targets-shipping-on-august-13-2026-20260729163314533,iran-successfully-targets-shipping-onptptpt-20260729163314520,0
3936,iran-successfully-targets-shipping-on-august-23-2026-20260729163314543,iran-successfully-targets-shipping-onptptpt-20260729163314520,0
3937,iran-successfully-targets-shipping-on-august-10-2026-20260729163314530,iran-successfully-targets-shipping-onptptpt-20260729163314520,0
3938,iran-successfully-targets-shipping-on-august-28-2026-20260729163314548,iran-successfully-targets-shipping-onptptpt-20260729163314520,0
3939,iran-successfully-targets-shipping-on-august-20-2026-20260729163314540,iran-successfully-targets-shipping-onptptpt-20260729163314520,0
3940,iran-successfully-targets-shipping-on-august-11-2026-20260729163314531,iran-successfully-targets-shipping-onptptpt-20260729163314520,0
3941,iran-successfully-targets-shipping-on-august-1-2026-20260729163314521,iran-successfully-targets-shipping-onptptpt-20260729163314520,0
3942,will-usd-be-less-than-1pt7m-iranian-rials-on-august-31-20260728205517246,usd-x-iranian-rials-end-of-august-20260728205517245,0
3943,will-usd-be-between-1pt7m-and-1pt8m-iranian-rials-on-august-31-20260728205517247,usd-x-iranian-rials-end-of-august-20260728205517245,0
3944,will-usd-be-between-1pt8m-and-1pt9m-iranian-rials-on-august-31-20260728205517248,usd-x-iranian-rials-end-of-august-20260728205517245,0
3945,will-usd-be-between-1pt9m-and-2pt0m-iranian-rials-on-august-31-20260728205517249,usd-x-iranian-rials-end-of-august-20260728205517245,0
3946,will-usd-be-between-2pt0m-and-2pt1m-iranian-rials-on-august-31-20260728205517250,usd-x-iranian-rials-end-of-august-20260728205517245,0
3947,will-usd-be-between-2pt1m-and-2pt2m-iranian-rials-on-august-31-20260728205517251,usd-x-iranian-rials-end-of-august-20260728205517245,0
3948,will-usd-be-at-least-2pt2m-iranian-rials-on-august-31-20260728205517252,usd-x-iranian-rials-end-of-august-20260728205517245,0
3949,will-usd-reach-2pt0m-iranian-rials-by-august-31-20260728205801829,will-usd-hit-iranian-rials-by-august-31-20260728205801827,0
3950,will-usd-reach-2pt1m-iranian-rials-by-august-31-20260728205801828,will-usd-hit-iranian-rials-by-august-31-20260728205801827,0
3951,will-usd-fall-to-1pt6m-iranian-rials-by-august-31-20260728205801833,will-usd-hit-iranian-rials-by-august-31-20260728205801827,0
3952,will-usd-fall-to-1pt8m-iranian-rials-by-august-31-20260728205801831,will-usd-hit-iranian-rials-by-august-31-20260728205801827,0
3953,will-usd-fall-to-1pt7m-iranian-rials-by-august-31-20260728205801832,will-usd-hit-iranian-rials-by-august-31-20260728205801827,0
3954,kharg-island-no-longer-under-iranian-control-by-september-30-20260730004207224,kharg-island-no-longer-under-iranian-control-by-march-31,0
3956,will-the-united-kingdom-send-warships-through-the-strait-of-hormuz-by-august-31-2026-20260728213742049,which-countries-will-send-warships-through-the-strait-of-hormuz-by-august-31,0
3957,will-australia-send-warships-through-the-strait-of-hormuz-by-august-31-2026-20260728213742056,which-countries-will-send-warships-through-the-strait-of-hormuz-by-august-31,0
3958,will-the-netherlands-send-warships-through-the-strait-of-hormuz-by-august-31-2026-20260728213742052,which-countries-will-send-warships-through-the-strait-of-hormuz-by-august-31,0
3959,will-greece-send-warships-through-the-strait-of-hormuz-by-august-31-2026-20260728213742053,which-countries-will-send-warships-through-the-strait-of-hormuz-by-august-31,0
3960,will-germany-send-warships-through-the-strait-of-hormuz-by-august-31-2026-20260728213742055,which-countries-will-send-warships-through-the-strait-of-hormuz-by-august-31,0
3961,will-france-send-warships-through-the-strait-of-hormuz-by-august-31-2026-20260728213742050,which-countries-will-send-warships-through-the-strait-of-hormuz-by-august-31,0
3962,will-italy-send-warships-through-the-strait-of-hormuz-by-august-31-2026-20260728213742054,which-countries-will-send-warships-through-the-strait-of-hormuz-by-august-31,0
3963,will-the-united-states-send-warships-through-the-strait-of-hormuz-by-august-31-2026-20260728213742051,which-countries-will-send-warships-through-the-strait-of-hormuz-by-august-31,0
3964,will-40-ships-transit-the-strait-of-hormuz-on-any-day-by-august-31-2026-20260728213741053,will-ships-transit-the-strait-of-hormuz-on-any-day-by-august-31,0
3965,will-30-ships-transit-the-strait-of-hormuz-on-any-day-by-august-31-2026-20260728213741052,will-ships-transit-the-strait-of-hormuz-on-any-day-by-august-31,0
3966,will-50-ships-transit-the-strait-of-hormuz-on-any-day-by-august-31-2026-20260728213741054,will-ships-transit-the-strait-of-hormuz-on-any-day-by-august-31,0
3967,will-80-ships-transit-the-strait-of-hormuz-on-any-day-by-august-31-2026-20260728213741056,will-ships-transit-the-strait-of-hormuz-on-any-day-by-august-31,0
3968,will-100-ships-transit-the-strait-of-hormuz-on-any-day-by-august-31-2026-20260728213741057,will-ships-transit-the-strait-of-hormuz-on-any-day-by-august-31,0
3969,will-60-ships-transit-the-strait-of-hormuz-on-any-day-by-august-31-2026-20260728213741055,will-ships-transit-the-strait-of-hormuz-on-any-day-by-august-31,0
3970,israel-military-action-against-yemen-by-august-31,israel-military-action-against-yemen-byptptpt-20260714001321874,0
3971,will-there-be-houthi-military-action-against-israel-by-august-31-2026,houthi-military-action-against-israel-byptptpt-20260714210303206,0
3972,israeli-forces-enter-beirut-by-august-31,israeli-forces-enter-beirut-by-475,0
3973,israeli-forces-enter-tyre-by-august-31,israeli-forces-enter-tyre-by,0
3974,israeli-forces-enter-nabatieh-by-august-31,israeli-forces-enter-nabatieh-by,0
3975,israeli-forces-enter-choukine-by-august-31,israeli-forces-enter-choukine-by,0
3976,will-trump-meet-with-benjamin-netanyahu-in-august-2026-20260731154202617,who-will-trump-meet-with-in-august-20260731154151454,0
3977,will-trump-speak-to-mojtaba-khamenei-in-august-20260731154203532,who-will-trump-speak-to-in-august-20260731154151454,0
3978,us-x-iran-diplomatic-meeting-by-september-30-2026,next-round-of-us-iran-peace-talks-byptptpt-20260623022722982,0
3979,israel-x-iran-ceasefire-continues-through-august-4,israel-x-iran-ceasefire-continues-throughptptpt-20260716224448963,0
3980,israel-x-iran-ceasefire-continues-through-august-3,israel-x-iran-ceasefire-continues-throughptptpt-20260716224448963,0
3981,israel-x-iran-ceasefire-continues-through-august-1,israel-x-iran-ceasefire-continues-throughptptpt-20260716224448963,0
3982,will-fewer-than-25-ships-transit-the-strait-of-hormuz-between-august-3-august-9-20260730202036143,how-many-ships-transit-the-strait-of-hormuz-week-of-august-3-20260730202018839,0
3983,will-25-49-ships-transit-the-strait-of-hormuz-between-august-3-august-9-20260730202036144,how-many-ships-transit-the-strait-of-hormuz-week-of-august-3-20260730202018839,0
3984,will-50-74-ships-transit-the-strait-of-hormuz-between-august-3-august-9-20260730202036145,how-many-ships-transit-the-strait-of-hormuz-week-of-august-3-20260730202018839,0
3985,will-75-99-ships-transit-the-strait-of-hormuz-between-august-3-august-9-20260730202036146,how-many-ships-transit-the-strait-of-hormuz-week-of-august-3-20260730202018839,0
3986,will-100-or-more-ships-transit-the-strait-of-hormuz-between-august-3-august-9-20260730202036147,how-many-ships-transit-the-strait-of-hormuz-week-of-august-3-20260730202018839,0
3987,will-there-be-80-or-more-average-daily-transits-of-the-strait-of-hormuz-on-august-31-20260728213741557,avgpt-of-ships-transiting-strait-of-hormuz-end-of-august,0
3988,will-there-be-between-60-and-80-average-daily-transits-of-the-strait-of-hormuz-on-august-31-20260728213741556,avgpt-of-ships-transiting-strait-of-hormuz-end-of-august,0
3989,will-there-be-between-40-and-60-average-daily-transits-of-the-strait-of-hormuz-on-august-31-20260728213741555,avgpt-of-ships-transiting-strait-of-hormuz-end-of-august,0
3990,will-there-be-between-0-and-20-average-daily-transits-of-the-strait-of-hormuz-on-august-31-20260728213741553,avgpt-of-ships-transiting-strait-of-hormuz-end-of-august,0
3991,will-there-be-between-20-and-40-average-daily-transits-of-the-strait-of-hormuz-on-august-31-20260728213741554,avgpt-of-ships-transiting-strait-of-hormuz-end-of-august,0
3992,will-iran-target-a-arab-country-on-august-17-2026-20260801004719134,will-iran-target-a-arab-country-onptptpt-20260801004719118,0
3993,will-iran-target-a-arab-country-on-august-25-2026-20260801004719142,will-iran-target-a-arab-country-onptptpt-20260801004719118,0
3994,will-iran-target-a-arab-country-on-august-27-2026-20260801004719144,will-iran-target-a-arab-country-onptptpt-20260801004719118,0
3995,will-iran-target-a-arab-country-on-august-18-2026-20260801004719135,will-iran-target-a-arab-country-onptptpt-20260801004719118,0
3996,will-iran-target-a-arab-country-on-august-13-2026-20260801004719130,will-iran-target-a-arab-country-onptptpt-20260801004719118,0
3997,will-iran-target-a-arab-country-on-august-26-2026-20260801004719143,will-iran-target-a-arab-country-onptptpt-20260801004719118,0
3998,will-iran-target-a-arab-country-on-august-14-2026-20260801004719131,will-iran-target-a-arab-country-onptptpt-20260801004719118,0
3999,will-iran-target-a-arab-country-on-august-12-2026-20260801004719129,will-iran-target-a-arab-country-onptptpt-20260801004719118,0
4000,will-iran-target-a-arab-country-on-august-16-2026-20260801004719133,will-iran-target-a-arab-country-onptptpt-20260801004719118,0
4001,will-iran-target-a-arab-country-on-august-19-2026-20260801004719136,will-iran-target-a-arab-country-onptptpt-20260801004719118,0
4002,will-iran-target-a-arab-country-on-august-20-2026-20260801004719137,will-iran-target-a-arab-country-onptptpt-20260801004719118,0
4003,will-iran-target-a-arab-country-on-august-15-2026-20260801004719132,will-iran-target-a-arab-country-onptptpt-20260801004719118,0
4004,will-iran-target-a-arab-country-on-august-7-2026-20260801004719124,will-iran-target-a-arab-country-onptptpt-20260801004719118,0
4005,will-iran-target-a-arab-country-on-august-28-2026-20260801004719145,will-iran-target-a-arab-country-onptptpt-20260801004719118,0
4006,will-iran-target-a-arab-country-on-august-22-2026-20260801004719139,will-iran-target-a-arab-country-onptptpt-20260801004719118,0
4007,will-iran-target-a-arab-country-on-august-9-2026-20260801004719126,will-iran-target-a-arab-country-onptptpt-20260801004719118,0
4008,will-iran-target-a-arab-country-on-august-3-2026-20260801004719120,will-iran-target-a-arab-country-onptptpt-20260801004719118,0
4009,will-iran-target-a-arab-country-on-august-2-2026-20260801004719119,will-iran-target-a-arab-country-onptptpt-20260801004719118,0
4010,will-iran-target-a-arab-country-on-august-8-2026-20260801004719125,will-iran-target-a-arab-country-onptptpt-20260801004719118,0
4011,will-iran-target-a-arab-country-on-august-10-2026-20260801004719127,will-iran-target-a-arab-country-onptptpt-20260801004719118,0
4012,will-iran-target-a-arab-country-on-august-21-2026-20260801004719138,will-iran-target-a-arab-country-onptptpt-20260801004719118,0
4013,will-iran-target-a-arab-country-on-august-29-2026-20260801004719146,will-iran-target-a-arab-country-onptptpt-20260801004719118,0
4014,will-iran-target-a-arab-country-on-august-30-2026-20260801004719147,will-iran-target-a-arab-country-onptptpt-20260801004719118,0
4015,will-iran-target-a-arab-country-on-august-5-2026-20260801004719122,will-iran-target-a-arab-country-onptptpt-20260801004719118,0
4016,will-iran-target-a-arab-country-on-august-24-2026-20260801004719141,will-iran-target-a-arab-country-onptptpt-20260801004719118,0
4017,will-iran-target-a-arab-country-on-august-6-2026-20260801004719123,will-iran-target-a-arab-country-onptptpt-20260801004719118,0
4018,will-iran-target-a-arab-country-on-august-4-2026-20260801004719121,will-iran-target-a-arab-country-onptptpt-20260801004719118,0
4019,will-iran-target-a-arab-country-on-august-23-2026-20260801004719140,will-iran-target-a-arab-country-onptptpt-20260801004719118,0
4020,will-iran-target-a-arab-country-on-august-11-2026-20260801004719128,will-iran-target-a-arab-country-onptptpt-20260801004719118,0
4021,will-iran-target-a-arab-country-on-august-31-2026-20260801004719148,will-iran-target-a-arab-country-onptptpt-20260801004719118,0
4022,iran-successfully-targets-shipping-by-august-16-2026,iran-successfully-targets-shipping-by,0
4023,iran-successfully-targets-shipping-by-september-30-2026,iran-successfully-targets-shipping-by,0
4024,iran-successfully-targets-shipping-by-august-31-2026,iran-successfully-targets-shipping-by,0
4025,iran-successfully-targets-shipping-by-august-9-2026,iran-successfully-targets-shipping-by,0
4026,us-iran-hormuz-agreement-by-august-31-20260804000051471,us-iran-hormuz-agreement-byptptpt-20260803235957575,0
4027,untitled-market-1-20260803235754057,us-iran-hormuz-agreement-byptptpt-20260803235957575,0
4028,us-iran-hormuz-agreement-by-august-15-20260804222025506-211,iran-oman-hormuz-management-agreement-byptptpt-20260804222725871,0
4029,us-iran-hormuz-agreement-by-august-31-20260804222025507-868-993,iran-oman-hormuz-management-agreement-byptptpt-20260804222725871,0
4030,will-farsi-hengam-hormuz-or-kharg-island-no-longer-be-under-iranian-control-by-august-31-2026-20260804165426110,farsi-hengam-hormuz-or-kharg-island-no-longer-under-iranian-control-byptptpt-20260804165426109,0
4031,will-farsi-hengam-hormuz-or-kharg-island-no-longer-be-under-iranian-control-by-september-30-2026-20260804165426111,farsi-hengam-hormuz-or-kharg-island-no-longer-under-iranian-control-byptptpt-20260804165426109,0
4033,us-announces-end-of-iranian-blockade-by-august-8-2026,us-announces-end-of-iranian-blockade-byptptpt-20260713152715080,0
4034,us-announces-end-of-iranian-blockade-by-august-11-2026,us-announces-end-of-iranian-blockade-byptptpt-20260713152715080,0
4035,us-announces-end-of-iranian-blockade-by-august-12-2026,us-announces-end-of-iranian-blockade-byptptpt-20260713152715080,0
4036,us-announces-end-of-iranian-blockade-by-august-9-2026,us-announces-end-of-iranian-blockade-byptptpt-20260713152715080,0
4037,us-announces-end-of-iranian-blockade-by-august-10-2026,us-announces-end-of-iranian-blockade-byptptpt-20260713152715080,0
4038,us-announces-end-of-iranian-blockade-by-august-22-2026,us-announces-end-of-iranian-blockade-byptptpt-20260713152715080,0
4039,us-announces-end-of-iranian-blockade-by-august-13-2026,us-announces-end-of-iranian-blockade-byptptpt-20260713152715080,0
4040,us-announces-end-of-iranian-blockade-by-august-14-2026,us-announces-end-of-iranian-blockade-byptptpt-20260713152715080,0
4041,iran-leadership-change-by-august-22,iran-leadership-change-by,0
4043,iran-leadership-change-by-august-15,iran-leadership-change-by,0
4045,israel-x-iran-ceasefire-continues-through-september-30,israel-x-iran-ceasefire-continues-throughptptpt-20260716224448963,0
4049,total-internet-blackout-in-iran-by-september-30-2026,total-internet-blackout-in-iran-byptptpt-20260720155238426,0
4050,iran-charges-hormuz-fees-by-september-30,iran-charges-hormuz-fees-byptptpt-20260625175035466,0
4051,will-75-99-ships-transit-the-strait-of-hormuz-between-august-10-august-16-1786098036054,how-many-ships-transit-the-strait-of-hormuz-week-of-august-10-1786098036056,0
4052,will-25-49-ships-transit-the-strait-of-hormuz-between-august-10-august-16-1786098036052,how-many-ships-transit-the-strait-of-hormuz-week-of-august-10-1786098036056,0
4053,will-50-74-ships-transit-the-strait-of-hormuz-between-august-10-august-16-1786098036053,how-many-ships-transit-the-strait-of-hormuz-week-of-august-10-1786098036056,0
4054,will-fewer-than-25-ships-transit-the-strait-of-hormuz-between-august-10-august-16-1786098036051,how-many-ships-transit-the-strait-of-hormuz-week-of-august-10-1786098036056,0
4055,will-100-or-more-ships-transit-the-strait-of-hormuz-between-august-10-august-16-1786098036055,how-many-ships-transit-the-strait-of-hormuz-week-of-august-10-1786098036056,0
4056,will-there-be-saudi-arabian-military-action-against-yemen-by-august-15-2026-20260807172431196,saudi-arabia-military-action-against-yemen-byptptpt-20260808162019737,0
4057,will-there-be-saudi-arabian-military-action-against-yemen-by-august-31-2026-20260807172431197,saudi-arabia-military-action-against-yemen-byptptpt-20260808162019737,0
4058,will-there-be-houthi-military-action-against-saudi-arabia-by-august-15-2026-20260807172323133,houthi-military-action-against-saudi-arabia-byptptpt-20260807172323132,0
4059,will-there-be-houthi-military-action-against-saudi-arabia-by-august-31-2026-20260807172323134,houthi-military-action-against-saudi-arabia-byptptpt-20260807172323132,0
4062,iran-oman-hormuz-agreement-by-august-12,iran-oman-hormuz-management-agreement-byptptpt-20260804222725871,0
4063,iran-oman-hormuz-agreement-by-september-30-823-929,iran-oman-hormuz-management-agreement-byptptpt-20260804222725871,0
4064,iran-oman-hormuz-agreement-by-august-22,iran-oman-hormuz-management-agreement-byptptpt-20260804222725871,0
4067,strait-of-hormuz-traffic-returns-to-normal-by-september-15-20260810150912478,strait-of-hormuz-traffic-returns-to-normal-by-september-15-20260810150912478,0
4068,israel-x-lebanon-diplomatic-meeting-by-september-30-2026-20260810145737301-824-184,israel-x-lebanon-diplomatic-meeting-byptptpt-20260810145737299,0
4069,israel-x-lebanon-diplomatic-meeting-by-august-31-2026-20260810145737300,israel-x-lebanon-diplomatic-meeting-byptptpt-20260810145737299,0
4073,will-abbas-araghchi-attend-a-us-x-iran-diplomatic-meeting-by-december-31-2026-20260812154221268,who-will-attend-a-round-of-us-iran-peace-talks-by-december-31-20260812153824803,0
4077,will-jared-kushner-attend-a-us-x-iran-diplomatic-meeting-by-december-31-2026-20260812154221265,who-will-attend-a-round-of-us-iran-peace-talks-by-december-31-20260812153824803,0
4078,will-steve-witkoff-attend-a-us-x-iran-diplomatic-meeting-by-december-31-2026-20260812154221266,who-will-attend-a-round-of-us-iran-peace-talks-by-december-31-20260812153824803,0
4083,will-mohammed-bin-abdulrahman-al-thani-attend-a-us-x-iran-diplomatic-meeting-by-december-31-2026-20260812154221277,who-will-attend-a-round-of-us-iran-peace-talks-by-december-31-20260812153824803,0
4089,will-fewer-than-25-ships-transit-the-strait-of-hormuz-between-august-17-august-23,how-many-ships-transit-the-strait-of-hormuz-week-of-august-17-1786700461690,0
4090,will-25-49-ships-transit-the-strait-of-hormuz-between-august-17-august-23,how-many-ships-transit-the-strait-of-hormuz-week-of-august-17-1786700461690,0
4091,will-50-74-ships-transit-the-strait-of-hormuz-between-august-17-august-23,how-many-ships-transit-the-strait-of-hormuz-week-of-august-17-1786700461690,0
4092,will-75-99-ships-transit-the-strait-of-hormuz-between-august-17-august-23,how-many-ships-transit-the-strait-of-hormuz-week-of-august-17-1786700461690,0
4093,will-100-or-more-ships-transit-the-strait-of-hormuz-between-august-17-august-23,how-many-ships-transit-the-strait-of-hormuz-week-of-august-17-1786700461690,0
4094,will-iran-barbosa-win-the-most-votes-in-the-2026-sergipe-senate-election,sergipe-senate-election-1st-place,0
4095,will-iran-barbosa-win-the-second-most-votes-in-the-2026-sergipe-senate-election,sergipe-senate-election-2nd-place,0
4096,us-x-iran-diplomatic-meeting-by-december-31-2026-745,next-round-of-us-iran-peace-talks-byptptpt-20260623022722982,0
4097,us-x-iran-diplomatic-meeting-by-march-31-2027-491,next-round-of-us-iran-peace-talks-byptptpt-20260623022722982,0
4098,us-x-iran-ceasefire-continues-through-august-25,us-ceasefire-against-iran-continues-throughptptpt,0
4099,us-x-iran-ceasefire-continues-through-august-31,us-ceasefire-against-iran-continues-throughptptpt,0
4100,us-x-iran-ceasefire-continues-through-september-15,us-ceasefire-against-iran-continues-throughptptpt,0
4101,us-x-iran-ceasefire-continues-through-september-30,us-ceasefire-against-iran-continues-throughptptpt,0
4102,us-x-iran-ceasefire-continues-through-august-22,us-ceasefire-against-iran-continues-throughptptpt,0
4103,us-iran-hormuz-agreement-by-september-15,us-iran-hormuz-agreement-byptptpt-20260803235957575,0
4104,us-iran-hormuz-agreement-by-september-30,us-iran-hormuz-agreement-byptptpt-20260803235957575,0
4105,israel-military-action-against-yemen-by-september-30,israel-military-action-against-yemen-byptptpt-20260714001321874,0
4106,israel-closes-its-airspace-by-september-30,israel-closes-its-airspace-by,0
4107,us-announces-end-of-iranian-blockade-by-september-21-2026,us-announces-end-of-iranian-blockade-byptptpt-20260713152715080,0
4108,us-announces-end-of-iranian-blockade-by-september-14-2026,us-announces-end-of-iranian-blockade-byptptpt-20260713152715080,0
4109,us-announces-end-of-iranian-blockade-by-september-7-2026,us-announces-end-of-iranian-blockade-byptptpt-20260713152715080,0
4113,houthis-successfully-target-shipping-by-august-31-2026,houthis-successfully-target-shipping-byptptpt,0
4114,houthis-successfully-target-shipping-by-september-15-2026,houthis-successfully-target-shipping-byptptpt,0
4115,houthis-successfully-target-shipping-by-september-30-2026,houthis-successfully-target-shipping-byptptpt,0
4116,israel-military-action-against-syria-by-august-31-2026,israel-military-action-against-syria-byptptpt,0
4117,israel-military-action-against-syria-by-september-15-2026,israel-military-action-against-syria-byptptpt,0
4118,israel-military-action-against-syria-by-september-30-2026,israel-military-action-against-syria-byptptpt,0
4119,will-iran-target-an-arab-country-by-august-22-2026,will-iran-target-an-arab-country-byptptpt,0
4120,will-iran-target-an-arab-country-by-august-31-2026,will-iran-target-an-arab-country-byptptpt,0
4121,will-iran-target-saudi-arabia-by-august-31-2026,will-iran-target-saudi-arabia-byptptpt,0
4122,will-iran-target-saudi-arabia-by-september-30-2026,will-iran-target-saudi-arabia-byptptpt,0
4123,will-iran-target-saudi-arabia-by-september-15-2026,will-iran-target-saudi-arabia-byptptpt,0
4124,will-iran-target-united-arab-emirates-by-september-30-2026,will-iran-target-the-united-arab-emirates-byptptpt,0
4125,will-iran-target-united-arab-emirates-by-august-31-2026,will-iran-target-the-united-arab-emirates-byptptpt,0
4126,will-iran-target-united-arab-emirates-by-september-15-2026,will-iran-target-the-united-arab-emirates-byptptpt,0
4127,will-iran-target-iraq-by-august-31-2026,will-iran-target-iraq-byptptpt,0
4128,will-iran-target-iraq-by-september-15-2026,will-iran-target-iraq-byptptpt,0
4129,will-iran-target-iraq-by-september-30-2026,will-iran-target-iraq-byptptpt,0
4130,will-iran-target-egypt-by-august-31-2026,will-iran-target-egypt-byptptpt,0
4131,will-iran-target-egypt-by-september-15-2026,will-iran-target-egypt-byptptpt,0
4132,will-iran-target-egypt-by-september-30-2026,will-iran-target-egypt-byptptpt,0
4133,will-iran-target-jordan-by-september-15-2026,will-iran-target-jordan-byptptpt,0
4134,will-iran-target-jordan-by-august-31-2026,will-iran-target-jordan-byptptpt,0
4135,will-iran-target-jordan-by-september-30-2026,will-iran-target-jordan-byptptpt,0
4136,will-iran-target-syria-by-september-15-2026,will-iran-target-syria-byptptpt,0
4137,will-iran-target-syria-by-august-31-2026,will-iran-target-syria-byptptpt,0
4138,will-iran-target-syria-by-september-30-2026,will-iran-target-syria-byptptpt,0
4139,will-iran-target-kuwait-by-september-30-2026,will-iran-target-kuwait-byptptpt,0
4140,will-iran-target-kuwait-by-august-31-2026,will-iran-target-kuwait-byptptpt,0
4141,will-iran-target-kuwait-by-september-15-2026,will-iran-target-kuwait-byptptpt,0
4142,will-iran-target-bahrain-by-august-31-2026,will-iran-target-bahrain-byptptpt,0
4143,will-iran-target-bahrain-by-september-15-2026,will-iran-target-bahrain-byptptpt,0
4144,will-iran-target-bahrain-by-september-30-2026,will-iran-target-bahrain-byptptpt,0
4145,will-iran-target-oman-by-august-31-2026,will-iran-target-oman-byptptpt,0
4146,will-iran-target-oman-by-september-15-2026,will-iran-target-oman-byptptpt,0
4147,will-iran-target-oman-by-september-30-2026,will-iran-target-oman-byptptpt,0
4148,will-iran-target-qatar-by-august-31-2026,will-iran-target-qatar-byptptpt,0
4149,will-iran-target-qatar-by-september-15-2026,will-iran-target-qatar-byptptpt,0
4150,will-iran-target-qatar-by-september-30-2026,will-iran-target-qatar-byptptpt,0
4151,us-x-iran-ceasefire-continues-through-october-31,us-ceasefire-against-iran-continues-throughptptpt,0
4152,another-iranian-diplomat-expelled-by-september-30-2026,another-iranian-diplomat-expelled-byptptpt,0
4153,another-iranian-diplomat-expelled-by-august-31-2026,another-iranian-diplomat-expelled-byptptpt,0
4156,will-fewer-than-25-ships-transit-the-strait-of-hormuz-between-august-24-august-30,how-many-ships-transit-the-strait-of-hormuz-week-of-august-24,0
4157,will-25-49-ships-transit-the-strait-of-hormuz-between-august-24-august-30,how-many-ships-transit-the-strait-of-hormuz-week-of-august-24,0
4158,will-50-74-ships-transit-the-strait-of-hormuz-between-august-24-august-30,how-many-ships-transit-the-strait-of-hormuz-week-of-august-24,0
4159,will-75-99-ships-transit-the-strait-of-hormuz-between-august-24-august-30,how-many-ships-transit-the-strait-of-hormuz-week-of-august-24,0
4160,will-100-or-more-ships-transit-the-strait-of-hormuz-between-august-24-august-30,how-many-ships-transit-the-strait-of-hormuz-week-of-august-24,0
4161,us-imposes-new-sanctions-on-iran-by-monday,us-imposes-new-sanctions-on-iran-by-monday,0
4162,trump-issues-iran-sanctions-executive-order-by-aug-28-689,trump-issues-iran-sanctions-executive-order-by-aug-28,0
4163,israel-x-lebanon-diplomatic-meeting-by-september-15-2026-159-758,israel-x-lebanon-diplomatic-meeting-byptptpt-20260810145737299,0
4164,will-there-be-saudi-arabian-military-action-against-yemen-by-september-15-2026,saudi-arabia-military-action-against-yemen-byptptpt-20260808162019737,0
4165,will-there-be-saudi-arabian-military-action-against-yemen-by-september-30-2026,saudi-arabia-military-action-against-yemen-byptptpt-20260808162019737,0
4166,israel-military-action-against-syria-by-august-31-2026-21,israel-military-action-against-syria-byptptpt-21,0
4167,israel-military-action-against-syria-by-september-15-2026-21,israel-military-action-against-syria-byptptpt-21,0
4168,israel-military-action-against-syria-by-september-30-2026-21,israel-military-action-against-syria-byptptpt-21,0
4169,will-iran-target-an-arab-country-by-august-22-2026-copy,houthis-target-saudi-arabia-byptptpt,0
4170,will-iran-target-an-arab-country-by-august-31-2026-copy,houthis-target-saudi-arabia-byptptpt,0
4171,iran-successfully-targets-shipping-by-august-26-2026,iran-successfully-targets-shipping-byptptpt-21,0
4172,iran-successfully-targets-shipping-by-august-31-2026-12,iran-successfully-targets-shipping-byptptpt-21,0
4173,israel-x-lebanon-diplomatic-meeting-by-september-9-2026,israel-x-lebanon-diplomatic-meeting-byptptpt-20260810145737299,0
4179,will-iran-target-an-arab-country-by-september-30-2026,will-iran-target-an-arab-country-byptptpt,0
4180,will-iran-target-an-arab-country-by-september-15-2026,will-iran-target-an-arab-country-byptptpt,0
4181,will-there-be-houthi-military-action-against-israel-by-september-30-2026,houthi-military-action-against-israel-byptptpt-20260714210303206,0
4185,trump-issues-iran-sanctions-executive-order-by-september-15,trump-issues-iran-sanctions-executive-order-by-aug-28,0
4186,trump-issues-iran-sanctions-executive-order-by-september-30,trump-issues-iran-sanctions-executive-order-by-aug-28,0
4187,israel-military-action-against-greater-beirut-by-september-30,israel-military-action-against-beirut-byptptpt-20260708221422557,0
4188,israel-x-hezbollah-diplomatic-meeting-by-september-30-2026,israel-x-hezbollah-diplomatic-meeting-byptptpt-20260706181026740,0
4189,israeli-forces-enter-beirut-by-september-30,israeli-forces-enter-beirut-by-475,0
4190,israeli-forces-enter-tyre-by-september-30,israeli-forces-enter-tyre-by,0
4191,israeli-forces-enter-nabatieh-by-september-30,israeli-forces-enter-nabatieh-by,0
4192,israeli-forces-enter-choukine-by-september-30,israeli-forces-enter-choukine-by,0
4193,0-ships-transit-hormuz-on-any-date-by-september-30,0-ships-transit-hormuz-on-any-date-byptpt-20260626172559966,0
4194,us-reissues-iran-oil-sanction-relief-by-september-30,us-reissues-iran-oil-sales-sanction-relief-byptptpt-20260708142359046,0
4197,greater-tunb-island-no-longer-under-iranian-control-by-september-30,greater-tunb-island-no-longer-under-iranian-control-byptptpt-20260720014332851,0
4198,abu-musa-island-no-longer-under-iranian-control-by-september-30,abu-musa-island-no-longer-under-iranian-control-byptptpt-20260720011758214,0
4199,hormuz-island-no-longer-under-iranian-control-by-september-30,hormuz-island-no-longer-under-iranian-control-byptptpt-20260720014603391,0
4200,hengam-island-no-longer-under-iranian-control-by-september-30,hengam-island-no-longer-under-iranian-control-byptptpt-20260720014859845,0
4201,farsi-island-no-longer-under-iranian-control-by-september-30,farsi-island-no-longer-under-iranian-control-byptptpt-20260720015111488,0
4202,will-trump-meet-with-benjamin-netanyahu-in-september-2026-20260826,who-will-trump-meet-with-in-september-20260826,0
4203,will-trump-speak-to-mojtaba-khamenei-in-september,who-will-trump-speak-to-in-september,0
4204,will-usd-be-less-than-1pt7m-iranian-rials-on-september-30,usd-x-iranian-rials-end-of-september,0
4205,will-usd-be-between-1pt7m-and-1pt8m-iranian-rials-on-september-30,usd-x-iranian-rials-end-of-september,0
4206,will-usd-be-between-1pt8m-and-1pt9m-iranian-rials-on-september-30,usd-x-iranian-rials-end-of-september,0
4207,will-usd-be-between-1pt9m-and-2pt0m-iranian-rials-on-september-30,usd-x-iranian-rials-end-of-september,0
4208,will-usd-be-between-2pt0m-and-2pt1m-iranian-rials-on-september-30,usd-x-iranian-rials-end-of-september,0
4209,will-usd-be-between-2pt1m-and-2pt2m-iranian-rials-on-september-30,usd-x-iranian-rials-end-of-september,0
4210,will-usd-be-at-least-2pt2m-iranian-rials-on-september-30,usd-x-iranian-rials-end-of-september,0
4219,will-30-ships-transit-the-strait-of-hormuz-on-any-day-by-september-30-2026,will-ships-transit-the-strait-of-hormuz-on-any-day-by-september-30,0
4220,will-50-ships-transit-the-strait-of-hormuz-on-any-day-by-september-30-2026,will-ships-transit-the-strait-of-hormuz-on-any-day-by-september-30,0
4221,will-60-ships-transit-the-strait-of-hormuz-on-any-day-by-september-30-2026,will-ships-transit-the-strait-of-hormuz-on-any-day-by-september-30,0
4222,will-40-ships-transit-the-strait-of-hormuz-on-any-day-by-september-30-2026,will-ships-transit-the-strait-of-hormuz-on-any-day-by-september-30,0
4223,will-80-ships-transit-the-strait-of-hormuz-on-any-day-by-september-30-2026,will-ships-transit-the-strait-of-hormuz-on-any-day-by-september-30,0
4224,will-there-be-between-0-and-5-average-daily-transits-of-the-strait-of-hormuz-on-september-30,avgpt-of-ships-transiting-strait-of-hormuz-end-of-september,0
4225,will-there-be-between-5-and-10-average-daily-transits-of-the-strait-of-hormuz-on-september-30,avgpt-of-ships-transiting-strait-of-hormuz-end-of-september,0
4226,will-there-be-between-10-and-15-average-daily-transits-of-the-strait-of-hormuz-on-september-30,avgpt-of-ships-transiting-strait-of-hormuz-end-of-september,0
4227,will-there-be-between-15-and-20-average-daily-transits-of-the-strait-of-hormuz-on-september-30,avgpt-of-ships-transiting-strait-of-hormuz-end-of-september,0
4228,will-there-be-between-20-and-25-average-daily-transits-of-the-strait-of-hormuz-on-september-30,avgpt-of-ships-transiting-strait-of-hormuz-end-of-september,0
4229,will-there-be-between-25-and-30-average-daily-transits-of-the-strait-of-hormuz-on-september-30,avgpt-of-ships-transiting-strait-of-hormuz-end-of-september,0
4230,will-there-be-30-or-more-average-daily-transits-of-the-strait-of-hormuz-on-september-30,avgpt-of-ships-transiting-strait-of-hormuz-end-of-september,0
4231,israel-x-lebanon-diplomatic-meeting-by-september-13-2026,israel-x-lebanon-diplomatic-meeting-byptptpt-20260810145737299,0
4232,israel-x-lebanon-diplomatic-meeting-by-september-11-2026,israel-x-lebanon-diplomatic-meeting-byptptpt-20260810145737299,0
4233,iran-oman-hormuz-agreement-by-september-14,iran-oman-hormuz-management-agreement-byptptpt-20260804222725871,0
4234,iran-oman-hormuz-agreement-by-september-21,iran-oman-hormuz-management-agreement-byptptpt-20260804222725871,0
4235,iran-oman-hormuz-agreement-by-september-7,iran-oman-hormuz-management-agreement-byptptpt-20260804222725871,0
4237,will-fewer-than-20-ships-transit-the-strait-of-hormuz-between-august-31-september-6,how-many-ships-transit-the-strait-of-hormuz-week-of-august-31,0
4238,will-20-39-ships-transit-the-strait-of-hormuz-between-august-31-september-6,how-many-ships-transit-the-strait-of-hormuz-week-of-august-31,0
4239,will-40-59-ships-transit-the-strait-of-hormuz-between-august-31-september-6,how-many-ships-transit-the-strait-of-hormuz-week-of-august-31,0
4240,will-60-79-ships-transit-the-strait-of-hormuz-between-august-31-september-6,how-many-ships-transit-the-strait-of-hormuz-week-of-august-31,0
4241,will-80-or-more-ships-transit-the-strait-of-hormuz-between-august-31-september-6,how-many-ships-transit-the-strait-of-hormuz-week-of-august-31,0
4242,israel-election-otzma-yehudit-rzp-run-on-same-list,israel-election-otzma-yehudit-rzp-run-on-same-list,0
4243,israel-election-zehut-amcha-israel-run-on-same-list,israel-election-zehut-amcha-israel-run-on-same-list,0
4244,israel-election-unity-party-blue-and-white-run-on-same-list,israel-election-unity-party-blue-and-white-run-on-same-list,0
4245,israel-election-likud-rzp-run-on-same-list,israel-election-likud-rzp-run-on-same-list,0
4246,israel-election-zionist-home-blue-and-white-run-on-same-list,israel-election-zionist-home-blue-and-white-run-on-same-list,0
4247,israel-election-otzma-yehudit-noam-run-on-same-list,israel-election-otzma-yehudit-noam-run-on-same-list,0
4248,israel-election-zehut-rzp-run-on-same-list,israel-election-zehut-rzp-run-on-same-list,0
4249,will-iran-target-jordan-by-september-15-2026-20260831,will-iran-target-jordan-byptptpt-20260831,0
4250,will-iran-target-jordan-by-september-30-2026-20260831,will-iran-target-jordan-byptptpt-20260831,0
4251,will-iran-target-an-arab-country-by-september-15-2026-20260831,will-iran-target-an-arab-country-byptptpt-20260831,0
4252,will-iran-target-an-arab-country-by-september-30-2026-20260831,will-iran-target-an-arab-country-byptptpt-20260831,0
4260,us-x-iran-ceasefire-continues-through-september-30-20260901,us-ceasefire-against-iran-continues-throughptptpt-20260901,0
4261,israel-election-yashar-together-run-on-same-list,israel-election-yashar-together-run-on-same-list,0
4265,us-x-iran-effective-ceasefire-by-september-4,us-x-iran-effective-ceasefire-begins-byptptpt-2-week-pause,0
4266,us-x-iran-effective-ceasefire-by-september-18,us-x-iran-effective-ceasefire-begins-byptptpt-2-week-pause,0
4267,us-x-iran-effective-ceasefire-by-september-11,us-x-iran-effective-ceasefire-begins-byptptpt-2-week-pause,0
4268,us-x-iran-effective-ceasefire-by-september-30,us-x-iran-effective-ceasefire-begins-byptptpt-2-week-pause,0
4269,israel-x-syria-diplomatic-meeting-by-september-30-2026,israel-x-syria-diplomatic-meeting-byptptpt,0
4271,us-x-iran-diplomatic-meeting-by-october-31-2026,next-round-of-us-iran-peace-talks-byptptpt-20260623022722982,0
4273,will-iran-target-an-arab-country-by-september-11-2026,will-iran-target-an-arab-country-byptptpt-20260901,0
4274,will-iran-target-an-arab-country-by-september-18-2026,will-iran-target-an-arab-country-byptptpt-20260901,0
4275,iran-blockade-lifted-before-xi-visits-us,iran-blockade-lifted-before-xi-visits-us,0
4276,us-x-iran-effective-ceasefire-by-september-7,us-x-iran-effective-ceasefire-begins-byptptpt-2-week-pause,0
4277,israel-x-lebanon-effective-ceasefire-by-september-18,israel-x-lebanon-effective-ceasefire-begins-byptptpt-2-week-pause,0
4278,israel-x-lebanon-effective-ceasefire-by-september-4,israel-x-lebanon-effective-ceasefire-begins-byptptpt-2-week-pause,0
4279,israel-x-lebanon-effective-ceasefire-by-september-7,israel-x-lebanon-effective-ceasefire-begins-byptptpt-2-week-pause,0
4280,israel-x-lebanon-effective-ceasefire-by-september-11,israel-x-lebanon-effective-ceasefire-begins-byptptpt-2-week-pause,0
4282,israel-military-action-against-lebanon-on-september-5-20260903,israel-military-action-against-lebanon-onptptpt-20260903,0
4283,israel-military-action-against-lebanon-on-september-3-20260903,israel-military-action-against-lebanon-onptptpt-20260903,0
4284,israel-military-action-against-lebanon-on-september-4-20260903,israel-military-action-against-lebanon-onptptpt-20260903,0
4285,israel-military-action-against-lebanon-on-september-6-20260903,israel-military-action-against-lebanon-onptptpt-20260903,0
4286,israel-military-action-against-lebanon-on-september-13-20260903,israel-military-action-against-lebanon-onptptpt-20260903,0
4287,israel-military-action-against-lebanon-on-september-7-20260903,israel-military-action-against-lebanon-onptptpt-20260903,0
4288,israel-military-action-against-lebanon-on-september-8-20260903,israel-military-action-against-lebanon-onptptpt-20260903,0
4289,israel-military-action-against-lebanon-on-september-9-20260903,israel-military-action-against-lebanon-onptptpt-20260903,0
4290,israel-military-action-against-lebanon-on-september-10-20260903,israel-military-action-against-lebanon-onptptpt-20260903,0
4291,israel-military-action-against-lebanon-on-september-11-20260903,israel-military-action-against-lebanon-onptptpt-20260903,0
4292,israel-military-action-against-lebanon-on-september-16-20260903,israel-military-action-against-lebanon-onptptpt-20260903,0
4293,israel-military-action-against-lebanon-on-september-12-20260903,israel-military-action-against-lebanon-onptptpt-20260903,0
4294,israel-military-action-against-lebanon-on-september-15-20260903,israel-military-action-against-lebanon-onptptpt-20260903,0
4295,israel-military-action-against-lebanon-on-september-20-20260903,israel-military-action-against-lebanon-onptptpt-20260903,0
4296,israel-military-action-against-lebanon-on-september-21-20260903,israel-military-action-against-lebanon-onptptpt-20260903,0
4297,israel-military-action-against-lebanon-on-september-14-20260903,israel-military-action-against-lebanon-onptptpt-20260903,0
4298,israel-military-action-against-lebanon-on-september-17-20260903,israel-military-action-against-lebanon-onptptpt-20260903,0
4299,israel-military-action-against-lebanon-on-september-19-20260903,israel-military-action-against-lebanon-onptptpt-20260903,0
4300,israel-military-action-against-lebanon-on-september-18-20260903,israel-military-action-against-lebanon-onptptpt-20260903,0
4301,israel-military-action-against-lebanon-on-september-22-20260903,israel-military-action-against-lebanon-onptptpt-20260903,0
4302,israel-military-action-against-lebanon-on-september-23-20260903,israel-military-action-against-lebanon-onptptpt-20260903,0
4303,israel-military-action-against-lebanon-on-september-24-20260903,israel-military-action-against-lebanon-onptptpt-20260903,0
4304,israel-military-action-against-lebanon-on-september-26-20260903,israel-military-action-against-lebanon-onptptpt-20260903,0
4305,israel-military-action-against-lebanon-on-september-25-20260903,israel-military-action-against-lebanon-onptptpt-20260903,0
4306,israel-military-action-against-lebanon-on-september-27-20260903,israel-military-action-against-lebanon-onptptpt-20260903,0
4307,israel-military-action-against-lebanon-on-september-29-20260903,israel-military-action-against-lebanon-onptptpt-20260903,0
4308,israel-military-action-against-lebanon-on-september-28-20260903,israel-military-action-against-lebanon-onptptpt-20260903,0
4309,israel-military-action-against-lebanon-on-september-30-20260903,israel-military-action-against-lebanon-onptptpt-20260903,0
4310,0-ships-transit-hormuz-on-any-date-by-october-31,0-ships-transit-hormuz-on-any-date-byptpt-20260626172559966,0
4312,will-fewer-than-20-ships-transit-the-strait-of-hormuz-between-september-7-september-13,how-many-ships-transit-the-strait-of-hormuz-week-of-september-7,0
4313,will-20-24-ships-transit-the-strait-of-hormuz-between-september-7-september-13,how-many-ships-transit-the-strait-of-hormuz-week-of-september-7,0
4314,will-25-29-ships-transit-the-strait-of-hormuz-between-september-7-september-13,how-many-ships-transit-the-strait-of-hormuz-week-of-september-7,0
4315,will-30-34-ships-transit-the-strait-of-hormuz-between-september-7-september-13,how-many-ships-transit-the-strait-of-hormuz-week-of-september-7,0
4316,will-35-39-ships-transit-the-strait-of-hormuz-between-september-7-september-13,how-many-ships-transit-the-strait-of-hormuz-week-of-september-7,0
4317,will-40-or-more-ships-transit-the-strait-of-hormuz-between-september-7-september-13,how-many-ships-transit-the-strait-of-hormuz-week-of-september-7,0
4318,will-iran-target-an-arab-country-by-september-15-2026-20260903,will-iran-target-an-arab-country-byptptpt-20260903,0
4319,will-iran-target-an-arab-country-by-september-30-2026-20260903,will-iran-target-an-arab-country-byptptpt-20260903,0
4320,will-iran-target-jordan-by-september-15-2026-20260903,will-iran-target-jordan-byptptpt-20260903,0
4321,will-iran-target-jordan-by-september-30-2026-20260903,will-iran-target-jordan-byptptpt-20260903,0
4322,putin-meets-with-iranian-officials-by-december-31,putin-meets-with-iranian-officials-by-december-31,0
4329,will-usd-be-less-than-2pt2m-iranian-rials-on-september-30,usd-x-iranian-rials-end-of-september-higher-strikes,0
4330,will-usd-be-between-2pt2m-and-2pt5m-iranian-rials-on-september-30,usd-x-iranian-rials-end-of-september-higher-strikes,0
4331,will-usd-be-between-2pt5m-and-2pt8m-iranian-rials-on-september-30,usd-x-iranian-rials-end-of-september-higher-strikes,0
4332,will-usd-be-between-2pt8m-and-3pt1m-iranian-rials-on-september-30,usd-x-iranian-rials-end-of-september-higher-strikes,0
4333,will-usd-be-at-least-3pt1m-iranian-rials-on-september-30,usd-x-iranian-rials-end-of-september-higher-strikes,0
4334,israel-election-zionist-home-yashar-run-on-same-list,israel-election-zionist-home-yashar-run-on-same-list,0
4335,israel-election-the-reservists-blue-and-white-run-on-same-list,israel-election-the-reservists-blue-and-white-run-on-same-list,0
4336,israel-election-new-economic-party-amcha-yisrael-run-on-same-list,israel-election-new-economic-party-amcha-yisrael-run-on-same-list,0
4337,will-israeli-forces-withdraw-from-beyond-the-litani-river-by-september-30,israeli-forces-withdraw-from-beyond-the-litani-river-by-20260607234645733,0
4341,will-iran-target-united-arab-emirates-by-september-30-2026-20260907,will-iran-target-united-arab-emirates-byptptpt-20260907,0
4342,will-iran-target-united-arab-emirates-by-september-15-2026-20260907,will-iran-target-united-arab-emirates-byptptpt-20260907,0
4344,will-iran-target-iraq-by-september-15-2026-20260907,will-iran-target-iraq-byptptpt-20260907,0
4345,will-iran-target-kuwait-by-september-15-2026-20260907,will-iran-target-kuwait-byptptpt-20260907,0
4346,will-iran-target-kuwait-by-september-30-2026-20260907,will-iran-target-kuwait-byptptpt-20260907,0
4347,will-iran-target-bahrain-by-september-15-2026-20260907,will-iran-target-bahrain-byptptpt-20260907,0
4348,will-iran-target-bahrain-by-september-30-2026-20260907,will-iran-target-bahrain-byptptpt-20260907,0
4350,will-iran-target-an-arab-country-by-october-31-2026-20260909,will-iran-target-an-arab-country-by-20260909,0
4351,will-iran-target-jordan-by-september-30-2026-20260909,will-iran-target-jordan-by-20260909,0
4353,will-houthis-target-saudi-arabia-by-september-30-2026-20260909,houthis-target-saudi-arabia-by-20260909,0
4354,will-houthis-target-saudi-arabia-by-october-31-2026-20260909,houthis-target-saudi-arabia-by-20260909,0
4355,pakistan-military-action-against-yemen-by-september-30-2026-20260909,pakistan-military-action-against-yemen-by-20260909,0
4358,israel-x-lebanon-diplomatic-meeting-by-september-18-2026,israel-x-lebanon-diplomatic-meeting-byptptpt-20260810145737299,0
4359,israel-x-lebanon-diplomatic-meeting-by-september-25-2026,israel-x-lebanon-diplomatic-meeting-byptptpt-20260810145737299,0
4360,will-iran-target-an-arab-country-by-september-15-2026-20260909,will-iran-target-an-arab-country-by-20260909,0
4361,israel-x-iran-ceasefire-continues-through-september-15,israel-x-iran-ceasefire-continues-throughptptpt-20260716224448963,0
4362,will-the-houthis-successfully-target-shipping-by-july-31-2026-20260708165455693-459-copy,houthis-successfully-target-shipping-bylptptpt,0
4363,will-the-houthis-successfully-target-shipping-by-august-31-2026-20260708165455694-787-copy,houthis-successfully-target-shipping-bylptptpt,0
4364,will-the-houthis-successfully-target-shipping-by-august-15-2026-copy,houthis-successfully-target-shipping-bylptptpt,0
4366,houthis-enter-aden-by-september-30-2026,houthis-enter-aden-byptptpt,0
4368,houthis-seize-an-oil-tanker-by-september-15-2026,houthis-seize-an-oil-tanker-by,0
4369,houthis-seize-an-oil-tanker-by-september-30-2026,houthis-seize-an-oil-tanker-by,0
4371,will-fewer-than-20-ships-transit-the-strait-of-hormuz-between-september-14-september-20,how-many-ships-transit-the-strait-of-hormuz-week-of-september-14,0
4372,will-20-24-ships-transit-the-strait-of-hormuz-between-september-14-september-20,how-many-ships-transit-the-strait-of-hormuz-week-of-september-14,0
4373,will-25-29-ships-transit-the-strait-of-hormuz-between-september-14-september-20,how-many-ships-transit-the-strait-of-hormuz-week-of-september-14,0
4374,will-30-34-ships-transit-the-strait-of-hormuz-between-september-14-september-20,how-many-ships-transit-the-strait-of-hormuz-week-of-september-14,0
4375,will-35-39-ships-transit-the-strait-of-hormuz-between-september-14-september-20,how-many-ships-transit-the-strait-of-hormuz-week-of-september-14,0
4376,will-40-or-more-ships-transit-the-strait-of-hormuz-between-september-14-september-20,how-many-ships-transit-the-strait-of-hormuz-week-of-september-14,0
4377,will-the-houthis-enter-saudi-arabia-by-september-30,houthis-enter-saudi-arabia-byptptpt,0
4379,will-the-houthis-enter-saudi-arabia-by-september-20,houthis-enter-saudi-arabia-byptptpt,0
4381,saudi-troops-fighting-in-yemen-by-september-30-2026,saudi-troops-fighting-in-yemen-by,0
4383,israel-x-lebanon-diplomatic-meeting-by-september-16-2026,israel-x-lebanon-diplomatic-meeting-byptptpt-20260810145737299,0
4384,israel-x-lebanon-diplomatic-meeting-by-september-17-2026,israel-x-lebanon-diplomatic-meeting-byptptpt-20260810145737299,0
4386,israeli-airspace-closed-by-september-30-2026,israeli-airspace-closed-by,0
4388,france-uk-or-germany-military-action-against-yemen-by-september-30-2026-20260914,france-uk-or-germany-military-action-against-yemen-by-20260914,0
4395,will-the-houthis-successfully-target-shipping-by-september-30-2026,houthis-successfully-target-shipping-bylptptpt,0
4396,will-the-houthis-successfully-target-shipping-by-september-18-2026,houthis-successfully-target-shipping-bylptptpt,0
4397,will-the-houthis-successfully-target-shipping-by-september-23-2026,houthis-successfully-target-shipping-bylptptpt,0
4401,saudi-arabia-military-action-against-yemen-on-september-18-20260916,saudi-arabia-military-action-against-yemen-on-20260916,0
4402,saudi-arabia-military-action-against-yemen-on-september-19-20260916,saudi-arabia-military-action-against-yemen-on-20260916,0
4414,saudi-arabia-military-action-against-iran-by-september-30-2026-20260916,saudi-arabia-military-action-against-iran-by-20260916,0
4424,houthi-military-action-against-saudi-arabia-on-september-19-20260916,houthi-military-action-against-saudi-arabia-on-20260916,0
4426,houthi-military-action-against-saudi-arabia-on-september-21-20260916,houthi-military-action-against-saudi-arabia-on-20260916,0
4435,houthi-military-action-against-saudi-arabia-on-september-29-20260916,houthi-military-action-against-saudi-arabia-on-20260916,0
4437,perim-island-no-longer-under-houthi-control-by-september-30-20260916,perim-island-no-longer-under-houthi-control-by-20260916,0
4441,us-x-iran-ceasefire-continues-through-september-30-20260917,us-iran-ceasefire-continues-throughptptpt,0
4442,us-x-iran-ceasefire-continues-through-september-20-20260917,us-iran-ceasefire-continues-throughptptpt,0
4443,us-x-iran-ceasefire-continues-through-september-25-20260917,us-iran-ceasefire-continues-throughptptpt,0
4448,shipping-targeted-in-hormuz-on-september-18-2026-20260917,shipping-successfully-targeted-in-hormuz-onptptpt,0
4449,shipping-targeted-in-hormuz-on-september-19-2026-20260917,shipping-successfully-targeted-in-hormuz-onptptpt,0
4452,shipping-targeted-in-hormuz-on-september-23-2026-20260917,shipping-successfully-targeted-in-hormuz-onptptpt,0
4461,will-trump-meet-with-netanyahu-by-september-30-2026-20260917,trump-meets-with-netanyahu-by-20260917,0
4462,saudi-houthi-ceasefire-agreement-announced-by-september-23,saudi-houthi-ceasefire-agreement-announced-by,0
4463,saudi-houthi-ceasefire-agreement-announced-by-september-30,saudi-houthi-ceasefire-agreement-announced-by,0
4467,us-x-yemen-ceasefire-continues-through-september-22-20260920,us-yemen-ceasefire-continues-throughptptpt,0
4468,us-x-yemen-ceasefire-continues-through-september-25-20260920,us-yemen-ceasefire-continues-throughptptpt,0
4469,us-x-yemen-ceasefire-continues-through-september-30-20260920,us-yemen-ceasefire-continues-throughptptpt,0
4490,will-iran-target-iraq-by-october-31-2026,will-iran-target-iraq-byptptpt-20260907,0
4495,netanyahu-and-pezeshkian-meet-by-september-30,netanyahu-and-pezeshkian-meet-by-september-30,0
4498,will-fewer-than-20-ships-transit-the-strait-of-hormuz-between-september-21-september-27,how-many-ships-transit-the-strait-of-hormuz-week-of-september-21,0
4499,will-20-24-ships-transit-the-strait-of-hormuz-between-september-21-september-27,how-many-ships-transit-the-strait-of-hormuz-week-of-september-21,0
4500,will-25-29-ships-transit-the-strait-of-hormuz-between-september-21-september-27,how-many-ships-transit-the-strait-of-hormuz-week-of-september-21,0
4501,will-30-34-ships-transit-the-strait-of-hormuz-between-september-21-september-27,how-many-ships-transit-the-strait-of-hormuz-week-of-september-21,0
4502,will-35-39-ships-transit-the-strait-of-hormuz-between-september-21-september-27,how-many-ships-transit-the-strait-of-hormuz-week-of-september-21,0
4503,will-40-or-more-ships-transit-the-strait-of-hormuz-between-september-21-september-27,how-many-ships-transit-the-strait-of-hormuz-week-of-september-21,0
4510,will-netanyahu-use-a-visual-aid-during-his-unga-speech,will-netanyahu-use-a-visual-aid-during-his-unga-speech,0
4511,israel-military-action-against-iraq-by-september-30-2026-20260922,israel-military-action-against-iraq-by-20260922,0
4513,us-x-iran-diplomatic-meeting-by-october-31-2026-20260922,next-us-iran-senior-diplomatic-meeting-byptptpt,0
4514,us-x-iran-diplomatic-meeting-by-march-31-2027-20260922,next-us-iran-senior-diplomatic-meeting-byptptpt,0
4538,israel-election-rzp-zehut-effectively-banned,israel-election-rzp-zehut-effectively-banned,0
4539,israel-election-the-democrats-effectively-banned,israel-election-the-democrats-effectively-banned,0
4540,israel-election-otzma-yehudit-effectively-banned,israel-election-otzma-yehudit-effectively-banned,0
4541,israel-election-ofer-cassif-effectively-banned,israel-election-ofer-cassif-effectively-banned,0
4542,israel-election-joint-list-effectively-banned,israel-election-joint-list-effectively-banned,0
4543,israel-election-raam-effectively-banned,israel-election-raam-effectively-banned,0
4544,israel-election-sami-abu-shehadeh-effectively-banned,israel-election-sami-abu-shehadeh-effectively-banned,0
4754,houthi-military-action-against-saudi-arabia-on-october-1,houthi-military-action-against-saudi-arabia-on-october-2026,0
4809,saudi-arabia-military-action-against-yemen-on-october-5,saudi-arabia-military-action-against-yemen-on-october-2026,0
4838,israel-military-action-against-lebanon-on-october-2,israel-military-action-against-lebanon-on-october-2026,0
4839,israel-military-action-against-lebanon-on-october-3,israel-military-action-against-lebanon-on-october-2026,0
4840,israel-military-action-against-lebanon-on-october-4,israel-military-action-against-lebanon-on-october-2026,0
4841,israel-military-action-against-lebanon-on-october-5,israel-military-action-against-lebanon-on-october-2026,0
